# Blender 5.0.0
# www.blender.org
mtllib Beaker.mtl
o beaker
v -0.099323 0.000009 0.000000
v -0.100296 0.000009 -0.004890
v -0.103066 0.000009 -0.009035
v -0.107211 0.000009 -0.011805
v -0.112101 0.000009 -0.012778
v -0.116991 0.000009 -0.011805
v -0.121137 0.000009 -0.009035
v -0.123907 0.000009 -0.004890
v -0.124879 0.000009 0.000000
v -0.123907 0.000009 0.004890
v -0.121137 0.000009 0.009035
v -0.116991 0.000009 0.011805
v -0.112101 0.000009 0.012778
v -0.107211 0.000009 0.011805
v -0.103066 0.000009 0.009035
v -0.100296 0.000009 0.004890
v -0.095146 0.053010 0.000000
v -0.096437 0.053010 -0.006489
v -0.100112 0.053010 -0.011989
v -0.105613 0.053010 -0.015665
v -0.112101 0.053010 -0.016955
v -0.118590 0.053010 -0.015665
v -0.124091 0.053011 -0.011988
v -0.128246 0.053003 -0.006497
v -0.132237 0.053039 0.000000
v -0.128246 0.053003 0.006497
v -0.124091 0.053011 0.011988
v -0.118590 0.053010 0.015665
v -0.112101 0.053010 0.016955
v -0.105613 0.053010 0.015665
v -0.100112 0.053010 0.011989
v -0.096437 0.053010 0.006489
v -0.095082 0.042112 0.000000
v -0.096377 0.042112 -0.006513
v -0.100067 0.042112 -0.012035
v -0.105588 0.042112 -0.015724
v -0.112101 0.042112 -0.017020
v -0.118614 0.042112 -0.015724
v -0.124136 0.042112 -0.012035
v -0.127807 0.042112 -0.006606
v -0.129378 0.045090 0.000000
v -0.127807 0.042112 0.006607
v -0.124136 0.042112 0.012035
v -0.118614 0.042112 0.015724
v -0.112101 0.042112 0.017020
v -0.105588 0.042112 0.015724
v -0.100067 0.042112 0.012035
v -0.096377 0.042112 0.006513
v -0.131781 0.051895 0.000000
v -0.095082 0.051771 0.000000
v -0.096377 0.051771 -0.006513
v -0.100067 0.051771 -0.012035
v -0.105588 0.051771 -0.015724
v -0.112101 0.051771 -0.017020
v -0.118614 0.051771 -0.015724
v -0.124136 0.051771 -0.012035
v -0.127694 0.051764 -0.007174
v -0.127694 0.051764 0.007174
v -0.124136 0.051771 0.012035
v -0.118614 0.051771 0.015724
v -0.112101 0.051771 0.017020
v -0.105588 0.051771 0.015724
v -0.100067 0.051771 0.012035
v -0.096377 0.051771 0.006513
v -0.128936 0.051826 0.004841
v -0.128936 0.051826 -0.004841
v -0.097686 0.001403 -0.005971
v -0.096982 0.002789 -0.006262
v -0.096598 0.004183 -0.006422
v -0.101068 0.001403 -0.011033
v -0.100530 0.002789 -0.011572
v -0.100235 0.004183 -0.011866
v -0.106130 0.001403 -0.014416
v -0.105839 0.002789 -0.015119
v -0.105679 0.004183 -0.015504
v -0.112101 0.001403 -0.015603
v -0.112101 0.002789 -0.016365
v -0.112101 0.004183 -0.016781
v -0.118072 0.001403 -0.014416
v -0.118364 0.002789 -0.015119
v -0.118523 0.004183 -0.015504
v -0.123135 0.001403 -0.011033
v -0.123673 0.002789 -0.011572
v -0.123967 0.004183 -0.011866
v -0.126517 0.001403 -0.005971
v -0.127220 0.002789 -0.006262
v -0.127605 0.004183 -0.006422
v -0.127705 0.001403 0.000000
v -0.128466 0.002789 0.000000
v -0.128882 0.004183 0.000000
v -0.126517 0.001403 0.005971
v -0.127220 0.002789 0.006262
v -0.127605 0.004183 0.006422
v -0.123135 0.001403 0.011033
v -0.123673 0.002789 0.011572
v -0.123967 0.004183 0.011866
v -0.118072 0.001403 0.014416
v -0.118364 0.002789 0.015119
v -0.118523 0.004183 0.015504
v -0.112101 0.001403 0.015603
v -0.112101 0.002789 0.016365
v -0.112101 0.004183 0.016781
v -0.106130 0.001403 0.014416
v -0.105839 0.002789 0.015119
v -0.105679 0.004183 0.015504
v -0.101068 0.001403 0.011033
v -0.100530 0.002789 0.011572
v -0.100235 0.004183 0.011866
v -0.097686 0.001403 0.005971
v -0.096982 0.002789 0.006262
v -0.096598 0.004183 0.006422
v -0.095320 0.004183 0.000000
v -0.095737 0.002789 0.000000
v -0.096498 0.001403 0.000000
v -0.098713 0.000227 -0.005546
v -0.101854 0.000227 -0.010247
v -0.106556 0.000227 -0.013388
v -0.112101 0.000227 -0.014491
v -0.117647 0.000227 -0.013388
v -0.122348 0.000227 -0.010247
v -0.125489 0.000227 -0.005546
v -0.126593 0.000227 0.000000
v -0.125489 0.000227 0.005546
v -0.122348 0.000227 0.010247
v -0.117647 0.000227 0.013388
v -0.112101 0.000227 0.014491
v -0.106556 0.000227 0.013388
v -0.101854 0.000227 0.010247
v -0.098713 0.000227 0.005546
v -0.097610 0.000227 0.000000
v -0.099531 0.000478 0.000000
v -0.100488 0.000478 -0.004810
v -0.103213 0.000478 -0.008888
v -0.107291 0.000478 -0.011613
v -0.112101 0.000478 -0.012570
v -0.116912 0.000478 -0.011613
v -0.120990 0.000478 -0.008888
v -0.123714 0.000478 -0.004810
v -0.124671 0.000478 0.000000
v -0.123714 0.000478 0.004810
v -0.120990 0.000478 0.008888
v -0.116912 0.000478 0.011613
v -0.112101 0.000478 0.012570
v -0.107291 0.000478 0.011613
v -0.103213 0.000478 0.008888
v -0.100488 0.000478 0.004810
v -0.095531 0.053010 0.000000
v -0.096793 0.053010 -0.006341
v -0.100385 0.053010 -0.011717
v -0.105760 0.053010 -0.015309
v -0.112101 0.053010 -0.016570
v -0.118442 0.053010 -0.015309
v -0.123821 0.053017 -0.011711
v -0.127870 0.053067 -0.006296
v -0.131905 0.053213 0.000000
v -0.127870 0.053067 0.006296
v -0.123821 0.053017 0.011711
v -0.118442 0.053010 0.015309
v -0.112101 0.053010 0.016570
v -0.105760 0.053010 0.015309
v -0.100385 0.053010 0.011717
v -0.096793 0.053010 0.006341
v -0.095595 0.042117 0.000000
v -0.096852 0.042117 -0.006317
v -0.100430 0.042117 -0.011671
v -0.105785 0.042117 -0.015249
v -0.112101 0.042117 -0.016506
v -0.118418 0.042117 -0.015249
v -0.123773 0.042117 -0.011671
v -0.127334 0.042126 -0.006407
v -0.128872 0.045173 0.000000
v -0.127334 0.042126 0.006407
v -0.123773 0.042117 0.011671
v -0.118418 0.042117 0.015249
v -0.112101 0.042117 0.016506
v -0.105785 0.042117 0.015249
v -0.100430 0.042117 0.011671
v -0.096852 0.042117 0.006317
v -0.131328 0.052119 0.000000
v -0.095596 0.051771 0.000000
v -0.096852 0.051771 -0.006316
v -0.100430 0.051771 -0.011671
v -0.105785 0.051771 -0.015249
v -0.112101 0.051771 -0.016506
v -0.118418 0.051771 -0.015249
v -0.123773 0.051772 -0.011670
v -0.127229 0.051784 -0.006948
v -0.127229 0.051784 0.006948
v -0.123773 0.051772 0.011670
v -0.118418 0.051771 0.015249
v -0.112101 0.051771 0.016506
v -0.105785 0.051771 0.015249
v -0.100430 0.051771 0.011671
v -0.096852 0.051771 0.006316
v -0.128469 0.051943 0.004670
v -0.128469 0.051943 -0.004670
v -0.098069 0.001707 -0.005812
v -0.097419 0.002988 -0.006082
v -0.097060 0.004298 -0.006230
v -0.101361 0.001707 -0.010740
v -0.100864 0.002988 -0.011238
v -0.100589 0.004298 -0.011512
v -0.106289 0.001707 -0.014032
v -0.106020 0.002988 -0.014683
v -0.105871 0.004298 -0.015042
v -0.112101 0.001707 -0.015189
v -0.112101 0.002988 -0.015892
v -0.112101 0.004298 -0.016281
v -0.117914 0.001707 -0.014032
v -0.118183 0.002988 -0.014683
v -0.118332 0.004298 -0.015042
v -0.122841 0.001707 -0.010740
v -0.123339 0.002988 -0.011238
v -0.123614 0.004298 -0.011512
v -0.126134 0.001707 -0.005812
v -0.126784 0.002988 -0.006082
v -0.127143 0.004298 -0.006230
v -0.127290 0.001707 0.000000
v -0.127993 0.002988 0.000000
v -0.128382 0.004298 0.000000
v -0.126134 0.001707 0.005812
v -0.126784 0.002988 0.006082
v -0.127143 0.004298 0.006230
v -0.122841 0.001707 0.010740
v -0.123339 0.002988 0.011238
v -0.123614 0.004298 0.011512
v -0.117914 0.001707 0.014032
v -0.118183 0.002988 0.014683
v -0.118332 0.004298 0.015042
v -0.112101 0.001707 0.015189
v -0.112101 0.002988 0.015892
v -0.112101 0.004298 0.016281
v -0.106289 0.001707 0.014032
v -0.106020 0.002988 0.014683
v -0.105871 0.004298 0.015042
v -0.101361 0.001707 0.010740
v -0.100864 0.002988 0.011238
v -0.100589 0.004298 0.011512
v -0.098069 0.001707 0.005812
v -0.097419 0.002988 0.006082
v -0.097060 0.004298 0.006230
v -0.095820 0.004298 0.000000
v -0.096209 0.002988 0.000000
v -0.096913 0.001707 0.000000
v -0.099032 0.000608 -0.005413
v -0.102099 0.000608 -0.010003
v -0.106688 0.000608 -0.013069
v -0.112101 0.000608 -0.014146
v -0.117515 0.000608 -0.013069
v -0.122104 0.000608 -0.010003
v -0.125170 0.000608 -0.005413
v -0.126247 0.000608 0.000000
v -0.125170 0.000608 0.005413
v -0.122104 0.000608 0.010003
v -0.117515 0.000608 0.013069
v -0.112101 0.000608 0.014146
v -0.106688 0.000608 0.013069
v -0.102099 0.000608 0.010003
v -0.099032 0.000608 0.005413
v -0.097956 0.000608 0.000000
v -0.096369 0.002092 -0.003129
v -0.098764 0.002092 -0.008912
v -0.103190 0.002092 -0.013337
v -0.108972 0.002092 -0.015732
v -0.115231 0.002092 -0.015732
v -0.121013 0.002092 -0.013337
v -0.125438 0.002092 -0.008912
v -0.127834 0.002092 -0.003129
v -0.127834 0.002092 0.003129
v -0.125438 0.002092 0.008912
v -0.121013 0.002092 0.013337
v -0.115231 0.002092 0.015732
v -0.108972 0.002092 0.015732
v -0.103190 0.002092 0.013337
v -0.098764 0.002092 0.008912
v -0.096369 0.002092 0.003129
v -0.095412 0.049457 -0.003320
v -0.097953 0.049457 -0.009454
v -0.102647 0.049457 -0.014149
v -0.108782 0.049457 -0.016689
v -0.115421 0.049457 -0.016689
v -0.121555 0.049457 -0.014149
v -0.126250 0.049457 -0.009454
v -0.128494 0.049457 -0.004814
v -0.128494 0.049457 0.004814
v -0.126250 0.049457 0.009454
v -0.121555 0.049457 0.014149
v -0.115421 0.049457 0.016689
v -0.108782 0.049457 0.016689
v -0.102647 0.049457 0.014149
v -0.097953 0.049457 0.009454
v -0.095412 0.049457 0.003320
v -0.130855 0.052762 0.003154
v -0.130338 0.050448 -0.001992
v -0.095412 0.052762 -0.003320
v -0.097953 0.052762 -0.009454
v -0.102647 0.052762 -0.014149
v -0.108782 0.052762 -0.016689
v -0.115421 0.052762 -0.016689
v -0.121555 0.052762 -0.014149
v -0.126250 0.052762 -0.009454
v -0.128174 0.052652 -0.006418
v -0.128174 0.052652 0.006418
v -0.126250 0.052762 0.009454
v -0.121555 0.052762 0.014149
v -0.115421 0.052762 0.016689
v -0.108782 0.052762 0.016689
v -0.102647 0.052762 0.014149
v -0.097953 0.052762 0.009454
v -0.095412 0.052762 0.003320
v -0.130338 0.050448 0.001992
v -0.130855 0.052762 -0.003154
v -0.095518 0.004881 -0.003299
v -0.095819 0.003486 -0.003239
v -0.097386 0.000732 -0.002927
v -0.098042 0.004881 -0.009394
v -0.098298 0.003486 -0.009223
v -0.099626 0.000732 -0.008336
v -0.102707 0.004881 -0.014059
v -0.102878 0.003486 -0.013804
v -0.103766 0.000732 -0.012475
v -0.108803 0.004881 -0.016584
v -0.108862 0.003486 -0.016282
v -0.109174 0.000732 -0.014715
v -0.115400 0.004881 -0.016584
v -0.115340 0.003486 -0.016282
v -0.115028 0.000732 -0.014715
v -0.121495 0.004881 -0.014059
v -0.121325 0.003486 -0.013804
v -0.120437 0.000732 -0.012475
v -0.126160 0.004881 -0.009394
v -0.125905 0.003486 -0.009223
v -0.124576 0.000732 -0.008336
v -0.128685 0.004881 -0.003299
v -0.128384 0.003486 -0.003239
v -0.126817 0.000732 -0.002927
v -0.128685 0.004881 0.003299
v -0.128384 0.003486 0.003239
v -0.126817 0.000732 0.002927
v -0.126160 0.004881 0.009394
v -0.125905 0.003486 0.009223
v -0.124576 0.000732 0.008336
v -0.121495 0.004881 0.014059
v -0.121325 0.003486 0.013804
v -0.120437 0.000732 0.012475
v -0.115400 0.004881 0.016584
v -0.115340 0.003486 0.016282
v -0.115028 0.000732 0.014715
v -0.108803 0.004881 0.016584
v -0.108862 0.003486 0.016282
v -0.109174 0.000732 0.014715
v -0.102707 0.004881 0.014059
v -0.102878 0.003486 0.013804
v -0.103766 0.000732 0.012475
v -0.098042 0.004881 0.009394
v -0.098298 0.003486 0.009223
v -0.099626 0.000732 0.008336
v -0.095518 0.004881 0.003299
v -0.095819 0.003486 0.003239
v -0.097386 0.000732 0.002927
v -0.098083 0.000035 -0.002788
v -0.100217 0.000035 -0.007941
v -0.104160 0.000035 -0.011884
v -0.109313 0.000035 -0.014018
v -0.114890 0.000035 -0.014018
v -0.120042 0.000035 -0.011884
v -0.123986 0.000035 -0.007941
v -0.126120 0.000035 -0.002788
v -0.126120 0.000035 0.002788
v -0.123986 0.000035 0.007941
v -0.120042 0.000035 0.011884
v -0.114890 0.000035 0.014018
v -0.109313 0.000035 0.014018
v -0.104160 0.000035 0.011884
v -0.100217 0.000035 0.007941
v -0.098083 0.000035 0.002788
v -0.112101 0.000000 0.000000
v -0.096806 0.002344 -0.003042
v -0.099135 0.002344 -0.008664
v -0.103437 0.002344 -0.012967
v -0.109059 0.002344 -0.015295
v -0.115144 0.002344 -0.015295
v -0.120765 0.002344 -0.012967
v -0.125068 0.002344 -0.008664
v -0.127397 0.002344 -0.003042
v -0.127397 0.002344 0.003042
v -0.125068 0.002344 0.008664
v -0.120765 0.002344 0.012967
v -0.115144 0.002344 0.015295
v -0.109059 0.002344 0.015295
v -0.103437 0.002344 0.012967
v -0.099135 0.002344 0.008664
v -0.096806 0.002344 0.003042
v -0.095916 0.049457 -0.003219
v -0.098380 0.049457 -0.009168
v -0.102933 0.049457 -0.013721
v -0.108882 0.049457 -0.016185
v -0.115321 0.049457 -0.016185
v -0.121270 0.049457 -0.013721
v -0.125823 0.049457 -0.009168
v -0.128007 0.049507 -0.004660
v -0.128007 0.049507 0.004660
v -0.125823 0.049457 0.009168
v -0.121270 0.049457 0.013721
v -0.115321 0.049457 0.016185
v -0.108882 0.049457 0.016185
v -0.102933 0.049457 0.013721
v -0.098380 0.049457 0.009168
v -0.095916 0.049457 0.003219
v -0.130407 0.052952 0.003036
v -0.129865 0.050610 -0.001920
v -0.095916 0.052762 -0.003219
v -0.098380 0.052762 -0.009168
v -0.102933 0.052762 -0.013721
v -0.108882 0.052762 -0.016185
v -0.115321 0.052762 -0.016185
v -0.121270 0.052762 -0.013721
v -0.125831 0.052779 -0.009154
v -0.127709 0.052715 -0.006194
v -0.127709 0.052715 0.006194
v -0.125831 0.052779 0.009154
v -0.121270 0.052762 0.013721
v -0.115321 0.052762 0.016185
v -0.108882 0.052762 0.016185
v -0.102933 0.052762 0.013721
v -0.098380 0.052762 0.009168
v -0.095916 0.052762 0.003219
v -0.129865 0.050610 0.001920
v -0.130407 0.052952 -0.003036
v -0.096015 0.004958 -0.003200
v -0.096299 0.003640 -0.003143
v -0.097764 0.001076 -0.002852
v -0.098464 0.004958 -0.009112
v -0.098705 0.003640 -0.008951
v -0.099946 0.001076 -0.008122
v -0.102989 0.004958 -0.013637
v -0.103150 0.003640 -0.013397
v -0.103980 0.001076 -0.012155
v -0.108901 0.004958 -0.016086
v -0.108958 0.003640 -0.015802
v -0.109249 0.001076 -0.014338
v -0.115301 0.004958 -0.016086
v -0.115245 0.003640 -0.015802
v -0.114953 0.001076 -0.014338
v -0.121213 0.004958 -0.013637
v -0.121053 0.003640 -0.013397
v -0.120223 0.001076 -0.012155
v -0.125739 0.004958 -0.009112
v -0.125498 0.003640 -0.008951
v -0.124256 0.001076 -0.008122
v -0.128188 0.004958 -0.003200
v -0.127904 0.003640 -0.003143
v -0.126439 0.001076 -0.002852
v -0.128188 0.004958 0.003200
v -0.127904 0.003640 0.003143
v -0.126439 0.001076 0.002852
v -0.125739 0.004958 0.009112
v -0.125498 0.003640 0.008951
v -0.124256 0.001076 0.008122
v -0.121213 0.004958 0.013637
v -0.121053 0.003640 0.013397
v -0.120223 0.001076 0.012155
v -0.115301 0.004958 0.016086
v -0.115245 0.003640 0.015802
v -0.114953 0.001076 0.014338
v -0.108901 0.004958 0.016086
v -0.108958 0.003640 0.015802
v -0.109249 0.001076 0.014338
v -0.102989 0.004958 0.013637
v -0.103150 0.003640 0.013397
v -0.103980 0.001076 0.012155
v -0.098464 0.004958 0.009112
v -0.098705 0.003640 0.008951
v -0.099946 0.001076 0.008122
v -0.096015 0.004958 0.003200
v -0.096299 0.003640 0.003143
v -0.097764 0.001076 0.002852
v -0.098361 0.000462 -0.002733
v -0.100453 0.000462 -0.007783
v -0.104318 0.000462 -0.011648
v -0.109368 0.000462 -0.013740
v -0.114834 0.000462 -0.013740
v -0.119884 0.000462 -0.011648
v -0.123749 0.000462 -0.007783
v -0.125841 0.000462 -0.002733
v -0.125841 0.000462 0.002733
v -0.123749 0.000462 0.007783
v -0.119884 0.000462 0.011648
v -0.114834 0.000462 0.013740
v -0.109368 0.000462 0.013740
v -0.104318 0.000462 0.011648
v -0.100453 0.000462 0.007783
v -0.098361 0.000462 0.002733
v -0.112101 0.000495 0.000000
v -0.130706 0.053181 0.003255
v -0.095664 0.053093 -0.003270
v -0.098166 0.053093 -0.009311
v -0.102790 0.053093 -0.013935
v -0.108832 0.053093 -0.016437
v -0.115371 0.053093 -0.016437
v -0.121412 0.053093 -0.013935
v -0.126044 0.053110 -0.009297
v -0.126044 0.053110 0.009297
v -0.121412 0.053093 0.013935
v -0.115371 0.053093 0.016437
v -0.108832 0.053093 0.016437
v -0.102790 0.053093 0.013935
v -0.098166 0.053093 0.009311
v -0.095664 0.053093 0.003270
v -0.130706 0.053181 -0.003255
v -0.096801 0.001403 -0.003043
v -0.097279 0.002092 -0.006140
v -0.096054 0.002789 -0.003192
v -0.096058 0.002092 0.000000
v -0.099130 0.001403 -0.008667
v -0.100757 0.002092 -0.011344
v -0.098497 0.002789 -0.009090
v -0.103434 0.001403 -0.012971
v -0.105962 0.002092 -0.014822
v -0.103011 0.002789 -0.013604
v -0.109058 0.001403 -0.015301
v -0.112101 0.002092 -0.016044
v -0.108909 0.002789 -0.016047
v -0.115145 0.001403 -0.015301
v -0.118241 0.002092 -0.014822
v -0.115293 0.002789 -0.016047
v -0.120768 0.001403 -0.012971
v -0.123446 0.002092 -0.011344
v -0.121191 0.002789 -0.013604
v -0.125073 0.001403 -0.008667
v -0.126924 0.002092 -0.006140
v -0.125705 0.002789 -0.009090
v -0.127402 0.001403 -0.003043
v -0.128145 0.002092 0.000000
v -0.128148 0.002789 -0.003192
v -0.127402 0.001403 0.003043
v -0.126924 0.002092 0.006140
v -0.128148 0.002789 0.003192
v -0.125073 0.001403 0.008667
v -0.123446 0.002092 0.011344
v -0.125705 0.002789 0.009090
v -0.120768 0.001403 0.012971
v -0.118241 0.002092 0.014822
v -0.121191 0.002789 0.013604
v -0.115145 0.001403 0.015301
v -0.112101 0.002092 0.016044
v -0.115293 0.002789 0.016047
v -0.109058 0.001403 0.015301
v -0.105962 0.002092 0.014822
v -0.108909 0.002789 0.016047
v -0.103434 0.001403 0.012971
v -0.100757 0.002092 0.011344
v -0.103011 0.002789 0.013604
v -0.099130 0.001403 0.008667
v -0.097279 0.002092 0.006140
v -0.098497 0.002789 0.009090
v -0.096801 0.001403 0.003043
v -0.096054 0.002789 0.003192
v -0.095412 0.042112 -0.003320
v -0.096377 0.049457 -0.006513
v -0.095412 0.051771 -0.003320
v -0.095082 0.049457 0.000000
v -0.097953 0.042112 -0.009454
v -0.100067 0.049457 -0.012035
v -0.097953 0.051771 -0.009454
v -0.102647 0.042112 -0.014149
v -0.105588 0.049457 -0.015724
v -0.102647 0.051771 -0.014149
v -0.108782 0.042112 -0.016689
v -0.112101 0.049457 -0.017020
v -0.108782 0.051771 -0.016689
v -0.115421 0.042112 -0.016689
v -0.118614 0.049457 -0.015724
v -0.115421 0.051771 -0.016689
v -0.121555 0.042112 -0.014149
v -0.124136 0.049457 -0.012035
v -0.121555 0.051771 -0.014149
v -0.126250 0.042112 -0.009454
v -0.127751 0.049457 -0.006887
v -0.126250 0.051771 -0.009454
v -0.128716 0.042112 -0.003693
v -0.129136 0.049704 -0.003195
v -0.128265 0.051743 -0.005962
v -0.128265 0.051743 0.005962
v -0.129136 0.049704 0.003195
v -0.128716 0.042112 0.003693
v -0.127751 0.049457 0.006887
v -0.126250 0.042112 0.009454
v -0.124136 0.049457 0.012035
v -0.126250 0.051771 0.009454
v -0.121555 0.042112 0.014149
v -0.118614 0.049457 0.015724
v -0.121555 0.051771 0.014149
v -0.115421 0.042112 0.016689
v -0.112101 0.049457 0.017020
v -0.115421 0.051771 0.016689
v -0.108782 0.042112 0.016689
v -0.105588 0.049457 0.015724
v -0.108782 0.051771 0.016689
v -0.102647 0.042112 0.014149
v -0.100067 0.049457 0.012035
v -0.102647 0.051771 0.014149
v -0.097953 0.042112 0.009454
v -0.096377 0.049457 0.006513
v -0.097953 0.051771 0.009454
v -0.095412 0.042112 0.003320
v -0.095412 0.051771 0.003320
v -0.132185 0.052762 0.000000
v -0.130689 0.052019 0.002780
v -0.128856 0.052735 0.005547
v -0.130855 0.053032 0.003262
v -0.130857 0.049952 0.000000
v -0.130689 0.052019 -0.002780
v -0.096377 0.052762 -0.006513
v -0.095475 0.053010 -0.003307
v -0.095082 0.052762 0.000000
v -0.100067 0.052762 -0.012035
v -0.098006 0.053010 -0.009418
v -0.105588 0.052762 -0.015724
v -0.102683 0.053010 -0.014095
v -0.112101 0.052762 -0.017020
v -0.108794 0.053010 -0.016626
v -0.118614 0.052762 -0.015724
v -0.115408 0.053010 -0.016626
v -0.124136 0.052762 -0.012035
v -0.121519 0.053010 -0.014095
v -0.127671 0.052735 -0.007288
v -0.126199 0.053014 -0.009415
v -0.128856 0.052735 -0.005547
v -0.127671 0.052735 0.007288
v -0.124136 0.052762 0.012035
v -0.126199 0.053014 0.009415
v -0.118614 0.052762 0.015724
v -0.121519 0.053010 0.014095
v -0.112101 0.052762 0.017020
v -0.115408 0.053010 0.016626
v -0.105588 0.052762 0.015724
v -0.108794 0.053010 0.016626
v -0.100067 0.052762 0.012035
v -0.102683 0.053010 0.014095
v -0.096377 0.052762 0.006513
v -0.098006 0.053010 0.009418
v -0.095475 0.053010 0.003307
v -0.130855 0.053032 -0.003262
v -0.095646 0.004183 -0.003273
v -0.096477 0.004881 -0.006472
v -0.095190 0.004881 0.000000
v -0.096761 0.003486 -0.006354
v -0.095497 0.003486 0.000000
v -0.097095 0.000732 0.000000
v -0.097891 0.000227 -0.002827
v -0.098237 0.000732 -0.005743
v -0.098151 0.004183 -0.009321
v -0.100143 0.004881 -0.011958
v -0.100360 0.003486 -0.011741
v -0.100054 0.000227 -0.008049
v -0.101490 0.000732 -0.010611
v -0.102780 0.004183 -0.013950
v -0.105629 0.004881 -0.015624
v -0.105747 0.003486 -0.015341
v -0.104052 0.000227 -0.012047
v -0.106358 0.000732 -0.013864
v -0.108828 0.004183 -0.016455
v -0.112101 0.004881 -0.016912
v -0.112101 0.003486 -0.016605
v -0.109275 0.000227 -0.014210
v -0.112101 0.000732 -0.015007
v -0.115374 0.004183 -0.016455
v -0.118573 0.004881 -0.015624
v -0.118456 0.003486 -0.015341
v -0.114928 0.000227 -0.014210
v -0.117844 0.000732 -0.013864
v -0.121422 0.004183 -0.013950
v -0.124060 0.004881 -0.011958
v -0.123842 0.003486 -0.011741
v -0.120151 0.000227 -0.012047
v -0.122712 0.000732 -0.010611
v -0.126051 0.004183 -0.009321
v -0.127726 0.004881 -0.006472
v -0.127442 0.003486 -0.006354
v -0.124148 0.000227 -0.008049
v -0.125965 0.000732 -0.005743
v -0.128557 0.004183 -0.003273
v -0.129013 0.004881 0.000000
v -0.128706 0.003486 0.000000
v -0.126311 0.000227 -0.002827
v -0.127108 0.000732 0.000000
v -0.128557 0.004183 0.003273
v -0.127726 0.004881 0.006472
v -0.127442 0.003486 0.006354
v -0.126311 0.000227 0.002827
v -0.125965 0.000732 0.005743
v -0.126051 0.004183 0.009321
v -0.124060 0.004881 0.011958
v -0.123842 0.003486 0.011741
v -0.124148 0.000227 0.008049
v -0.122712 0.000732 0.010611
v -0.121422 0.004183 0.013950
v -0.118573 0.004881 0.015624
v -0.118456 0.003486 0.015341
v -0.120151 0.000227 0.012047
v -0.117844 0.000732 0.013864
v -0.115374 0.004183 0.016455
v -0.112101 0.004881 0.016912
v -0.112101 0.003486 0.016605
v -0.114928 0.000227 0.014210
v -0.112101 0.000732 0.015007
v -0.108828 0.004183 0.016455
v -0.105629 0.004881 0.015624
v -0.105747 0.003486 0.015341
v -0.109275 0.000227 0.014210
v -0.106358 0.000732 0.013864
v -0.102780 0.004183 0.013950
v -0.100143 0.004881 0.011958
v -0.100360 0.003486 0.011741
v -0.104052 0.000227 0.012047
v -0.101490 0.000732 0.010611
v -0.098151 0.004183 0.009321
v -0.096477 0.004881 0.006472
v -0.096761 0.003486 0.006354
v -0.100054 0.000227 0.008049
v -0.098237 0.000732 0.005743
v -0.095646 0.004183 0.003273
v -0.097891 0.000227 0.002827
v -0.097805 0.000035 0.000000
v -0.099274 0.000009 -0.002551
v -0.098894 0.000035 -0.005471
v -0.101227 0.000009 -0.007266
v -0.101993 0.000035 -0.010109
v -0.104835 0.000009 -0.010874
v -0.106630 0.000035 -0.013208
v -0.109550 0.000009 -0.012827
v -0.112101 0.000035 -0.014296
v -0.114653 0.000009 -0.012827
v -0.117572 0.000035 -0.013208
v -0.119367 0.000009 -0.010874
v -0.122210 0.000035 -0.010109
v -0.122975 0.000009 -0.007266
v -0.125309 0.000035 -0.005471
v -0.124928 0.000009 -0.002551
v -0.126397 0.000035 0.000000
v -0.124928 0.000009 0.002551
v -0.125309 0.000035 0.005471
v -0.122975 0.000009 0.007266
v -0.122210 0.000035 0.010109
v -0.119367 0.000009 0.010874
v -0.117572 0.000035 0.013208
v -0.114653 0.000009 0.012827
v -0.112101 0.000035 0.014296
v -0.109550 0.000009 0.012827
v -0.106630 0.000035 0.013208
v -0.104835 0.000009 0.010874
v -0.101993 0.000035 0.010109
v -0.101227 0.000009 0.007266
v -0.098894 0.000035 0.005471
v -0.099274 0.000009 0.002551
v -0.097691 0.002344 -0.005969
v -0.097207 0.001707 -0.002963
v -0.096503 0.002344 0.000000
v -0.096517 0.002988 -0.003100
v -0.101072 0.002344 -0.011029
v -0.099475 0.001707 -0.008437
v -0.098890 0.002988 -0.008828
v -0.106132 0.002344 -0.014411
v -0.103665 0.001707 -0.012626
v -0.103274 0.002988 -0.013211
v -0.112101 0.002344 -0.015598
v -0.109139 0.001707 -0.014894
v -0.109001 0.002988 -0.015584
v -0.118070 0.002344 -0.014411
v -0.115064 0.001707 -0.014894
v -0.115201 0.002988 -0.015584
v -0.123131 0.002344 -0.011029
v -0.120538 0.001707 -0.012626
v -0.120929 0.002988 -0.013211
v -0.126512 0.002344 -0.005969
v -0.124728 0.001707 -0.008437
v -0.125313 0.002988 -0.008828
v -0.127699 0.002344 0.000000
v -0.126995 0.001707 -0.002963
v -0.127685 0.002988 -0.003100
v -0.126512 0.002344 0.005969
v -0.126995 0.001707 0.002963
v -0.127685 0.002988 0.003100
v -0.123131 0.002344 0.011029
v -0.124728 0.001707 0.008437
v -0.125313 0.002988 0.008828
v -0.118070 0.002344 0.014411
v -0.120538 0.001707 0.012626
v -0.120929 0.002988 0.013211
v -0.112101 0.002344 0.015598
v -0.115064 0.001707 0.014894
v -0.115201 0.002988 0.015584
v -0.106132 0.002344 0.014411
v -0.109139 0.001707 0.014894
v -0.109001 0.002988 0.015584
v -0.101072 0.002344 0.011029
v -0.103665 0.001707 0.012626
v -0.103274 0.002988 0.013211
v -0.097691 0.002344 0.005969
v -0.099475 0.001707 0.008437
v -0.098890 0.002988 0.008828
v -0.097207 0.001707 0.002963
v -0.096517 0.002988 0.003100
v -0.096852 0.049457 -0.006316
v -0.095916 0.042117 -0.003220
v -0.095596 0.049457 0.000000
v -0.095916 0.051771 -0.003219
v -0.100430 0.049457 -0.011671
v -0.098380 0.042117 -0.009168
v -0.098380 0.051771 -0.009168
v -0.105785 0.049457 -0.015249
v -0.102933 0.042117 -0.013722
v -0.102933 0.051771 -0.013721
v -0.112101 0.049457 -0.016506
v -0.108882 0.042117 -0.016186
v -0.108882 0.051771 -0.016185
v -0.118418 0.049457 -0.015249
v -0.115321 0.042117 -0.016186
v -0.115321 0.051771 -0.016185
v -0.123773 0.049457 -0.011671
v -0.121270 0.042117 -0.013722
v -0.121270 0.051771 -0.013721
v -0.127280 0.049469 -0.006677
v -0.125823 0.042117 -0.009168
v -0.125825 0.051775 -0.009165
v -0.128219 0.042154 -0.003580
v -0.127790 0.051802 -0.005763
v -0.128651 0.049808 -0.003085
v -0.128651 0.049808 0.003085
v -0.127790 0.051802 0.005763
v -0.127280 0.049469 0.006677
v -0.128219 0.042154 0.003580
v -0.123773 0.049457 0.011671
v -0.125823 0.042117 0.009168
v -0.125825 0.051775 0.009165
v -0.118418 0.049457 0.015249
v -0.121270 0.042117 0.013722
v -0.121270 0.051771 0.013721
v -0.112101 0.049457 0.016506
v -0.115321 0.042117 0.016186
v -0.115321 0.051771 0.016185
v -0.105785 0.049457 0.015249
v -0.108882 0.042117 0.016186
v -0.108882 0.051771 0.016185
v -0.100430 0.049457 0.011671
v -0.102933 0.042117 0.013722
v -0.102933 0.051771 0.013721
v -0.096852 0.049457 0.006316
v -0.098380 0.042117 0.009168
v -0.098380 0.051771 0.009168
v -0.095916 0.042117 0.003220
v -0.095916 0.051771 0.003219
v -0.130233 0.052208 0.002679
v -0.131741 0.052999 0.000000
v -0.130520 0.053167 0.003168
v -0.128399 0.052845 0.005343
v -0.130233 0.052208 -0.002679
v -0.130381 0.050124 0.000000
v -0.096852 0.052762 -0.006316
v -0.095596 0.052762 0.000000
v -0.095853 0.053010 -0.003232
v -0.100430 0.052762 -0.011671
v -0.098326 0.053010 -0.009204
v -0.105785 0.052762 -0.015249
v -0.102897 0.053010 -0.013775
v -0.112101 0.052762 -0.016506
v -0.108869 0.053010 -0.016248
v -0.118418 0.052762 -0.015249
v -0.115333 0.053010 -0.016248
v -0.123775 0.052767 -0.011668
v -0.121305 0.053010 -0.013775
v -0.127216 0.052771 -0.007042
v -0.125888 0.053035 -0.009182
v -0.128399 0.052845 -0.005343
v -0.127216 0.052771 0.007042
v -0.123775 0.052767 0.011668
v -0.125888 0.053035 0.009182
v -0.118418 0.052762 0.015249
v -0.121305 0.053010 0.013775
v -0.112101 0.052762 0.016506
v -0.115333 0.053010 0.016248
v -0.105785 0.052762 0.015249
v -0.108869 0.053010 0.016248
v -0.100430 0.052762 0.011671
v -0.102897 0.053010 0.013775
v -0.096852 0.052762 0.006316
v -0.098326 0.053010 0.009204
v -0.095853 0.053010 0.003232
v -0.130520 0.053167 -0.003168
v -0.096945 0.004958 -0.006278
v -0.096136 0.004298 -0.003176
v -0.095697 0.004958 0.000000
v -0.097213 0.003640 -0.006167
v -0.095986 0.003640 0.000000
v -0.097480 0.001076 0.000000
v -0.098593 0.001076 -0.005595
v -0.098230 0.000608 -0.002759
v -0.100501 0.004958 -0.011600
v -0.098567 0.004298 -0.009043
v -0.100706 0.003640 -0.011395
v -0.101762 0.001076 -0.010339
v -0.100342 0.000608 -0.007857
v -0.105823 0.004958 -0.015156
v -0.103058 0.004298 -0.013535
v -0.105934 0.003640 -0.014888
v -0.106506 0.001076 -0.013508
v -0.104244 0.000608 -0.011759
v -0.112101 0.004958 -0.016405
v -0.108926 0.004298 -0.015965
v -0.112101 0.003640 -0.016115
v -0.112101 0.001076 -0.014621
v -0.109342 0.000608 -0.013871
v -0.118379 0.004958 -0.015156
v -0.115277 0.004298 -0.015965
v -0.118268 0.003640 -0.014888
v -0.117697 0.001076 -0.013508
v -0.114860 0.000608 -0.013871
v -0.123701 0.004958 -0.011600
v -0.121145 0.004298 -0.013535
v -0.123496 0.003640 -0.011395
v -0.122440 0.001076 -0.010339
v -0.119959 0.000608 -0.011759
v -0.127257 0.004958 -0.006278
v -0.125636 0.004298 -0.009043
v -0.126990 0.003640 -0.006167
v -0.125610 0.001076 -0.005595
v -0.123861 0.000608 -0.007857
v -0.128506 0.004958 0.000000
v -0.128066 0.004298 -0.003176
v -0.128216 0.003640 0.000000
v -0.126723 0.001076 0.000000
v -0.125973 0.000608 -0.002759
v -0.127257 0.004958 0.006278
v -0.128066 0.004298 0.003176
v -0.126990 0.003640 0.006167
v -0.125610 0.001076 0.005595
v -0.125973 0.000608 0.002759
v -0.123701 0.004958 0.011600
v -0.125636 0.004298 0.009043
v -0.123496 0.003640 0.011395
v -0.122440 0.001076 0.010339
v -0.123861 0.000608 0.007857
v -0.118379 0.004958 0.015156
v -0.121145 0.004298 0.013535
v -0.118268 0.003640 0.014888
v -0.117697 0.001076 0.013508
v -0.119959 0.000608 0.011760
v -0.112101 0.004958 0.016405
v -0.115277 0.004298 0.015965
v -0.112101 0.003640 0.016115
v -0.112101 0.001076 0.014621
v -0.114860 0.000608 0.013871
v -0.105823 0.004958 0.015156
v -0.108926 0.004298 0.015965
v -0.105934 0.003640 0.014888
v -0.106506 0.001076 0.013508
v -0.109342 0.000608 0.013871
v -0.100501 0.004958 0.011600
v -0.103058 0.004298 0.013535
v -0.100706 0.003640 0.011395
v -0.101762 0.001076 0.010339
v -0.104244 0.000608 0.011760
v -0.096945 0.004958 0.006278
v -0.098567 0.004298 0.009043
v -0.097213 0.003640 0.006167
v -0.098593 0.001076 0.005595
v -0.100342 0.000608 0.007857
v -0.096136 0.004298 0.003176
v -0.098230 0.000608 0.002759
v -0.098090 0.000462 0.000000
v -0.099156 0.000462 -0.005362
v -0.099483 0.000477 -0.002510
v -0.102194 0.000462 -0.009908
v -0.101404 0.000477 -0.007148
v -0.106739 0.000462 -0.012945
v -0.104953 0.000477 -0.010698
v -0.112101 0.000462 -0.014012
v -0.109591 0.000477 -0.012619
v -0.117463 0.000462 -0.012945
v -0.114611 0.000477 -0.012619
v -0.122009 0.000462 -0.009908
v -0.119249 0.000477 -0.010698
v -0.125046 0.000462 -0.005362
v -0.122799 0.000477 -0.007148
v -0.126113 0.000462 0.000000
v -0.124720 0.000477 -0.002510
v -0.125046 0.000462 0.005362
v -0.124720 0.000477 0.002510
v -0.122009 0.000462 0.009908
v -0.122799 0.000477 0.007148
v -0.117463 0.000462 0.012945
v -0.119249 0.000477 0.010698
v -0.112101 0.000462 0.014012
v -0.114611 0.000477 0.012619
v -0.106739 0.000462 0.012945
v -0.109591 0.000477 0.012619
v -0.102194 0.000462 0.009908
v -0.104953 0.000477 0.010698
v -0.099156 0.000462 0.005362
v -0.101404 0.000477 0.007148
v -0.099483 0.000477 0.002510
v -0.128140 0.053136 0.006393
v -0.132107 0.053208 0.000000
v -0.096615 0.053093 -0.006415
v -0.095339 0.053093 0.000000
v -0.100248 0.053093 -0.011853
v -0.105686 0.053093 -0.015487
v -0.112101 0.053093 -0.016763
v -0.118516 0.053093 -0.015487
v -0.123956 0.053097 -0.011849
v -0.128140 0.053136 -0.006393
v -0.123956 0.053097 0.011849
v -0.118516 0.053093 0.015487
v -0.112101 0.053093 0.016763
v -0.105686 0.053093 0.015487
v -0.100248 0.053093 0.011853
v -0.096615 0.053093 0.006415
vn 0.7992 -0.6011 -0.0000
vn 0.7838 -0.6011 -0.1559
vn 0.8616 -0.4778 -0.1714
vn 0.8785 -0.4778 -0.0000
vn 0.7383 -0.6011 -0.3058
vn 0.8116 -0.4778 -0.3362
vn 0.8579 -0.3712 -0.3553
vn 0.9107 -0.3712 -0.1812
vn 0.9285 -0.3712 -0.0000
vn 0.6645 -0.6011 -0.4440
vn 0.7304 -0.4778 -0.4881
vn 0.5651 -0.6011 -0.5651
vn 0.6212 -0.4778 -0.6212
vn 0.6566 -0.3712 -0.6566
vn 0.7721 -0.3712 -0.5159
vn 0.4440 -0.6011 -0.6645
vn 0.4881 -0.4778 -0.7304
vn 0.3058 -0.6011 -0.7383
vn 0.3362 -0.4778 -0.8116
vn 0.3553 -0.3712 -0.8579
vn 0.5159 -0.3712 -0.7721
vn 0.1559 -0.6011 -0.7838
vn 0.1714 -0.4778 -0.8616
vn -0.0000 -0.6011 -0.7992
vn -0.0000 -0.4778 -0.8785
vn -0.0000 -0.3712 -0.9285
vn 0.1812 -0.3712 -0.9107
vn -0.1559 -0.6011 -0.7838
vn -0.1714 -0.4778 -0.8616
vn -0.3058 -0.6011 -0.7383
vn -0.3362 -0.4778 -0.8116
vn -0.3553 -0.3712 -0.8579
vn -0.1812 -0.3712 -0.9107
vn -0.4440 -0.6011 -0.6645
vn -0.4881 -0.4778 -0.7304
vn -0.5651 -0.6011 -0.5651
vn -0.6212 -0.4778 -0.6212
vn -0.6566 -0.3712 -0.6566
vn -0.5159 -0.3712 -0.7721
vn -0.6645 -0.6011 -0.4440
vn -0.7304 -0.4778 -0.4881
vn -0.7383 -0.6011 -0.3058
vn -0.8116 -0.4778 -0.3362
vn -0.8579 -0.3712 -0.3553
vn -0.7721 -0.3712 -0.5159
vn -0.7838 -0.6011 -0.1559
vn -0.8616 -0.4778 -0.1714
vn -0.7992 -0.6011 -0.0000
vn -0.8785 -0.4778 -0.0000
vn -0.9285 -0.3712 -0.0000
vn -0.9107 -0.3712 -0.1812
vn -0.7838 -0.6011 0.1559
vn -0.8616 -0.4778 0.1714
vn -0.7383 -0.6011 0.3058
vn -0.8116 -0.4778 0.3362
vn -0.8579 -0.3712 0.3553
vn -0.9107 -0.3712 0.1812
vn -0.6645 -0.6011 0.4440
vn -0.7304 -0.4778 0.4881
vn -0.5651 -0.6011 0.5651
vn -0.6212 -0.4778 0.6212
vn -0.6566 -0.3712 0.6566
vn -0.7721 -0.3712 0.5159
vn -0.4440 -0.6011 0.6645
vn -0.4881 -0.4778 0.7304
vn -0.3058 -0.6011 0.7383
vn -0.3362 -0.4778 0.8116
vn -0.3553 -0.3712 0.8579
vn -0.5159 -0.3712 0.7721
vn -0.1559 -0.6011 0.7838
vn -0.1714 -0.4778 0.8616
vn -0.0000 -0.6011 0.7992
vn -0.0000 -0.4778 0.8785
vn -0.0000 -0.3712 0.9285
vn -0.1812 -0.3712 0.9107
vn 0.1559 -0.6011 0.7838
vn 0.1714 -0.4778 0.8616
vn 0.3058 -0.6011 0.7383
vn 0.3362 -0.4778 0.8116
vn 0.3553 -0.3712 0.8579
vn 0.1812 -0.3712 0.9107
vn 0.4440 -0.6011 0.6645
vn 0.4881 -0.4778 0.7304
vn 0.5651 -0.6011 0.5651
vn 0.6212 -0.4778 0.6212
vn 0.6566 -0.3712 0.6566
vn 0.5159 -0.3712 0.7721
vn 0.6645 -0.6011 0.4440
vn 0.7304 -0.4778 0.4881
vn 0.7383 -0.6011 0.3058
vn 0.8116 -0.4778 0.3362
vn 0.8579 -0.3712 0.3553
vn 0.7721 -0.3712 0.5159
vn 0.7838 -0.6011 0.1559
vn 0.8616 -0.4778 0.1714
vn 0.9107 -0.3712 0.1812
vn 1.0000 -0.0014 -0.0000
vn 0.9808 -0.0014 -0.1951
vn 0.9808 -0.0000 -0.1951
vn 1.0000 -0.0000 -0.0000
vn 0.9239 -0.0014 -0.3827
vn 0.9239 -0.0000 -0.3827
vn 0.8315 -0.0014 -0.5556
vn 0.8315 -0.0000 -0.5556
vn 0.7071 -0.0014 -0.7071
vn 0.7071 -0.0000 -0.7071
vn 0.5556 -0.0014 -0.8315
vn 0.5556 -0.0000 -0.8315
vn 0.3827 -0.0014 -0.9239
vn 0.3827 -0.0000 -0.9239
vn 0.1951 -0.0014 -0.9808
vn 0.1951 -0.0000 -0.9808
vn -0.0000 -0.0014 -1.0000
vn -0.0000 -0.0000 -1.0000
vn -0.1951 -0.0014 -0.9808
vn -0.1951 -0.0000 -0.9808
vn -0.3827 -0.0014 -0.9239
vn -0.3827 -0.0000 -0.9239
vn -0.5556 -0.0014 -0.8315
vn -0.5556 -0.0000 -0.8315
vn -0.7071 -0.0014 -0.7071
vn -0.7071 -0.0000 -0.7071
vn -0.8278 -0.0031 -0.5611
vn -0.8207 -0.0070 -0.5714
vn -0.9187 -0.0063 -0.3949
vn -0.9052 -0.0253 -0.4242
vn -0.8781 -0.0477 -0.4761
vn -0.8122 -0.0109 -0.5833
vn -0.9409 -0.0757 -0.3301
vn -0.8829 -0.1487 -0.4454
vn -0.9730 -0.0124 -0.2305
vn -0.9957 -0.0924 -0.0000
vn -0.8871 -0.2288 -0.4008
vn -0.8013 -0.3071 -0.5134
vn -0.8781 -0.0477 0.4761
vn -0.8829 -0.1487 0.4454
vn -0.9409 -0.0757 0.3301
vn -0.9052 -0.0253 0.4242
vn -0.8013 -0.3071 0.5134
vn -0.8871 -0.2288 0.4008
vn -0.9730 -0.0124 0.2305
vn -0.9187 -0.0063 0.3949
vn -0.8278 -0.0031 0.5611
vn -0.8207 -0.0070 0.5714
vn -0.7071 -0.0014 0.7071
vn -0.7071 -0.0000 0.7071
vn -0.8122 -0.0109 0.5833
vn -0.5556 -0.0014 0.8315
vn -0.5556 -0.0000 0.8315
vn -0.3827 -0.0014 0.9239
vn -0.3827 -0.0000 0.9239
vn -0.1951 -0.0014 0.9808
vn -0.1951 -0.0000 0.9808
vn -0.0000 -0.0014 1.0000
vn -0.0000 -0.0000 1.0000
vn 0.1951 -0.0014 0.9808
vn 0.1951 -0.0000 0.9808
vn 0.3827 -0.0014 0.9239
vn 0.3827 -0.0000 0.9239
vn 0.5556 -0.0014 0.8315
vn 0.5556 -0.0000 0.8315
vn 0.7071 -0.0014 0.7071
vn 0.7071 -0.0000 0.7071
vn 0.8315 -0.0014 0.5556
vn 0.8315 -0.0000 0.5556
vn 0.9239 -0.0014 0.3827
vn 0.9239 -0.0000 0.3827
vn 0.9808 -0.0014 0.1951
vn 0.9808 -0.0000 0.1951
vn -0.9681 0.2506 -0.0000
vn -0.9578 -0.2875 -0.0000
vn -0.8148 -0.3199 0.4835
vn -0.8368 0.2095 0.5059
vn -0.9115 -0.4113 -0.0000
vn -0.7944 -0.3969 0.4597
vn -0.7566 -0.3250 0.5674
vn -0.7722 0.3034 0.5583
vn -0.9262 -0.3771 -0.0000
vn -0.8233 -0.3635 -0.4360
vn -0.7944 -0.3969 -0.4597
vn 0.9730 0.1254 -0.1935
vn 0.9921 0.1254 -0.0000
vn 0.9166 0.1254 -0.3797
vn 0.7113 0.6382 -0.2946
vn 0.7549 0.6384 -0.1502
vn 0.7699 0.6382 -0.0000
vn 0.8249 0.1254 -0.5512
vn 0.7015 0.1254 -0.7015
vn 0.5444 0.6382 -0.5444
vn 0.6400 0.6384 -0.4276
vn 0.5512 0.1254 -0.8249
vn 0.3797 0.1254 -0.9166
vn 0.2946 0.6382 -0.7113
vn 0.4276 0.6384 -0.6400
vn 0.1936 0.1254 -0.9730
vn -0.0000 0.1254 -0.9921
vn -0.0000 0.6382 -0.7699
vn 0.1502 0.6384 -0.7549
vn -0.1936 0.1254 -0.9730
vn -0.3797 0.1254 -0.9166
vn -0.2946 0.6382 -0.7113
vn -0.1502 0.6384 -0.7549
vn -0.5512 0.1255 -0.8249
vn -0.7014 0.1253 -0.7016
vn -0.5483 0.6313 -0.5485
vn -0.4281 0.6373 -0.6407
vn -0.8025 0.0739 -0.5921
vn -0.8442 -0.0110 -0.5359
vn -0.7722 0.3034 -0.5583
vn -0.6582 0.5670 -0.4952
vn -0.7566 -0.3250 -0.5674
vn -0.8310 -0.2145 -0.5133
vn -0.8442 -0.0110 0.5359
vn -0.8310 -0.2145 0.5133
vn -0.8025 0.0739 0.5921
vn -0.7014 0.1253 0.7016
vn -0.5483 0.6313 0.5485
vn -0.6582 0.5670 0.4952
vn -0.5512 0.1255 0.8249
vn -0.3797 0.1255 0.9166
vn -0.2946 0.6382 0.7113
vn -0.4281 0.6373 0.6407
vn -0.1936 0.1254 0.9730
vn -0.0000 0.1254 0.9921
vn -0.0000 0.6382 0.7699
vn -0.1502 0.6384 0.7549
vn 0.1936 0.1254 0.9730
vn 0.3797 0.1254 0.9166
vn 0.2946 0.6382 0.7113
vn 0.1502 0.6384 0.7549
vn 0.5512 0.1254 0.8249
vn 0.7015 0.1254 0.7015
vn 0.5444 0.6382 0.5444
vn 0.4276 0.6384 0.6400
vn 0.8249 0.1254 0.5512
vn 0.9166 0.1254 0.3797
vn 0.7113 0.6382 0.2946
vn 0.6400 0.6384 0.4276
vn 0.9730 0.1254 0.1935
vn 0.7549 0.6384 0.1502
vn -0.8233 -0.3635 0.4360
vn -0.8148 -0.3199 -0.4835
vn -0.8368 0.2095 -0.5059
vn 0.9956 -0.0935 -0.0000
vn 0.9765 -0.0935 -0.1942
vn 0.9198 -0.0935 -0.3810
vn 0.8278 -0.0935 -0.5531
vn 0.7040 -0.0935 -0.7040
vn 0.5531 -0.0935 -0.8278
vn 0.3810 -0.0935 -0.9198
vn 0.1942 -0.0935 -0.9765
vn -0.0000 -0.0935 -0.9956
vn -0.1942 -0.0935 -0.9765
vn -0.3810 -0.0935 -0.9198
vn -0.5531 -0.0935 -0.8278
vn -0.7040 -0.0935 -0.7040
vn -0.8272 -0.0936 -0.5540
vn -0.9190 -0.0937 -0.3829
vn -0.9743 -0.0943 -0.2047
vn -0.9955 -0.0951 -0.0000
vn -0.9743 -0.0943 0.2047
vn -0.9190 -0.0937 0.3829
vn -0.8272 -0.0936 0.5540
vn -0.7040 -0.0935 0.7040
vn -0.5531 -0.0935 0.8278
vn -0.3810 -0.0935 0.9198
vn -0.1942 -0.0935 0.9765
vn -0.0000 -0.0935 0.9956
vn 0.1942 -0.0935 0.9765
vn 0.3810 -0.0935 0.9198
vn 0.5531 -0.0935 0.8278
vn 0.7040 -0.0935 0.7040
vn 0.8278 -0.0935 0.5531
vn 0.9198 -0.0935 0.3810
vn 0.9765 -0.0935 0.1942
vn 0.9767 -0.2145 -0.0000
vn 0.9580 -0.2145 -0.1906
vn 0.9024 -0.2145 -0.3738
vn 0.9402 -0.2848 -0.1870
vn 0.9586 -0.2848 -0.0000
vn 0.8856 -0.2848 -0.3668
vn 0.7113 -0.6885 -0.1415
vn 0.6700 -0.6885 -0.2775
vn 0.7252 -0.6885 -0.0000
vn 0.7003 -0.7139 -0.0000
vn 0.6869 -0.7138 -0.1366
vn 0.6470 -0.7139 -0.2680
vn 0.8121 -0.2145 -0.5426
vn 0.6906 -0.2145 -0.6906
vn 0.7970 -0.2848 -0.5326
vn 0.6778 -0.2848 -0.6778
vn 0.6030 -0.6885 -0.4029
vn 0.5128 -0.6885 -0.5128
vn 0.5823 -0.7138 -0.3891
vn 0.4952 -0.7139 -0.4952
vn 0.5426 -0.2145 -0.8121
vn 0.3738 -0.2145 -0.9024
vn 0.5326 -0.2848 -0.7970
vn 0.3668 -0.2848 -0.8856
vn 0.4029 -0.6885 -0.6030
vn 0.2775 -0.6885 -0.6700
vn 0.3891 -0.7138 -0.5823
vn 0.2680 -0.7139 -0.6470
vn 0.1906 -0.2145 -0.9580
vn -0.0000 -0.2145 -0.9767
vn 0.1870 -0.2848 -0.9402
vn -0.0000 -0.2848 -0.9586
vn 0.1415 -0.6885 -0.7113
vn -0.0000 -0.6885 -0.7252
vn 0.1366 -0.7138 -0.6869
vn -0.0000 -0.7139 -0.7003
vn -0.1906 -0.2145 -0.9580
vn -0.3738 -0.2145 -0.9024
vn -0.1870 -0.2848 -0.9402
vn -0.3668 -0.2848 -0.8856
vn -0.1415 -0.6885 -0.7113
vn -0.2775 -0.6885 -0.6700
vn -0.1366 -0.7138 -0.6869
vn -0.2680 -0.7139 -0.6470
vn -0.5426 -0.2145 -0.8121
vn -0.6906 -0.2145 -0.6906
vn -0.5326 -0.2848 -0.7970
vn -0.6778 -0.2848 -0.6778
vn -0.4029 -0.6885 -0.6030
vn -0.5128 -0.6885 -0.5128
vn -0.3891 -0.7138 -0.5823
vn -0.4952 -0.7139 -0.4952
vn -0.8121 -0.2145 -0.5426
vn -0.9024 -0.2145 -0.3738
vn -0.7970 -0.2848 -0.5326
vn -0.8856 -0.2848 -0.3668
vn -0.6030 -0.6885 -0.4029
vn -0.6700 -0.6885 -0.2775
vn -0.5823 -0.7138 -0.3891
vn -0.6470 -0.7139 -0.2680
vn -0.9580 -0.2145 -0.1906
vn -0.9767 -0.2145 -0.0000
vn -0.9402 -0.2848 -0.1870
vn -0.9586 -0.2848 -0.0000
vn -0.7113 -0.6885 -0.1415
vn -0.7252 -0.6885 -0.0000
vn -0.6869 -0.7138 -0.1366
vn -0.7003 -0.7139 -0.0000
vn -0.9580 -0.2145 0.1906
vn -0.9024 -0.2145 0.3738
vn -0.9402 -0.2848 0.1870
vn -0.8856 -0.2848 0.3668
vn -0.7113 -0.6885 0.1415
vn -0.6700 -0.6885 0.2775
vn -0.6869 -0.7138 0.1366
vn -0.6470 -0.7139 0.2680
vn -0.8121 -0.2145 0.5426
vn -0.6906 -0.2145 0.6906
vn -0.7970 -0.2848 0.5326
vn -0.6778 -0.2848 0.6778
vn -0.6030 -0.6885 0.4029
vn -0.5128 -0.6885 0.5128
vn -0.5823 -0.7138 0.3891
vn -0.4952 -0.7139 0.4952
vn -0.5426 -0.2145 0.8121
vn -0.3738 -0.2145 0.9024
vn -0.5326 -0.2848 0.7970
vn -0.3668 -0.2848 0.8856
vn -0.4029 -0.6885 0.6030
vn -0.2775 -0.6885 0.6700
vn -0.3891 -0.7138 0.5823
vn -0.2680 -0.7139 0.6470
vn -0.1906 -0.2145 0.9580
vn -0.0000 -0.2145 0.9767
vn -0.1870 -0.2848 0.9402
vn -0.0000 -0.2848 0.9586
vn -0.1415 -0.6885 0.7113
vn -0.0000 -0.6885 0.7252
vn -0.1366 -0.7138 0.6869
vn -0.0000 -0.7139 0.7003
vn 0.1906 -0.2145 0.9580
vn 0.3738 -0.2145 0.9024
vn 0.1870 -0.2848 0.9402
vn 0.3668 -0.2848 0.8856
vn 0.1415 -0.6885 0.7113
vn 0.2775 -0.6885 0.6700
vn 0.1366 -0.7138 0.6869
vn 0.2680 -0.7139 0.6470
vn 0.5426 -0.2145 0.8121
vn 0.6906 -0.2145 0.6906
vn 0.5326 -0.2848 0.7970
vn 0.6778 -0.2848 0.6778
vn 0.4029 -0.6885 0.6030
vn 0.5128 -0.6885 0.5128
vn 0.3891 -0.7138 0.5823
vn 0.4952 -0.7139 0.4952
vn 0.8121 -0.2145 0.5426
vn 0.9024 -0.2145 0.3738
vn 0.7970 -0.2848 0.5326
vn 0.8856 -0.2848 0.3668
vn 0.6030 -0.6885 0.4029
vn 0.6700 -0.6885 0.2775
vn 0.5823 -0.7138 0.3891
vn 0.6470 -0.7139 0.2680
vn 0.9580 -0.2145 0.1906
vn 0.9402 -0.2848 0.1870
vn 0.7113 -0.6885 0.1415
vn 0.6869 -0.7138 0.1366
vn 0.3984 -0.9138 -0.0792
vn 0.3756 -0.9136 -0.1556
vn 0.4066 -0.9136 -0.0000
vn 0.0098 -1.0000 -0.0000
vn 0.0109 -0.9999 -0.0022
vn 0.0091 -1.0000 -0.0038
vn 0.3377 -0.9138 -0.2257
vn 0.2875 -0.9136 -0.2875
vn 0.0092 -0.9999 -0.0062
vn 0.0070 -1.0000 -0.0070
vn 0.2257 -0.9138 -0.3377
vn 0.1556 -0.9136 -0.3756
vn 0.0062 -0.9999 -0.0092
vn 0.0038 -1.0000 -0.0091
vn 0.0792 -0.9138 -0.3984
vn -0.0000 -0.9136 -0.4066
vn 0.0022 -0.9999 -0.0109
vn -0.0000 -1.0000 -0.0098
vn -0.0792 -0.9138 -0.3984
vn -0.1556 -0.9136 -0.3756
vn -0.0022 -0.9999 -0.0109
vn -0.0038 -1.0000 -0.0091
vn -0.2257 -0.9138 -0.3377
vn -0.2875 -0.9136 -0.2875
vn -0.0062 -0.9999 -0.0092
vn -0.0070 -1.0000 -0.0070
vn -0.3377 -0.9138 -0.2257
vn -0.3756 -0.9136 -0.1556
vn -0.0092 -0.9999 -0.0062
vn -0.0091 -1.0000 -0.0038
vn -0.3984 -0.9138 -0.0792
vn -0.4066 -0.9136 -0.0000
vn -0.0109 -0.9999 -0.0022
vn -0.0098 -1.0000 -0.0000
vn -0.3984 -0.9138 0.0792
vn -0.3756 -0.9136 0.1556
vn -0.0109 -0.9999 0.0022
vn -0.0091 -1.0000 0.0038
vn -0.3377 -0.9138 0.2257
vn -0.2875 -0.9136 0.2875
vn -0.0092 -0.9999 0.0062
vn -0.0070 -1.0000 0.0070
vn -0.2257 -0.9138 0.3377
vn -0.1556 -0.9136 0.3756
vn -0.0062 -0.9999 0.0092
vn -0.0038 -1.0000 0.0091
vn -0.0792 -0.9138 0.3984
vn -0.0000 -0.9136 0.4066
vn -0.0022 -0.9999 0.0109
vn -0.0000 -1.0000 0.0098
vn 0.0792 -0.9138 0.3984
vn 0.1556 -0.9136 0.3756
vn 0.0022 -0.9999 0.0109
vn 0.0038 -1.0000 0.0091
vn 0.2257 -0.9138 0.3377
vn 0.2875 -0.9136 0.2875
vn 0.0062 -0.9999 0.0092
vn 0.0070 -1.0000 0.0070
vn 0.3377 -0.9138 0.2257
vn 0.3756 -0.9136 0.1556
vn 0.0092 -0.9999 0.0062
vn 0.0091 -1.0000 0.0038
vn 0.3984 -0.9138 0.0792
vn 0.0109 -0.9999 0.0022
vn -0.0000 -1.0000 -0.0000
vn -0.8587 0.3690 0.3557
vn -0.8117 0.4777 0.3362
vn -0.8617 0.4777 0.1714
vn -0.9116 0.3689 0.1813
vn -0.7363 0.6041 0.3050
vn -0.7816 0.6040 0.1555
vn -0.7969 0.6041 -0.0000
vn -0.8785 0.4777 -0.0000
vn -0.9294 0.3690 -0.0000
vn -0.6572 0.3690 0.6572
vn -0.6212 0.4777 0.6212
vn -0.7305 0.4777 0.4881
vn -0.7728 0.3689 0.5164
vn -0.5635 0.6041 0.5635
vn -0.6626 0.6040 0.4428
vn -0.3557 0.3690 0.8587
vn -0.3362 0.4777 0.8117
vn -0.4881 0.4777 0.7305
vn -0.5164 0.3689 0.7728
vn -0.3050 0.6041 0.7363
vn -0.4428 0.6040 0.6626
vn -0.0000 0.3690 0.9294
vn -0.0000 0.4777 0.8785
vn -0.1714 0.4777 0.8617
vn -0.1813 0.3689 0.9116
vn -0.0000 0.6041 0.7969
vn -0.1555 0.6040 0.7816
vn 0.3557 0.3690 0.8587
vn 0.3362 0.4777 0.8117
vn 0.1714 0.4777 0.8617
vn 0.1813 0.3689 0.9116
vn 0.3050 0.6041 0.7363
vn 0.1555 0.6040 0.7816
vn 0.6572 0.3690 0.6572
vn 0.6212 0.4777 0.6212
vn 0.4881 0.4777 0.7305
vn 0.5164 0.3689 0.7728
vn 0.5635 0.6041 0.5635
vn 0.4428 0.6040 0.6626
vn 0.8587 0.3690 0.3557
vn 0.8117 0.4777 0.3362
vn 0.7305 0.4777 0.4881
vn 0.7728 0.3689 0.5164
vn 0.7363 0.6041 0.3050
vn 0.6626 0.6040 0.4428
vn 0.9294 0.3690 -0.0000
vn 0.8785 0.4777 -0.0000
vn 0.8617 0.4777 0.1714
vn 0.9116 0.3689 0.1813
vn 0.7969 0.6041 -0.0000
vn 0.7816 0.6040 0.1555
vn 0.8587 0.3690 -0.3557
vn 0.8117 0.4777 -0.3362
vn 0.8617 0.4777 -0.1714
vn 0.9116 0.3689 -0.1813
vn 0.7363 0.6041 -0.3050
vn 0.7816 0.6040 -0.1555
vn 0.6572 0.3690 -0.6572
vn 0.6212 0.4777 -0.6212
vn 0.7305 0.4777 -0.4881
vn 0.7728 0.3689 -0.5164
vn 0.5635 0.6041 -0.5635
vn 0.6626 0.6040 -0.4428
vn 0.3557 0.3690 -0.8587
vn 0.3362 0.4777 -0.8117
vn 0.4881 0.4777 -0.7305
vn 0.5164 0.3689 -0.7728
vn 0.3050 0.6041 -0.7363
vn 0.4428 0.6040 -0.6626
vn -0.0000 0.3689 -0.9294
vn -0.0000 0.4777 -0.8785
vn 0.1714 0.4777 -0.8617
vn 0.1813 0.3689 -0.9116
vn -0.0000 0.6041 -0.7969
vn 0.1555 0.6040 -0.7816
vn -0.3557 0.3690 -0.8587
vn -0.3362 0.4777 -0.8117
vn -0.1714 0.4777 -0.8617
vn -0.1813 0.3689 -0.9116
vn -0.3050 0.6041 -0.7363
vn -0.1555 0.6040 -0.7816
vn -0.6572 0.3690 -0.6572
vn -0.6212 0.4777 -0.6212
vn -0.4881 0.4777 -0.7305
vn -0.5164 0.3689 -0.7728
vn -0.5635 0.6041 -0.5635
vn -0.4428 0.6040 -0.6626
vn -0.8587 0.3690 -0.3557
vn -0.8117 0.4777 -0.3362
vn -0.7305 0.4777 -0.4881
vn -0.7728 0.3689 -0.5164
vn -0.7363 0.6041 -0.3050
vn -0.6626 0.6040 -0.4428
vn -0.8617 0.4777 -0.1714
vn -0.9116 0.3689 -0.1813
vn -0.7816 0.6040 -0.1555
vn -0.9239 -0.0000 0.3827
vn -0.9808 -0.0000 0.1951
vn -0.9239 0.0013 0.3827
vn -0.9808 0.0013 0.1951
vn -1.0000 0.0013 -0.0000
vn -1.0000 -0.0000 -0.0000
vn -0.8315 -0.0000 0.5556
vn -0.7071 0.0013 0.7071
vn -0.8315 0.0013 0.5556
vn -0.3827 0.0013 0.9239
vn -0.5556 0.0013 0.8315
vn -0.0000 0.0013 1.0000
vn -0.1951 0.0013 0.9808
vn 0.3827 0.0013 0.9239
vn 0.1951 0.0013 0.9808
vn 0.7072 -0.0005 0.7070
vn 0.7071 -0.0001 0.7071
vn 0.5556 -0.0002 0.8314
vn 0.7071 0.0013 0.7071
vn 0.5556 0.0013 0.8315
vn 0.8783 0.0455 0.4758
vn 0.9050 0.0246 0.4247
vn 0.8206 0.0066 0.5714
vn 0.8122 0.0098 0.5833
vn 0.9185 0.0061 0.3953
vn 0.8277 0.0029 0.5611
vn 0.9958 0.0912 -0.0000
vn 0.9727 0.0123 0.2319
vn 0.9403 0.0747 0.3321
vn 0.8845 0.2269 0.4076
vn 0.8824 0.1451 0.4476
vn 0.7976 0.3044 0.5208
vn 0.8845 0.2269 -0.4076
vn 0.9403 0.0747 -0.3321
vn 0.9727 0.0123 -0.2319
vn 0.7976 0.3044 -0.5208
vn 0.8824 0.1451 -0.4476
vn 0.8783 0.0455 -0.4758
vn 0.9050 0.0246 -0.4247
vn 0.9185 0.0061 -0.3953
vn 0.7072 -0.0005 -0.7070
vn 0.7071 -0.0001 -0.7071
vn 0.8206 0.0066 -0.5714
vn 0.8122 0.0098 -0.5833
vn 0.7071 0.0013 -0.7071
vn 0.8277 0.0029 -0.5611
vn 0.5556 -0.0002 -0.8314
vn 0.3827 0.0013 -0.9239
vn 0.5556 0.0013 -0.8315
vn -0.0000 0.0013 -1.0000
vn 0.1951 0.0013 -0.9808
vn -0.3827 0.0013 -0.9239
vn -0.1951 0.0013 -0.9808
vn -0.7071 0.0013 -0.7071
vn -0.5556 0.0013 -0.8315
vn -0.9239 -0.0000 -0.3827
vn -0.8315 -0.0000 -0.5556
vn -0.9239 0.0013 -0.3827
vn -0.8315 0.0013 -0.5556
vn -0.9808 -0.0000 -0.1951
vn -0.9808 0.0013 -0.1951
vn 0.7910 0.3950 -0.4673
vn 0.7308 0.5169 -0.4458
vn 0.7025 0.4776 -0.5276
vn 0.9106 0.4132 -0.0000
vn 0.8466 0.5323 -0.0000
vn 0.3494 0.9370 -0.0000
vn 0.3842 0.8924 -0.2368
vn 0.5137 0.7845 -0.3475
vn 0.7910 0.3950 0.4673
vn 0.8192 0.3609 0.4458
vn 0.9264 0.3766 -0.0000
vn -0.6895 0.6656 0.2856
vn -0.9163 0.1274 0.3796
vn -0.9728 0.1274 0.1935
vn -0.7322 0.6653 0.1457
vn -0.9918 0.1274 -0.0000
vn -0.7463 0.6656 -0.0000
vn -0.5277 0.6656 0.5277
vn -0.7013 0.1274 0.7013
vn -0.8247 0.1274 0.5510
vn -0.6208 0.6653 0.4148
vn -0.2856 0.6656 0.6895
vn -0.3796 0.1274 0.9163
vn -0.5510 0.1274 0.8247
vn -0.4148 0.6653 0.6208
vn -0.0000 0.6656 0.7463
vn -0.0000 0.1274 0.9918
vn -0.1935 0.1274 0.9728
vn -0.1457 0.6653 0.7323
vn 0.2856 0.6656 0.6895
vn 0.3796 0.1274 0.9163
vn 0.1935 0.1274 0.9728
vn 0.1457 0.6653 0.7323
vn 0.5273 0.6693 0.5235
vn 0.7022 0.1242 0.7011
vn 0.5514 0.1266 0.8246
vn 0.4151 0.6658 0.6200
vn 0.5137 0.7845 0.3475
vn 0.8297 0.2025 0.5202
vn 0.7966 0.1486 0.5859
vn 0.5779 0.6953 0.4273
vn 0.8115 0.3075 0.4970
vn 0.7025 0.4776 0.5276
vn 0.8115 0.3075 -0.4970
vn 0.8297 0.2025 -0.5202
vn 0.5273 0.6693 -0.5235
vn 0.7022 0.1242 -0.7011
vn 0.7966 0.1486 -0.5859
vn 0.5779 0.6953 -0.4273
vn 0.2856 0.6656 -0.6895
vn 0.3796 0.1274 -0.9163
vn 0.5514 0.1266 -0.8246
vn 0.4151 0.6658 -0.6200
vn -0.0000 0.6656 -0.7463
vn -0.0000 0.1274 -0.9918
vn 0.1935 0.1274 -0.9728
vn 0.1457 0.6653 -0.7323
vn -0.2856 0.6656 -0.6895
vn -0.3796 0.1274 -0.9163
vn -0.1935 0.1274 -0.9728
vn -0.1457 0.6653 -0.7323
vn -0.5277 0.6656 -0.5277
vn -0.7013 0.1274 -0.7013
vn -0.5510 0.1274 -0.8247
vn -0.4148 0.6653 -0.6208
vn -0.6895 0.6656 -0.2856
vn -0.9163 0.1274 -0.3796
vn -0.8247 0.1274 -0.5510
vn -0.6208 0.6653 -0.4148
vn -0.9728 0.1274 -0.1935
vn -0.7322 0.6653 -0.1457
vn 0.8192 0.3609 -0.4458
vn 0.7308 0.5169 0.4458
vn 0.3842 0.8924 0.2368
vn -0.9198 0.0934 0.3810
vn -0.9765 0.0934 0.1942
vn -0.9956 0.0934 -0.0000
vn -0.7040 0.0934 0.7040
vn -0.8278 0.0934 0.5531
vn -0.3810 0.0934 0.9198
vn -0.5531 0.0934 0.8278
vn -0.0000 0.0934 0.9956
vn -0.1942 0.0934 0.9765
vn 0.3810 0.0934 0.9198
vn 0.1942 0.0934 0.9765
vn 0.7040 0.0934 0.7040
vn 0.5531 0.0934 0.8278
vn 0.9190 0.0936 0.3830
vn 0.8272 0.0934 0.5540
vn 0.9955 0.0951 -0.0000
vn 0.9742 0.0942 0.2052
vn 0.9190 0.0936 -0.3830
vn 0.9742 0.0942 -0.2052
vn 0.7040 0.0934 -0.7040
vn 0.8272 0.0934 -0.5540
vn 0.3810 0.0934 -0.9198
vn 0.5531 0.0934 -0.8278
vn -0.0000 0.0934 -0.9956
vn 0.1942 0.0934 -0.9765
vn -0.3810 0.0934 -0.9198
vn -0.1942 0.0934 -0.9765
vn -0.7040 0.0934 -0.7040
vn -0.5531 0.0934 -0.8278
vn -0.9198 0.0934 -0.3810
vn -0.8278 0.0934 -0.5531
vn -0.9765 0.0934 -0.1942
vn -0.9025 0.2141 0.3738
vn -0.9580 0.2141 0.1906
vn -0.9768 0.2141 -0.0000
vn -0.8860 0.2834 0.3670
vn -0.9406 0.2834 0.1871
vn -0.9590 0.2834 -0.0000
vn -0.7182 0.6958 -0.0000
vn -0.7238 0.6900 -0.0000
vn -0.7100 0.6899 0.1412
vn -0.7045 0.6957 0.1401
vn -0.6687 0.6900 0.2770
vn -0.6636 0.6958 0.2749
vn -0.6907 0.2141 0.6907
vn -0.8122 0.2141 0.5427
vn -0.6781 0.2834 0.6781
vn -0.7974 0.2834 0.5328
vn -0.6019 0.6899 0.4022
vn -0.5973 0.6957 0.3991
vn -0.5118 0.6900 0.5118
vn -0.5079 0.6958 0.5079
vn -0.3738 0.2141 0.9025
vn -0.5427 0.2141 0.8122
vn -0.3670 0.2834 0.8860
vn -0.5328 0.2834 0.7974
vn -0.4022 0.6899 0.6019
vn -0.3991 0.6957 0.5973
vn -0.2770 0.6900 0.6687
vn -0.2749 0.6958 0.6636
vn -0.0000 0.2141 0.9768
vn -0.1906 0.2141 0.9580
vn -0.0000 0.2834 0.9590
vn -0.1871 0.2834 0.9406
vn -0.1412 0.6899 0.7100
vn -0.1401 0.6957 0.7045
vn -0.0000 0.6900 0.7238
vn -0.0000 0.6958 0.7182
vn 0.3738 0.2141 0.9025
vn 0.1906 0.2141 0.9580
vn 0.3670 0.2834 0.8860
vn 0.1871 0.2834 0.9406
vn 0.1412 0.6899 0.7100
vn 0.1401 0.6957 0.7045
vn 0.2770 0.6900 0.6687
vn 0.2749 0.6958 0.6636
vn 0.6907 0.2141 0.6907
vn 0.5427 0.2141 0.8122
vn 0.6781 0.2834 0.6781
vn 0.5328 0.2834 0.7974
vn 0.4022 0.6899 0.6019
vn 0.3991 0.6957 0.5973
vn 0.5118 0.6900 0.5118
vn 0.5079 0.6958 0.5079
vn 0.9025 0.2141 0.3738
vn 0.8122 0.2141 0.5427
vn 0.8860 0.2834 0.3670
vn 0.7974 0.2834 0.5328
vn 0.6019 0.6899 0.4022
vn 0.5973 0.6957 0.3991
vn 0.6687 0.6900 0.2770
vn 0.6636 0.6958 0.2749
vn 0.9768 0.2141 -0.0000
vn 0.9580 0.2141 0.1906
vn 0.9590 0.2834 -0.0000
vn 0.9406 0.2834 0.1871
vn 0.7100 0.6899 0.1412
vn 0.7045 0.6957 0.1401
vn 0.7238 0.6900 -0.0000
vn 0.7182 0.6958 -0.0000
vn 0.9025 0.2141 -0.3738
vn 0.9580 0.2141 -0.1906
vn 0.8860 0.2834 -0.3670
vn 0.9406 0.2834 -0.1871
vn 0.7100 0.6899 -0.1412
vn 0.7045 0.6957 -0.1401
vn 0.6687 0.6900 -0.2770
vn 0.6636 0.6958 -0.2749
vn 0.6907 0.2141 -0.6907
vn 0.8122 0.2141 -0.5427
vn 0.6781 0.2834 -0.6781
vn 0.7974 0.2834 -0.5328
vn 0.6019 0.6899 -0.4022
vn 0.5973 0.6957 -0.3991
vn 0.5118 0.6900 -0.5118
vn 0.5079 0.6958 -0.5079
vn 0.3738 0.2141 -0.9025
vn 0.5427 0.2141 -0.8122
vn 0.3670 0.2834 -0.8860
vn 0.5328 0.2834 -0.7974
vn 0.4022 0.6899 -0.6019
vn 0.3991 0.6957 -0.5973
vn 0.2770 0.6900 -0.6687
vn 0.2749 0.6958 -0.6636
vn -0.0000 0.2141 -0.9768
vn 0.1906 0.2141 -0.9580
vn -0.0000 0.2834 -0.9590
vn 0.1871 0.2834 -0.9406
vn 0.1412 0.6899 -0.7100
vn 0.1401 0.6957 -0.7045
vn -0.0000 0.6900 -0.7238
vn -0.0000 0.6958 -0.7183
vn -0.3738 0.2141 -0.9025
vn -0.1906 0.2141 -0.9580
vn -0.3670 0.2834 -0.8860
vn -0.1871 0.2834 -0.9406
vn -0.1412 0.6899 -0.7100
vn -0.1401 0.6957 -0.7045
vn -0.2770 0.6900 -0.6687
vn -0.2749 0.6958 -0.6636
vn -0.6907 0.2141 -0.6907
vn -0.5427 0.2141 -0.8122
vn -0.6781 0.2834 -0.6781
vn -0.5328 0.2834 -0.7974
vn -0.4022 0.6899 -0.6019
vn -0.3991 0.6957 -0.5973
vn -0.5118 0.6900 -0.5118
vn -0.5079 0.6958 -0.5079
vn -0.9025 0.2141 -0.3738
vn -0.8122 0.2141 -0.5427
vn -0.8860 0.2834 -0.3670
vn -0.7974 0.2834 -0.5328
vn -0.6019 0.6899 -0.4022
vn -0.5973 0.6957 -0.3991
vn -0.6687 0.6900 -0.2770
vn -0.6636 0.6958 -0.2749
vn -0.9580 0.2141 -0.1906
vn -0.9406 0.2834 -0.1871
vn -0.7100 0.6899 -0.1412
vn -0.7045 0.6957 -0.1401
vn 0.0067 1.0000 -0.0000
vn -0.4178 0.9086 -0.0000
vn -0.4094 0.9087 0.0814
vn 0.0073 1.0000 -0.0014
vn -0.3860 0.9086 0.1599
vn 0.0061 1.0000 -0.0025
vn -0.3471 0.9087 0.2319
vn 0.0062 1.0000 -0.0041
vn -0.2954 0.9086 0.2954
vn 0.0047 1.0000 -0.0047
vn -0.2319 0.9087 0.3471
vn 0.0041 1.0000 -0.0062
vn -0.1599 0.9086 0.3860
vn 0.0025 1.0000 -0.0061
vn -0.0814 0.9087 0.4094
vn 0.0014 1.0000 -0.0073
vn -0.0000 0.9086 0.4178
vn -0.0000 1.0000 -0.0067
vn 0.0814 0.9087 0.4094
vn -0.0014 1.0000 -0.0073
vn 0.1599 0.9086 0.3860
vn -0.0025 1.0000 -0.0061
vn 0.2319 0.9087 0.3471
vn -0.0041 1.0000 -0.0062
vn 0.2954 0.9086 0.2954
vn -0.0047 1.0000 -0.0047
vn 0.3471 0.9087 0.2319
vn -0.0062 1.0000 -0.0041
vn 0.3860 0.9086 0.1599
vn -0.0061 1.0000 -0.0025
vn 0.4094 0.9087 0.0814
vn -0.0073 1.0000 -0.0014
vn 0.4178 0.9086 -0.0000
vn -0.0067 1.0000 -0.0000
vn 0.4094 0.9087 -0.0814
vn -0.0073 1.0000 0.0015
vn 0.3860 0.9086 -0.1599
vn -0.0061 1.0000 0.0025
vn 0.3471 0.9087 -0.2319
vn -0.0062 1.0000 0.0041
vn 0.2954 0.9086 -0.2954
vn -0.0047 1.0000 0.0047
vn 0.2319 0.9087 -0.3471
vn -0.0041 1.0000 0.0062
vn 0.1599 0.9086 -0.3860
vn -0.0025 1.0000 0.0061
vn 0.0814 0.9087 -0.4094
vn -0.0015 1.0000 0.0073
vn -0.0000 0.9086 -0.4178
vn -0.0000 1.0000 0.0067
vn -0.0814 0.9087 -0.4094
vn 0.0015 1.0000 0.0073
vn -0.1599 0.9086 -0.3860
vn 0.0025 1.0000 0.0061
vn -0.2319 0.9087 -0.3471
vn 0.0041 1.0000 0.0062
vn -0.2954 0.9086 -0.2954
vn 0.0047 1.0000 0.0047
vn -0.3471 0.9087 -0.2319
vn 0.0062 1.0000 0.0041
vn -0.3860 0.9086 -0.1599
vn 0.0061 1.0000 0.0025
vn -0.4094 0.9087 -0.0814
vn 0.0073 1.0000 0.0015
vn -0.0000 1.0000 -0.0000
vn -0.3340 0.9167 0.2194
vn -0.4801 0.8772 -0.0000
vn -0.1777 0.9725 0.1505
vn 0.0239 0.9997 -0.0048
vn 0.0248 0.9997 -0.0000
vn 0.0230 0.9997 -0.0095
vn 0.0203 0.9997 -0.0135
vn 0.0176 0.9997 -0.0176
vn 0.0135 0.9997 -0.0203
vn 0.0095 0.9997 -0.0230
vn 0.0048 0.9997 -0.0239
vn -0.0000 0.9997 -0.0248
vn -0.0048 0.9997 -0.0239
vn -0.0095 0.9997 -0.0230
vn -0.0148 0.9996 -0.0228
vn -0.0288 0.9991 -0.0301
vn -0.0741 0.9954 -0.0602
vn -0.1777 0.9725 -0.1505
vn -0.0741 0.9954 0.0602
vn -0.0288 0.9991 0.0301
vn -0.0149 0.9996 0.0228
vn -0.0095 0.9997 0.0230
vn -0.0048 0.9997 0.0239
vn -0.0000 0.9997 0.0248
vn 0.0048 0.9997 0.0239
vn 0.0095 0.9997 0.0230
vn 0.0135 0.9997 0.0203
vn 0.0176 0.9997 0.0176
vn 0.0203 0.9997 0.0135
vn 0.0230 0.9997 0.0095
vn 0.0239 0.9997 0.0048
vn -0.3340 0.9167 -0.2194
vt 0.022278 0.125241
vt 0.043330 0.130356
vt 0.041438 0.136234
vt 0.019811 0.131428
vt 0.064462 0.133496
vt 0.063063 0.139293
vt 0.061782 0.144712
vt 0.039797 0.141814
vt 0.017612 0.137336
vt 0.085814 0.135479
vt 0.084752 0.141208
vt 0.107228 0.136754
vt 0.106440 0.142524
vt 0.105712 0.147898
vt 0.083792 0.146622
vt 0.128797 0.137530
vt 0.128213 0.143260
vt 0.150434 0.137963
vt 0.150008 0.143757
vt 0.149611 0.149148
vt 0.127673 0.148686
vt 0.172181 0.138139
vt 0.171878 0.143887
vt 0.193985 0.138129
vt 0.193777 0.143941
vt 0.193582 0.149347
vt 0.171594 0.149338
vt 0.215867 0.137978
vt 0.215735 0.143735
vt 0.237792 0.137717
vt 0.237723 0.143536
vt 0.237656 0.148948
vt 0.215611 0.149199
vt 0.259771 0.137374
vt 0.259753 0.143133
vt 0.281780 0.136960
vt 0.281806 0.142779
vt 0.281830 0.148190
vt 0.259735 0.148601
vt 0.303821 0.136493
vt 0.303886 0.142251
vt 0.325880 0.135973
vt 0.325982 0.141792
vt 0.326077 0.147202
vt 0.303948 0.147718
vt 0.347952 0.135411
vt 0.348087 0.141169
vt 0.370028 0.134794
vt 0.370197 0.140616
vt 0.370356 0.146029
vt 0.348215 0.146638
vt 0.392102 0.134121
vt 0.392303 0.139878
vt 0.414169 0.133394
vt 0.414406 0.139209
vt 0.414627 0.144616
vt 0.392494 0.145345
vt 0.436220 0.132627
vt 0.436491 0.138378
vt 0.458251 0.131806
vt 0.458564 0.137618
vt 0.458857 0.143021
vt 0.436749 0.143840
vt 0.480247 0.130936
vt 0.480601 0.136684
vt 0.502208 0.129995
vt 0.502617 0.135801
vt 0.502999 0.141199
vt 0.480938 0.142141
vt 0.524111 0.128976
vt 0.524579 0.134716
vt 0.545964 0.127850
vt 0.546511 0.133641
vt 0.547022 0.139026
vt 0.525021 0.140164
vt 0.567732 0.126589
vt 0.568370 0.132309
vt 0.589432 0.125144
vt 0.590195 0.130903
vt 0.590906 0.136262
vt 0.568972 0.137734
vt 0.611006 0.123449
vt 0.611924 0.129135
vt 0.632494 0.121416
vt 0.633617 0.127130
vt 0.634657 0.132452
vt 0.612780 0.134521
vt 0.653797 0.118893
vt 0.655191 0.124550
vt 0.674996 0.115667
vt 0.676731 0.121373
vt 0.678327 0.126707
vt 0.656465 0.129899
vt 0.695909 0.111299
vt 0.698141 0.117057
vt 0.716627 0.104964
vt 0.719450 0.110997
vt 0.721991 0.116767
vt 0.700105 0.122532
vt 0.000000 0.432222
vt 0.023747 0.432081
vt 0.026099 0.487584
vt 0.002478 0.489347
vt 0.047649 0.431768
vt 0.050013 0.486174
vt 0.051208 0.503214
vt 0.027615 0.504919
vt 0.003937 0.507272
vt 0.071448 0.431372
vt 0.073688 0.484979
vt 0.095299 0.430843
vt 0.097439 0.483940
vt 0.098383 0.500666
vt 0.074819 0.501876
vt 0.119038 0.430308
vt 0.121031 0.482953
vt 0.142773 0.429662
vt 0.144658 0.482029
vt 0.145446 0.498542
vt 0.121940 0.499579
vt 0.166412 0.429030
vt 0.168162 0.481121
vt 0.190027 0.428311
vt 0.191676 0.480247
vt 0.192354 0.496626
vt 0.168930 0.497570
vt 0.213569 0.427611
vt 0.215084 0.479382
vt 0.237088 0.426846
vt 0.238479 0.478540
vt 0.239057 0.494853
vt 0.215740 0.495729
vt 0.260562 0.426101
vt 0.261769 0.477701
vt 0.284030 0.425304
vt 0.284997 0.476861
vt 0.285491 0.493193
vt 0.262316 0.494019
vt 0.307494 0.424524
vt 0.308062 0.475960
vt 0.330353 0.423723
vt 0.328474 0.474903
vt 0.327041 0.491493
vt 0.308563 0.492395
vt 0.343466 0.473732
vt 0.336072 0.490638
vt 0.351935 0.423053
vt 0.379037 0.443327
vt 0.355321 0.474938
vt 0.344676 0.490477
vt 0.433756 0.488376
vt 0.424690 0.488050
vt 0.416322 0.471605
vt 0.431357 0.471898
vt 0.416091 0.488391
vt 0.404558 0.473500
vt 0.404910 0.421506
vt 0.426494 0.420916
vt 0.449362 0.420381
vt 0.451796 0.471762
vt 0.472830 0.419791
vt 0.474874 0.471316
vt 0.475334 0.487650
vt 0.452255 0.488199
vt 0.496305 0.419217
vt 0.498111 0.470800
vt 0.519783 0.418590
vt 0.521411 0.470277
vt 0.521786 0.486596
vt 0.498517 0.487121
vt 0.543306 0.417982
vt 0.544815 0.469753
vt 0.566849 0.417307
vt 0.568234 0.469250
vt 0.568512 0.485641
vt 0.545114 0.486111
vt 0.590466 0.416646
vt 0.591759 0.468751
vt 0.614101 0.415899
vt 0.615276 0.468286
vt 0.615452 0.484816
vt 0.591952 0.485216
vt 0.637834 0.415158
vt 0.638917 0.467829
vt 0.661564 0.414306
vt 0.662525 0.467438
vt 0.662560 0.484191
vt 0.638979 0.484480
vt 0.685405 0.413443
vt 0.686297 0.467089
vt 0.709186 0.412449
vt 0.710001 0.466900
vt 0.709803 0.483981
vt 0.686154 0.484023
vt 0.733066 0.411367
vt 0.733957 0.466912
vt 0.756781 0.410122
vt 0.757640 0.467294
vt 0.757230 0.485273
vt 0.733455 0.484306
vt 0.380623 0.497635
vt 0.380573 0.495923
vt 0.400502 0.495795
vt 0.401051 0.497623
vt 0.380402 0.490069
vt 0.398704 0.490607
vt 0.420321 0.495338
vt 0.427874 0.497386
vt 0.380027 0.477222
vt 0.365912 0.480357
vt 0.362163 0.491674
vt 0.028318 0.512303
vt 0.004806 0.514870
vt 0.051812 0.510538
vt 0.051969 0.512428
vt 0.028517 0.514211
vt 0.005076 0.516811
vt 0.075323 0.509112
vt 0.098842 0.507848
vt 0.098962 0.509704
vt 0.075459 0.510981
vt 0.122346 0.506703
vt 0.145828 0.505628
vt 0.145927 0.507459
vt 0.122455 0.508542
vt 0.169274 0.504619
vt 0.192680 0.503652
vt 0.192766 0.505468
vt 0.169366 0.506438
vt 0.216037 0.502736
vt 0.239336 0.501852
vt 0.239410 0.503660
vt 0.216117 0.504543
vt 0.262567 0.501016
vt 0.285716 0.500197
vt 0.285780 0.502014
vt 0.262634 0.502821
vt 0.308809 0.499463
vt 0.326599 0.498488
vt 0.333438 0.500144
vt 0.308876 0.501316
vt 0.340859 0.497659
vt 0.333450 0.497496
vt 0.434605 0.495334
vt 0.427708 0.494743
vt 0.452422 0.495269
vt 0.475518 0.494654
vt 0.475560 0.496472
vt 0.452463 0.497123
vt 0.498676 0.494121
vt 0.521916 0.493600
vt 0.521948 0.495409
vt 0.498714 0.495927
vt 0.545227 0.493122
vt 0.568597 0.492674
vt 0.568618 0.494492
vt 0.545253 0.494932
vt 0.592020 0.492274
vt 0.615485 0.491913
vt 0.615493 0.493746
vt 0.592034 0.494095
vt 0.638990 0.491616
vt 0.662520 0.491387
vt 0.662509 0.493247
vt 0.638988 0.493458
vt 0.686073 0.491276
vt 0.709627 0.491327
vt 0.709581 0.493224
vt 0.686046 0.493150
vt 0.733184 0.491719
vt 0.756806 0.492909
vt 0.756649 0.494862
vt 0.733097 0.493635
vt 0.394301 0.479528
vt 0.360671 0.496958
vt 0.360229 0.498815
vt 0.012281 0.154724
vt 0.035625 0.157641
vt 0.058482 0.160038
vt 0.081270 0.161812
vt 0.103761 0.163100
vt 0.126224 0.163903
vt 0.148520 0.164426
vt 0.170821 0.164625
vt 0.193035 0.164680
vt 0.215270 0.164525
vt 0.237467 0.164301
vt 0.259687 0.163936
vt 0.281894 0.163544
vt 0.304120 0.163052
vt 0.326344 0.162554
vt 0.348573 0.161975
vt 0.370804 0.161401
vt 0.393031 0.160676
vt 0.415256 0.159957
vt 0.437471 0.159158
vt 0.459688 0.158352
vt 0.481880 0.157448
vt 0.504084 0.156516
vt 0.526256 0.155443
vt 0.548462 0.154301
vt 0.570636 0.152950
vt 0.592886 0.151449
vt 0.615114 0.149627
vt 0.637492 0.147514
vt 0.659870 0.144915
vt 0.682515 0.141815
vt 0.705194 0.138088
vt 0.728327 0.133814
vt 0.013904 0.148905
vt 0.036916 0.152447
vt 0.059509 0.155021
vt 0.038275 0.147182
vt 0.015696 0.143143
vt 0.060618 0.149936
vt 0.045487 0.123891
vt 0.066061 0.127187
vt 0.025261 0.118638
vt 0.027719 0.113409
vt 0.047319 0.118755
vt 0.067367 0.122071
vt 0.082064 0.156843
vt 0.104379 0.158123
vt 0.082894 0.151792
vt 0.105032 0.153085
vt 0.087011 0.129107
vt 0.108100 0.130489
vt 0.087988 0.124034
vt 0.108804 0.125385
vt 0.126685 0.158926
vt 0.148871 0.159421
vt 0.127165 0.153862
vt 0.149234 0.154361
vt 0.129451 0.131143
vt 0.150898 0.131687
vt 0.129974 0.126072
vt 0.151269 0.126569
vt 0.171068 0.159625
vt 0.193212 0.159656
vt 0.171325 0.154534
vt 0.193394 0.154579
vt 0.172519 0.131727
vt 0.194209 0.131841
vt 0.172786 0.126646
vt 0.194386 0.126711
vt 0.215380 0.159511
vt 0.237529 0.159269
vt 0.215493 0.154407
vt 0.237592 0.154187
vt 0.216012 0.131552
vt 0.237866 0.131426
vt 0.216126 0.126464
vt 0.237923 0.126291
vt 0.259702 0.158919
vt 0.281873 0.158512
vt 0.259718 0.153811
vt 0.281852 0.153430
vt 0.259790 0.130945
vt 0.281750 0.130670
vt 0.259804 0.125857
vt 0.281724 0.125536
vt 0.304064 0.158036
vt 0.326257 0.157522
vt 0.304006 0.152927
vt 0.326168 0.152441
vt 0.303748 0.130065
vt 0.325768 0.129684
vt 0.303689 0.124979
vt 0.325677 0.124551
vt 0.348456 0.156957
vt 0.370657 0.156361
vt 0.348337 0.151848
vt 0.370509 0.151273
vt 0.347800 0.128982
vt 0.369844 0.128504
vt 0.347681 0.123895
vt 0.369694 0.123370
vt 0.392855 0.155661
vt 0.415050 0.154929
vt 0.392676 0.150553
vt 0.414842 0.149851
vt 0.391878 0.127695
vt 0.413913 0.127110
vt 0.391700 0.122610
vt 0.413705 0.121980
vt 0.437235 0.154147
vt 0.459415 0.153327
vt 0.436994 0.149044
vt 0.459140 0.148253
vt 0.435919 0.126206
vt 0.457914 0.125526
vt 0.435680 0.121124
vt 0.457641 0.120399
vt 0.481572 0.152440
vt 0.503729 0.151496
vt 0.481259 0.147342
vt 0.503369 0.146425
vt 0.479853 0.124519
vt 0.501767 0.123719
vt 0.479542 0.119440
vt 0.501411 0.118597
vt 0.525854 0.150445
vt 0.547992 0.149295
vt 0.525443 0.145356
vt 0.547514 0.144238
vt 0.523591 0.122570
vt 0.545374 0.121587
vt 0.523181 0.117498
vt 0.544898 0.116475
vt 0.570096 0.147972
vt 0.592245 0.146474
vt 0.569544 0.142906
vt 0.591586 0.141443
vt 0.567021 0.120207
vt 0.588603 0.118906
vt 0.566458 0.115150
vt 0.587933 0.113817
vt 0.614363 0.144685
vt 0.636584 0.142582
vt 0.613589 0.139658
vt 0.635639 0.137590
vt 0.609981 0.117110
vt 0.631258 0.115212
vt 0.609163 0.112079
vt 0.630257 0.110158
vt 0.658787 0.140001
vt 0.681198 0.136867
vt 0.657664 0.135008
vt 0.679794 0.131855
vt 0.652230 0.112601
vt 0.673032 0.109462
vt 0.650959 0.107595
vt 0.671430 0.104432
vt 0.703601 0.132979
vt 0.726368 0.128100
vt 0.701937 0.127802
vt 0.724242 0.122452
vt 0.693379 0.104971
vt 0.713263 0.098547
vt 0.691250 0.099951
vt 0.710505 0.093471
vt 0.048025 0.116803
vt 0.067863 0.120145
vt 0.028669 0.111454
vt 0.034254 0.100883
vt 0.051210 0.108277
vt 0.070633 0.109298
vt 0.088363 0.122090
vt 0.109067 0.123468
vt 0.089989 0.113672
vt 0.110515 0.112614
vt 0.130174 0.124125
vt 0.151406 0.124649
vt 0.131028 0.115739
vt 0.152151 0.113768
vt 0.172887 0.124693
vt 0.194451 0.124789
vt 0.173317 0.116303
vt 0.194797 0.113886
vt 0.216169 0.124509
vt 0.237943 0.124369
vt 0.216349 0.116115
vt 0.238045 0.113458
vt 0.259809 0.123901
vt 0.281713 0.123614
vt 0.259829 0.115509
vt 0.281647 0.112704
vt 0.303666 0.123023
vt 0.325642 0.122629
vt 0.303567 0.114634
vt 0.325443 0.111722
vt 0.347634 0.121940
vt 0.369638 0.121448
vt 0.347436 0.113552
vt 0.369319 0.110540
vt 0.391632 0.120655
vt 0.413628 0.120060
vt 0.391341 0.112270
vt 0.413190 0.109159
vt 0.435589 0.119170
vt 0.457539 0.118479
vt 0.435198 0.110791
vt 0.456969 0.107585
vt 0.479422 0.117488
vt 0.501279 0.116679
vt 0.478913 0.109111
vt 0.500540 0.105793
vt 0.523024 0.115548
vt 0.544721 0.114561
vt 0.522354 0.107179
vt 0.543740 0.103696
vt 0.566242 0.113206
vt 0.587685 0.111909
vt 0.565324 0.104855
vt 0.586306 0.101089
vt 0.608850 0.110147
vt 0.629882 0.108259
vt 0.607508 0.101825
vt 0.627804 0.097508
vt 0.650471 0.105676
vt 0.670822 0.102538
vt 0.648357 0.097367
vt 0.667424 0.091871
vt 0.690431 0.098043
vt 0.709443 0.091574
vt 0.686754 0.089718
vt 0.703250 0.081347
vt 0.606923 0.008906
vt 0.586964 0.009964
vt 0.568738 0.011763
vt 0.546904 0.012640
vt 0.527994 0.014022
vt 0.505129 0.014810
vt 0.485924 0.015922
vt 0.462510 0.016665
vt 0.443189 0.017575
vt 0.419502 0.018298
vt 0.400145 0.019033
vt 0.376356 0.019740
vt 0.356997 0.020306
vt 0.333207 0.020988
vt 0.313840 0.021384
vt 0.290151 0.022044
vt 0.270810 0.022263
vt 0.247392 0.022887
vt 0.228155 0.022898
vt 0.205283 0.023446
vt 0.186325 0.023170
vt 0.164477 0.023568
vt 0.146177 0.022835
vt 0.126190 0.022944
vt 0.109353 0.021471
vt 0.092768 0.021000
vt 0.079446 0.018567
vt 0.070409 0.017284
vt 0.662278 -0.000000
vt 0.653332 0.001808
vt 0.640175 0.005015
vt 0.623645 0.006453
vt 0.094558 0.877653
vt 0.096063 0.882525
vt 0.075367 0.887165
vt 0.073506 0.882186
vt 0.097706 0.887759
vt 0.077473 0.892428
vt 0.057446 0.898941
vt 0.054799 0.893442
vt 0.052427 0.888206
vt 0.136672 0.871076
vt 0.137674 0.875962
vt 0.116843 0.878951
vt 0.115618 0.874051
vt 0.138761 0.881229
vt 0.118180 0.884159
vt 0.178830 0.866402
vt 0.179534 0.871336
vt 0.158584 0.873513
vt 0.157741 0.868558
vt 0.180294 0.876660
vt 0.159487 0.878770
vt 0.221083 0.862850
vt 0.221601 0.867818
vt 0.200550 0.869512
vt 0.199941 0.864509
vt 0.222159 0.873180
vt 0.201197 0.874813
vt 0.263442 0.860031
vt 0.263836 0.865016
vt 0.242704 0.866388
vt 0.242247 0.861358
vt 0.264259 0.870398
vt 0.243187 0.871715
vt 0.305902 0.857740
vt 0.306202 0.862734
vt 0.285008 0.863865
vt 0.284659 0.858821
vt 0.306524 0.868125
vt 0.285376 0.869204
vt 0.348435 0.855873
vt 0.348658 0.860873
vt 0.327424 0.861801
vt 0.327161 0.856750
vt 0.348897 0.866271
vt 0.327701 0.867147
vt 0.391042 0.854409
vt 0.391189 0.859415
vt 0.369912 0.860138
vt 0.369723 0.855080
vt 0.391346 0.864819
vt 0.370111 0.865491
vt 0.433663 0.853384
vt 0.433732 0.858388
vt 0.412471 0.858895
vt 0.412365 0.853835
vt 0.433808 0.863792
vt 0.412585 0.864251
vt 0.476232 0.852765
vt 0.476225 0.857768
vt 0.454984 0.858076
vt 0.454952 0.853018
vt 0.476217 0.863170
vt 0.455019 0.863429
vt 0.518753 0.852575
vt 0.518651 0.857575
vt 0.497448 0.857661
vt 0.497502 0.852605
vt 0.518543 0.862972
vt 0.497392 0.863012
vt 0.561205 0.852917
vt 0.560978 0.857907
vt 0.539827 0.857711
vt 0.539990 0.852662
vt 0.560733 0.863292
vt 0.539656 0.863057
vt 0.603593 0.853997
vt 0.603178 0.858964
vt 0.582091 0.858370
vt 0.582407 0.853339
vt 0.602730 0.864323
vt 0.581756 0.863699
vt 0.645952 0.856203
vt 0.645237 0.861139
vt 0.624220 0.859915
vt 0.624773 0.854919
vt 0.644460 0.866461
vt 0.623625 0.865215
vt 0.688378 0.860311
vt 0.687160 0.865262
vt 0.666207 0.862907
vt 0.667144 0.857944
vt 0.685826 0.870584
vt 0.665176 0.868185
vt 0.731053 0.868388
vt 0.728991 0.873753
vt 0.708091 0.868687
vt 0.709659 0.863608
vt 0.726669 0.879397
vt 0.706297 0.874064
vt 0.053017 0.524729
vt 0.054524 0.541879
vt 0.031457 0.543920
vt 0.029798 0.526681
vt 0.059062 0.595915
vt 0.036137 0.598296
vt 0.013128 0.600796
vt 0.008495 0.546476
vt 0.006821 0.529258
vt 0.099770 0.521768
vt 0.100993 0.538572
vt 0.077693 0.540080
vt 0.076379 0.523165
vt 0.105140 0.591771
vt 0.082130 0.593778
vt 0.146600 0.519358
vt 0.147632 0.535921
vt 0.124281 0.537159
vt 0.123198 0.520521
vt 0.151297 0.588412
vt 0.128242 0.590045
vt 0.193345 0.517264
vt 0.194235 0.533678
vt 0.170924 0.534736
vt 0.169997 0.518283
vt 0.197475 0.585696
vt 0.174406 0.587023
vt 0.239909 0.515408
vt 0.240684 0.531756
vt 0.217470 0.532662
vt 0.216661 0.516313
vt 0.243654 0.583491
vt 0.220578 0.584573
vt 0.286150 0.513843
vt 0.286832 0.530228
vt 0.263792 0.530915
vt 0.263090 0.514582
vt 0.289869 0.581692
vt 0.266762 0.582579
vt 0.327316 0.513105
vt 0.330108 0.529356
vt 0.309706 0.529751
vt 0.309052 0.513353
vt 0.335610 0.580056
vt 0.313032 0.580913
vt 0.382340 0.556418
vt 0.356924 0.579116
vt 0.345210 0.528987
vt 0.356935 0.526374
vt 0.336406 0.512969
vt 0.345044 0.511905
vt 0.405948 0.524943
vt 0.417806 0.526867
vt 0.409037 0.577595
vt 0.416975 0.509804
vt 0.425660 0.510363
vt 0.434742 0.509968
vt 0.432904 0.526354
vt 0.430369 0.577288
vt 0.475882 0.508302
vt 0.476157 0.524699
vt 0.453294 0.525558
vt 0.452989 0.509150
vt 0.476129 0.576253
vt 0.452959 0.576826
vt 0.522135 0.507166
vt 0.522315 0.523531
vt 0.499197 0.524041
vt 0.498945 0.507695
vt 0.522369 0.575352
vt 0.499247 0.575790
vt 0.568728 0.506302
vt 0.568797 0.522740
vt 0.545543 0.523081
vt 0.545396 0.506713
vt 0.568598 0.574858
vt 0.545469 0.575085
vt 0.615515 0.505664
vt 0.615452 0.522260
vt 0.592130 0.522436
vt 0.592095 0.505956
vt 0.614856 0.574874
vt 0.591705 0.574837
vt 0.662406 0.505337
vt 0.662165 0.522184
vt 0.638835 0.522132
vt 0.638945 0.505460
vt 0.661131 0.575535
vt 0.637967 0.575159
vt 0.709253 0.505565
vt 0.708749 0.522773
vt 0.685515 0.522330
vt 0.685839 0.505367
vt 0.707372 0.576982
vt 0.684219 0.576195
vt 0.755634 0.507391
vt 0.754967 0.524677
vt 0.731895 0.523465
vt 0.732546 0.506158
vt 0.753512 0.579174
vt 0.730397 0.578021
vt 0.399442 0.507278
vt 0.401190 0.502060
vt 0.421071 0.502941
vt 0.380916 0.507656
vt 0.380740 0.501617
vt 0.380693 0.500024
vt 0.401578 0.500260
vt 0.428318 0.500833
vt 0.362400 0.508360
vt 0.367164 0.519465
vt 0.381317 0.521384
vt 0.052230 0.515511
vt 0.052391 0.517403
vt 0.029045 0.519247
vt 0.028845 0.517330
vt 0.005983 0.521856
vt 0.005716 0.519937
vt 0.099161 0.512727
vt 0.099285 0.514581
vt 0.075823 0.515905
vt 0.075684 0.514031
vt 0.146092 0.510441
vt 0.146196 0.512270
vt 0.122747 0.513385
vt 0.122635 0.511542
vt 0.192908 0.508424
vt 0.192996 0.510237
vt 0.169614 0.511228
vt 0.169519 0.509405
vt 0.239532 0.506605
vt 0.239608 0.508410
vt 0.216331 0.509303
vt 0.216248 0.507492
vt 0.285909 0.504976
vt 0.285948 0.506802
vt 0.262814 0.507576
vt 0.262746 0.505767
vt 0.333196 0.503611
vt 0.326499 0.506035
vt 0.308929 0.506214
vt 0.308963 0.504330
vt 0.333249 0.506476
vt 0.340554 0.505293
vt 0.428433 0.503696
vt 0.435146 0.502862
vt 0.475605 0.499437
vt 0.475672 0.501261
vt 0.452695 0.502015
vt 0.452552 0.500137
vt 0.521998 0.498356
vt 0.522027 0.500162
vt 0.498811 0.500684
vt 0.498774 0.498874
vt 0.568648 0.497452
vt 0.568666 0.499266
vt 0.545317 0.499695
vt 0.545293 0.497883
vt 0.615502 0.496733
vt 0.615505 0.498564
vt 0.592066 0.498891
vt 0.592054 0.497066
vt 0.662486 0.496276
vt 0.662471 0.498135
vt 0.638979 0.498310
vt 0.638983 0.496464
vt 0.709501 0.496317
vt 0.709450 0.498215
vt 0.685971 0.498087
vt 0.686000 0.496208
vt 0.756193 0.498020
vt 0.756038 0.499952
vt 0.732863 0.498693
vt 0.732951 0.496768
vt 0.395333 0.518642
vt 0.360350 0.503253
vt 0.359857 0.501478
vt 0.090516 0.863576
vt 0.068502 0.867756
vt 0.046352 0.872414
vt 0.133883 0.856973
vt 0.112230 0.859995
vt 0.176830 0.852139
vt 0.155366 0.854353
vt 0.219592 0.848478
vt 0.198206 0.850165
vt 0.262304 0.845602
vt 0.240937 0.846936
vt 0.305032 0.843285
vt 0.283657 0.844362
vt 0.347788 0.841399
vt 0.326406 0.842273
vt 0.390619 0.839914
vt 0.369171 0.840578
vt 0.433464 0.838897
vt 0.412070 0.839325
vt 0.476257 0.838284
vt 0.454861 0.838521
vt 0.519047 0.838105
vt 0.497659 0.838113
vt 0.561855 0.838482
vt 0.540456 0.838189
vt 0.604757 0.839642
vt 0.583302 0.838919
vt 0.647913 0.841961
vt 0.626314 0.840599
vt 0.691592 0.846022
vt 0.669706 0.843714
vt 0.736196 0.852268
vt 0.713812 0.848910
vt 0.091792 0.868209
vt 0.070093 0.872517
vt 0.048242 0.877736
vt 0.093149 0.872888
vt 0.071735 0.877328
vt 0.050283 0.882977
vt 0.063208 0.909533
vt 0.060647 0.904911
vt 0.079901 0.898335
vt 0.081888 0.902920
vt 0.099595 0.893571
vt 0.101101 0.898179
vt 0.134780 0.861613
vt 0.113322 0.864620
vt 0.135711 0.866297
vt 0.114444 0.869302
vt 0.119711 0.890069
vt 0.120920 0.894669
vt 0.139978 0.887067
vt 0.140943 0.891717
vt 0.177481 0.856833
vt 0.156139 0.859027
vt 0.178147 0.861567
vt 0.156929 0.863762
vt 0.160515 0.884746
vt 0.161316 0.889386
vt 0.181135 0.882549
vt 0.181799 0.887243
vt 0.220080 0.853210
vt 0.198775 0.854885
vt 0.220575 0.857978
vt 0.199353 0.859669
vt 0.201930 0.880843
vt 0.202498 0.885519
vt 0.222774 0.879104
vt 0.223259 0.883827
vt 0.262678 0.850354
vt 0.241368 0.851681
vt 0.263056 0.855140
vt 0.241805 0.856492
vt 0.243734 0.877776
vt 0.244157 0.882473
vt 0.264724 0.876340
vt 0.265093 0.881079
vt 0.305319 0.848045
vt 0.283987 0.849119
vt 0.305607 0.852840
vt 0.284322 0.853943
vt 0.285793 0.875280
vt 0.286115 0.879987
vt 0.306879 0.874077
vt 0.307160 0.878823
vt 0.348002 0.846166
vt 0.326654 0.847036
vt 0.348216 0.850967
vt 0.326907 0.851866
vt 0.328016 0.873232
vt 0.328259 0.877944
vt 0.349160 0.872229
vt 0.349369 0.876981
vt 0.390759 0.844688
vt 0.369355 0.845350
vt 0.390899 0.849496
vt 0.369539 0.850188
vt 0.370337 0.871583
vt 0.370511 0.876301
vt 0.391521 0.870783
vt 0.391659 0.875539
vt 0.433529 0.843668
vt 0.412165 0.844099
vt 0.433595 0.848473
vt 0.412263 0.848941
vt 0.412715 0.870346
vt 0.412817 0.875066
vt 0.433894 0.869755
vt 0.433962 0.874511
vt 0.476249 0.843053
vt 0.454890 0.843291
vt 0.476240 0.847857
vt 0.454921 0.848128
vt 0.455060 0.869521
vt 0.455093 0.874240
vt 0.476210 0.869131
vt 0.476207 0.873886
vt 0.518951 0.842869
vt 0.497607 0.842881
vt 0.518853 0.847670
vt 0.497554 0.847716
vt 0.497330 0.869103
vt 0.497284 0.873820
vt 0.518425 0.868931
vt 0.518334 0.873684
vt 0.561644 0.843235
vt 0.540303 0.842951
vt 0.561427 0.848024
vt 0.540147 0.847780
vt 0.539463 0.869140
vt 0.539316 0.873853
vt 0.560466 0.869242
vt 0.560256 0.873985
vt 0.604382 0.844366
vt 0.583010 0.843664
vt 0.603993 0.849131
vt 0.582712 0.848473
vt 0.581375 0.869762
vt 0.581082 0.874463
vt 0.602235 0.870251
vt 0.601845 0.874976
vt 0.647289 0.846646
vt 0.625815 0.845311
vt 0.646632 0.851376
vt 0.625303 0.850084
vt 0.622947 0.871241
vt 0.622419 0.875920
vt 0.643585 0.872360
vt 0.642893 0.877058
vt 0.690588 0.850722
vt 0.668885 0.848395
vt 0.689507 0.855472
vt 0.668039 0.853135
vt 0.663993 0.874174
vt 0.663055 0.878836
vt 0.684279 0.876496
vt 0.683044 0.881184
vt 0.734620 0.857691
vt 0.712502 0.853756
vt 0.732888 0.863043
vt 0.711143 0.858655
vt 0.704217 0.880103
vt 0.702501 0.884796
vt 0.723823 0.885544
vt 0.721535 0.890308
vt 0.069869 0.920483
vt 0.063975 0.910890
vt 0.082485 0.904285
vt 0.085960 0.912031
vt 0.101548 0.899540
vt 0.104830 0.909587
vt 0.121282 0.896048
vt 0.123323 0.903815
vt 0.141225 0.893087
vt 0.143292 0.903251
vt 0.161556 0.890780
vt 0.162890 0.898591
vt 0.181994 0.888624
vt 0.183410 0.898880
vt 0.202668 0.886924
vt 0.203609 0.894782
vt 0.223401 0.885216
vt 0.224437 0.895531
vt 0.244283 0.883885
vt 0.244984 0.891771
vt 0.265200 0.882472
vt 0.265989 0.892818
vt 0.286211 0.881402
vt 0.286747 0.889303
vt 0.307242 0.880217
vt 0.307847 0.890579
vt 0.328332 0.879361
vt 0.328737 0.887270
vt 0.349430 0.878377
vt 0.349881 0.888750
vt 0.370563 0.877720
vt 0.370853 0.885637
vt 0.391700 0.876936
vt 0.392004 0.887318
vt 0.412848 0.876485
vt 0.413020 0.884406
vt 0.433983 0.875908
vt 0.434138 0.886290
vt 0.455103 0.875659
vt 0.455160 0.883578
vt 0.476206 0.875283
vt 0.476207 0.885663
vt 0.497270 0.875238
vt 0.497197 0.883157
vt 0.518308 0.875080
vt 0.518125 0.885455
vt 0.539272 0.875270
vt 0.539032 0.883184
vt 0.560196 0.875380
vt 0.559764 0.885738
vt 0.580994 0.875876
vt 0.580513 0.883775
vt 0.601732 0.876366
vt 0.600916 0.886687
vt 0.622261 0.877326
vt 0.621384 0.885201
vt 0.642691 0.878442
vt 0.641221 0.888709
vt 0.662773 0.880235
vt 0.661189 0.888108
vt 0.682678 0.882568
vt 0.679987 0.892790
vt 0.701985 0.886194
vt 0.698967 0.894129
vt 0.720849 0.891707
vt 0.715524 0.901627
vt 0.605267 0.976219
vt 0.624297 0.976657
vt 0.566758 0.975088
vt 0.587399 0.975232
vt 0.526783 0.974648
vt 0.548280 0.974577
vt 0.486109 0.974719
vt 0.508049 0.974469
vt 0.445124 0.975213
vt 0.467280 0.974804
vt 0.404028 0.976102
vt 0.426271 0.975534
vt 0.362943 0.977384
vt 0.385181 0.976653
vt 0.321961 0.979047
vt 0.344103 0.978163
vt 0.281242 0.981093
vt 0.303159 0.980062
vt 0.241085 0.983548
vt 0.262551 0.982365
vt 0.202071 0.986485
vt 0.222669 0.985136
vt 0.165320 0.990061
vt 0.184292 0.988513
vt 0.133038 0.994587
vt 0.148951 0.992731
vt 0.111170 1.000000
vt 0.120020 0.997961
vt 0.669981 0.981900
vt 0.678934 0.983419
vt 0.640793 0.978367
vt 0.656788 0.979292
vt 0.401470 0.498927
vt 0.380660 0.498893
vt 0.427741 0.498814
vt 0.028681 0.515772
vt 0.005396 0.518375
vt 0.052099 0.513965
vt 0.075571 0.512510
vt 0.099061 0.511211
vt 0.122545 0.510046
vt 0.146009 0.508946
vt 0.169442 0.507926
vt 0.192837 0.506942
vt 0.216182 0.506022
vt 0.239470 0.505128
vt 0.262690 0.504298
vt 0.285850 0.503499
vt 0.308937 0.502856
vt 0.333655 0.501562
vt 0.452492 0.498663
vt 0.475578 0.497958
vt 0.498744 0.497405
vt 0.521973 0.496878
vt 0.545274 0.496412
vt 0.568633 0.495968
vt 0.592045 0.495585
vt 0.615497 0.495235
vt 0.638986 0.494965
vt 0.662498 0.494757
vt 0.686024 0.494683
vt 0.709541 0.494766
vt 0.733024 0.495203
vt 0.756421 0.496443
vt 0.359888 0.500141
s 1
usemtl glassflask
f 114/1/1 511/2/2 261/3/3 514/4/4
f 67/5/5 512/6/6 261/3/3 511/2/2
f 68/7/7 513/8/8 261/3/3 512/6/6
f 113/9/9 514/4/4 261/3/3 513/8/8
f 67/5/5 515/10/10 262/11/11 512/6/6
f 70/12/12 516/13/13 262/11/11 515/10/10
f 71/14/14 517/15/15 262/11/11 516/13/13
f 68/7/7 512/6/6 262/11/11 517/15/15
f 70/12/12 518/16/16 263/17/17 516/13/13
f 73/18/18 519/19/19 263/17/17 518/16/16
f 74/20/20 520/21/21 263/17/17 519/19/19
f 71/14/14 516/13/13 263/17/17 520/21/21
f 73/18/18 521/22/22 264/23/23 519/19/19
f 76/24/24 522/25/25 264/23/23 521/22/22
f 77/26/26 523/27/27 264/23/23 522/25/25
f 74/20/20 519/19/19 264/23/23 523/27/27
f 76/24/24 524/28/28 265/29/29 522/25/25
f 79/30/30 525/31/31 265/29/29 524/28/28
f 80/32/32 526/33/33 265/29/29 525/31/31
f 77/26/26 522/25/25 265/29/29 526/33/33
f 79/30/30 527/34/34 266/35/35 525/31/31
f 82/36/36 528/37/37 266/35/35 527/34/34
f 83/38/38 529/39/39 266/35/35 528/37/37
f 80/32/32 525/31/31 266/35/35 529/39/39
f 82/36/36 530/40/40 267/41/41 528/37/37
f 85/42/42 531/43/43 267/41/41 530/40/40
f 86/44/44 532/45/45 267/41/41 531/43/43
f 83/38/38 528/37/37 267/41/41 532/45/45
f 85/42/42 533/46/46 268/47/47 531/43/43
f 88/48/48 534/49/49 268/47/47 533/46/46
f 89/50/50 535/51/51 268/47/47 534/49/49
f 86/44/44 531/43/43 268/47/47 535/51/51
f 88/48/48 536/52/52 269/53/53 534/49/49
f 91/54/54 537/55/55 269/53/53 536/52/52
f 92/56/56 538/57/57 269/53/53 537/55/55
f 89/50/50 534/49/49 269/53/53 538/57/57
f 91/54/54 539/58/58 270/59/59 537/55/55
f 94/60/60 540/61/61 270/59/59 539/58/58
f 95/62/62 541/63/63 270/59/59 540/61/61
f 92/56/56 537/55/55 270/59/59 541/63/63
f 94/60/60 542/64/64 271/65/65 540/61/61
f 97/66/66 543/67/67 271/65/65 542/64/64
f 98/68/68 544/69/69 271/65/65 543/67/67
f 95/62/62 540/61/61 271/65/65 544/69/69
f 97/66/66 545/70/70 272/71/71 543/67/67
f 100/72/72 546/73/73 272/71/71 545/70/70
f 101/74/74 547/75/75 272/71/71 546/73/73
f 98/68/68 543/67/67 272/71/71 547/75/75
f 100/72/72 548/76/76 273/77/77 546/73/73
f 103/78/78 549/79/79 273/77/77 548/76/76
f 104/80/80 550/81/81 273/77/77 549/79/79
f 101/74/74 546/73/73 273/77/77 550/81/81
f 103/78/78 551/82/82 274/83/83 549/79/79
f 106/84/84 552/85/85 274/83/83 551/82/82
f 107/86/86 553/87/87 274/83/83 552/85/85
f 104/80/80 549/79/79 274/83/83 553/87/87
f 106/84/84 554/88/88 275/89/89 552/85/85
f 109/90/90 555/91/91 275/89/89 554/88/88
f 110/92/92 556/93/93 275/89/89 555/91/91
f 107/86/86 552/85/85 275/89/89 556/93/93
f 109/90/90 557/94/94 276/95/95 555/91/91
f 114/96/1 514/97/4 276/95/95 557/94/94
f 113/98/9 558/99/96 276/95/95 514/97/4
f 110/92/92 555/91/91 276/95/95 558/99/96
f 33/100/97 559/101/98 277/102/99 562/103/100
f 34/104/101 560/105/102 277/102/99 559/101/98
f 51/106/102 561/107/99 277/102/99 560/105/102
f 50/108/100 562/103/100 277/102/99 561/107/99
f 34/104/101 563/109/103 278/110/104 560/105/102
f 35/111/105 564/112/106 278/110/104 563/109/103
f 52/113/106 565/114/104 278/110/104 564/112/106
f 51/106/102 560/105/102 278/110/104 565/114/104
f 35/111/105 566/115/107 279/116/108 564/112/106
f 36/117/109 567/118/110 279/116/108 566/115/107
f 53/119/110 568/120/108 279/116/108 567/118/110
f 52/113/106 564/112/106 279/116/108 568/120/108
f 36/117/109 569/121/111 280/122/112 567/118/110
f 37/123/113 570/124/114 280/122/112 569/121/111
f 54/125/114 571/126/112 280/122/112 570/124/114
f 53/119/110 567/118/110 280/122/112 571/126/112
f 37/123/113 572/127/115 281/128/116 570/124/114
f 38/129/117 573/130/118 281/128/116 572/127/115
f 55/131/118 574/132/116 281/128/116 573/130/118
f 54/125/114 570/124/114 281/128/116 574/132/116
f 38/129/117 575/133/119 282/134/120 573/130/118
f 39/135/121 576/136/122 282/134/120 575/133/119
f 56/137/122 577/138/120 282/134/120 576/136/122
f 55/131/118 573/130/118 282/134/120 577/138/120
f 39/135/121 578/139/123 283/140/124 576/136/122
f 40/141/125 579/142/126 283/140/124 578/139/123
f 57/143/127 580/144/128 283/140/124 579/142/126
f 56/137/122 576/136/122 283/140/124 580/144/128
f 57/143/127 579/142/126 284/145/129 583/146/130
f 40/141/125 581/147/131 284/145/129 579/142/126
f 41/148/132 582/149/133 284/145/129 581/147/131
f 66/150/134 583/146/130 284/145/129 582/149/133
f 58/151/135 584/152/136 285/153/137 587/154/138
f 65/155/139 585/156/140 285/153/137 584/152/136
f 41/148/132 586/157/141 285/153/137 585/156/140
f 42/158/142 587/154/138 285/153/137 586/157/141
f 42/158/142 588/159/143 286/160/144 587/154/138
f 43/161/145 589/162/146 286/160/144 588/159/143
f 59/163/146 590/164/147 286/160/144 589/162/146
f 58/151/135 587/154/138 286/160/144 590/164/147
f 43/161/145 591/165/148 287/166/149 589/162/146
f 44/167/150 592/168/151 287/166/149 591/165/148
f 60/169/151 593/170/149 287/166/149 592/168/151
f 59/163/146 589/162/146 287/166/149 593/170/149
f 44/167/150 594/171/152 288/172/153 592/168/151
f 45/173/154 595/174/155 288/172/153 594/171/152
f 61/175/155 596/176/153 288/172/153 595/174/155
f 60/169/151 592/168/151 288/172/153 596/176/153
f 45/173/154 597/177/156 289/178/157 595/174/155
f 46/179/158 598/180/159 289/178/157 597/177/156
f 62/181/159 599/182/157 289/178/157 598/180/159
f 61/175/155 595/174/155 289/178/157 599/182/157
f 46/179/158 600/183/160 290/184/161 598/180/159
f 47/185/162 601/186/163 290/184/161 600/183/160
f 63/187/163 602/188/161 290/184/161 601/186/163
f 62/181/159 598/180/159 290/184/161 602/188/161
f 47/185/162 603/189/164 291/190/165 601/186/163
f 48/191/166 604/192/167 291/190/165 603/189/164
f 64/193/167 605/194/165 291/190/165 604/192/167
f 63/187/163 601/186/163 291/190/165 605/194/165
f 48/191/166 606/195/168 292/196/169 604/192/167
f 33/197/97 562/198/100 292/196/169 606/195/168
f 50/199/100 607/200/169 292/196/169 562/198/100
f 64/193/167 604/192/167 292/196/169 607/200/169
f 25/201/170 608/202/171 293/203/172 611/204/173
f 49/205/174 609/206/175 293/203/172 608/202/171
f 65/155/139 610/207/176 293/203/172 609/206/175
f 26/208/177 611/204/173 293/203/172 610/207/176
f 41/148/132 612/209/178 294/210/179 582/149/133
f 49/205/174 613/211/180 294/210/179 612/209/178
f 66/150/134 582/149/133 294/210/179 613/211/180
f 50/108/100 561/107/99 295/212/181 616/213/182
f 51/106/102 614/214/183 295/212/181 561/107/99
f 18/215/184 615/216/185 295/212/181 614/214/183
f 17/217/186 616/213/182 295/212/181 615/216/185
f 51/106/102 565/114/104 296/218/187 614/214/183
f 52/113/106 617/219/188 296/218/187 565/114/104
f 19/220/189 618/221/190 296/218/187 617/219/188
f 18/215/184 614/214/183 296/218/187 618/221/190
f 52/113/106 568/120/108 297/222/191 617/219/188
f 53/119/110 619/223/192 297/222/191 568/120/108
f 20/224/193 620/225/194 297/222/191 619/223/192
f 19/220/189 617/219/188 297/222/191 620/225/194
f 53/119/110 571/126/112 298/226/195 619/223/192
f 54/125/114 621/227/196 298/226/195 571/126/112
f 21/228/197 622/229/198 298/226/195 621/227/196
f 20/224/193 619/223/192 298/226/195 622/229/198
f 54/125/114 574/132/116 299/230/199 621/227/196
f 55/131/118 623/231/200 299/230/199 574/132/116
f 22/232/201 624/233/202 299/230/199 623/231/200
f 21/228/197 621/227/196 299/230/199 624/233/202
f 55/131/118 577/138/120 300/234/203 623/231/200
f 56/137/122 625/235/204 300/234/203 577/138/120
f 23/236/205 626/237/206 300/234/203 625/235/204
f 22/232/201 623/231/200 300/234/203 626/237/206
f 56/137/122 580/144/128 301/238/207 625/235/204
f 57/143/127 627/239/208 301/238/207 580/144/128
f 24/240/209 628/241/210 301/238/207 627/239/208
f 23/236/205 625/235/204 301/238/207 628/241/210
f 66/150/134 629/242/211 302/243/212 583/146/130
f 24/240/209 627/239/208 302/243/212 629/242/211
f 57/143/127 583/146/130 302/243/212 627/239/208
f 58/151/135 630/244/213 303/245/214 584/152/136
f 26/208/177 610/207/176 303/245/214 630/244/213
f 65/155/139 584/152/136 303/245/214 610/207/176
f 58/151/135 590/164/147 304/246/215 630/244/213
f 59/163/146 631/247/216 304/246/215 590/164/147
f 27/248/217 632/249/218 304/246/215 631/247/216
f 26/208/177 630/244/213 304/246/215 632/249/218
f 59/163/146 593/170/149 305/250/219 631/247/216
f 60/169/151 633/251/220 305/250/219 593/170/149
f 28/252/221 634/253/222 305/250/219 633/251/220
f 27/248/217 631/247/216 305/250/219 634/253/222
f 60/169/151 596/176/153 306/254/223 633/251/220
f 61/175/155 635/255/224 306/254/223 596/176/153
f 29/256/225 636/257/226 306/254/223 635/255/224
f 28/252/221 633/251/220 306/254/223 636/257/226
f 61/175/155 599/182/157 307/258/227 635/255/224
f 62/181/159 637/259/228 307/258/227 599/182/157
f 30/260/229 638/261/230 307/258/227 637/259/228
f 29/256/225 635/255/224 307/258/227 638/261/230
f 62/181/159 602/188/161 308/262/231 637/259/228
f 63/187/163 639/263/232 308/262/231 602/188/161
f 31/264/233 640/265/234 308/262/231 639/263/232
f 30/260/229 637/259/228 308/262/231 640/265/234
f 63/187/163 605/194/165 309/266/235 639/263/232
f 64/193/167 641/267/236 309/266/235 605/194/165
f 32/268/237 642/269/238 309/266/235 641/267/236
f 31/264/233 639/263/232 309/266/235 642/269/238
f 64/193/167 607/200/169 310/270/239 641/267/236
f 50/199/100 616/271/182 310/270/239 607/200/169
f 17/272/186 643/273/240 310/270/239 616/271/182
f 32/268/237 641/267/236 310/270/239 643/273/240
f 49/205/174 612/209/178 311/274/241 609/206/175
f 41/148/132 585/156/140 311/274/241 612/209/178
f 65/155/139 609/206/175 311/274/241 585/156/140
f 24/240/209 629/242/211 312/275/242 644/276/243
f 66/150/134 613/211/180 312/275/242 629/242/211
f 49/205/174 608/202/171 312/275/242 613/211/180
f 25/201/170 644/276/243 312/275/242 608/202/171
f 647/277/244 313/278/245 559/101/98 33/100/97
f 559/101/98 313/278/245 646/279/246 34/104/101
f 646/279/246 316/280/247 563/109/103 34/104/101
f 563/109/103 316/280/247 654/281/248 35/111/105
f 654/281/248 319/282/249 566/115/107 35/111/105
f 566/115/107 319/282/249 659/283/250 36/117/109
f 659/283/250 322/284/251 569/121/111 36/117/109
f 569/121/111 322/284/251 664/285/252 37/123/113
f 664/285/252 325/286/253 572/127/115 37/123/113
f 572/127/115 325/286/253 669/287/254 38/129/117
f 669/287/254 328/288/255 575/133/119 38/129/117
f 575/133/119 328/288/255 674/289/256 39/135/121
f 674/289/256 331/290/257 578/139/123 39/135/121
f 578/139/123 331/290/257 679/291/258 40/141/125
f 679/291/258 334/292/259 581/147/131 40/141/125
f 581/147/131 334/292/259 684/293/260 41/148/132
f 684/293/260 337/294/261 586/157/141 41/148/132
f 586/157/141 337/294/261 689/295/262 42/158/142
f 689/295/262 340/296/263 588/159/143 42/158/142
f 588/159/143 340/296/263 694/297/264 43/161/145
f 694/297/264 343/298/265 591/165/148 43/161/145
f 591/165/148 343/298/265 699/299/266 44/167/150
f 699/299/266 346/300/267 594/171/152 44/167/150
f 594/171/152 346/300/267 704/301/268 45/173/154
f 704/301/268 349/302/269 597/177/156 45/173/154
f 597/177/156 349/302/269 709/303/270 46/179/158
f 709/303/270 352/304/271 600/183/160 46/179/158
f 600/183/160 352/304/271 714/305/272 47/185/162
f 714/305/272 355/306/273 603/189/164 47/185/162
f 603/189/164 355/306/273 719/307/274 48/191/166
f 719/307/274 358/308/275 606/195/168 48/191/166
f 606/195/168 358/308/275 647/309/244 33/197/97
f 112/310/276 645/311/277 313/278/245 647/277/244
f 69/312/278 646/279/246 313/278/245 645/311/277
f 113/9/9 513/8/8 314/313/279 649/314/280
f 68/7/7 648/315/281 314/313/279 513/8/8
f 69/312/278 645/311/277 314/313/279 648/315/281
f 112/310/276 649/314/280 314/313/279 645/311/277
f 67/5/5 511/2/2 315/316/282 652/317/283
f 114/1/1 650/318/284 315/316/282 511/2/2
f 130/319/285 651/320/286 315/316/282 650/318/284
f 115/321/287 652/317/283 315/316/282 651/320/286
f 69/312/278 653/322/288 316/280/247 646/279/246
f 72/323/289 654/281/248 316/280/247 653/322/288
f 68/7/7 517/15/15 317/324/290 648/315/281
f 71/14/14 655/325/291 317/324/290 517/15/15
f 72/323/289 653/322/288 317/324/290 655/325/291
f 69/312/278 648/315/281 317/324/290 653/322/288
f 70/12/12 515/10/10 318/326/292 657/327/293
f 67/5/5 652/317/283 318/326/292 515/10/10
f 115/321/287 656/328/294 318/326/292 652/317/283
f 116/329/295 657/327/293 318/326/292 656/328/294
f 72/323/289 658/330/296 319/282/249 654/281/248
f 75/331/297 659/283/250 319/282/249 658/330/296
f 71/14/14 520/21/21 320/332/298 655/325/291
f 74/20/20 660/333/299 320/332/298 520/21/21
f 75/331/297 658/330/296 320/332/298 660/333/299
f 72/323/289 655/325/291 320/332/298 658/330/296
f 73/18/18 518/16/16 321/334/300 662/335/301
f 70/12/12 657/327/293 321/334/300 518/16/16
f 116/329/295 661/336/302 321/334/300 657/327/293
f 117/337/303 662/335/301 321/334/300 661/336/302
f 75/331/297 663/338/304 322/284/251 659/283/250
f 78/339/305 664/285/252 322/284/251 663/338/304
f 74/20/20 523/27/27 323/340/306 660/333/299
f 77/26/26 665/341/307 323/340/306 523/27/27
f 78/339/305 663/338/304 323/340/306 665/341/307
f 75/331/297 660/333/299 323/340/306 663/338/304
f 76/24/24 521/22/22 324/342/308 667/343/309
f 73/18/18 662/335/301 324/342/308 521/22/22
f 117/337/303 666/344/310 324/342/308 662/335/301
f 118/345/311 667/343/309 324/342/308 666/344/310
f 78/339/305 668/346/312 325/286/253 664/285/252
f 81/347/313 669/287/254 325/286/253 668/346/312
f 77/26/26 526/33/33 326/348/314 665/341/307
f 80/32/32 670/349/315 326/348/314 526/33/33
f 81/347/313 668/346/312 326/348/314 670/349/315
f 78/339/305 665/341/307 326/348/314 668/346/312
f 79/30/30 524/28/28 327/350/316 672/351/317
f 76/24/24 667/343/309 327/350/316 524/28/28
f 118/345/311 671/352/318 327/350/316 667/343/309
f 119/353/319 672/351/317 327/350/316 671/352/318
f 81/347/313 673/354/320 328/288/255 669/287/254
f 84/355/321 674/289/256 328/288/255 673/354/320
f 80/32/32 529/39/39 329/356/322 670/349/315
f 83/38/38 675/357/323 329/356/322 529/39/39
f 84/355/321 673/354/320 329/356/322 675/357/323
f 81/347/313 670/349/315 329/356/322 673/354/320
f 82/36/36 527/34/34 330/358/324 677/359/325
f 79/30/30 672/351/317 330/358/324 527/34/34
f 119/353/319 676/360/326 330/358/324 672/351/317
f 120/361/327 677/359/325 330/358/324 676/360/326
f 84/355/321 678/362/328 331/290/257 674/289/256
f 87/363/329 679/291/258 331/290/257 678/362/328
f 83/38/38 532/45/45 332/364/330 675/357/323
f 86/44/44 680/365/331 332/364/330 532/45/45
f 87/363/329 678/362/328 332/364/330 680/365/331
f 84/355/321 675/357/323 332/364/330 678/362/328
f 85/42/42 530/40/40 333/366/332 682/367/333
f 82/36/36 677/359/325 333/366/332 530/40/40
f 120/361/327 681/368/334 333/366/332 677/359/325
f 121/369/335 682/367/333 333/366/332 681/368/334
f 87/363/329 683/370/336 334/292/259 679/291/258
f 90/371/337 684/293/260 334/292/259 683/370/336
f 86/44/44 535/51/51 335/372/338 680/365/331
f 89/50/50 685/373/339 335/372/338 535/51/51
f 90/371/337 683/370/336 335/372/338 685/373/339
f 87/363/329 680/365/331 335/372/338 683/370/336
f 88/48/48 533/46/46 336/374/340 687/375/341
f 85/42/42 682/367/333 336/374/340 533/46/46
f 121/369/335 686/376/342 336/374/340 682/367/333
f 122/377/343 687/375/341 336/374/340 686/376/342
f 90/371/337 688/378/344 337/294/261 684/293/260
f 93/379/345 689/295/262 337/294/261 688/378/344
f 89/50/50 538/57/57 338/380/346 685/373/339
f 92/56/56 690/381/347 338/380/346 538/57/57
f 93/379/345 688/378/344 338/380/346 690/381/347
f 90/371/337 685/373/339 338/380/346 688/378/344
f 91/54/54 536/52/52 339/382/348 692/383/349
f 88/48/48 687/375/341 339/382/348 536/52/52
f 122/377/343 691/384/350 339/382/348 687/375/341
f 123/385/351 692/383/349 339/382/348 691/384/350
f 93/379/345 693/386/352 340/296/263 689/295/262
f 96/387/353 694/297/264 340/296/263 693/386/352
f 92/56/56 541/63/63 341/388/354 690/381/347
f 95/62/62 695/389/355 341/388/354 541/63/63
f 96/387/353 693/386/352 341/388/354 695/389/355
f 93/379/345 690/381/347 341/388/354 693/386/352
f 94/60/60 539/58/58 342/390/356 697/391/357
f 91/54/54 692/383/349 342/390/356 539/58/58
f 123/385/351 696/392/358 342/390/356 692/383/349
f 124/393/359 697/391/357 342/390/356 696/392/358
f 96/387/353 698/394/360 343/298/265 694/297/264
f 99/395/361 699/299/266 343/298/265 698/394/360
f 95/62/62 544/69/69 344/396/362 695/389/355
f 98/68/68 700/397/363 344/396/362 544/69/69
f 99/395/361 698/394/360 344/396/362 700/397/363
f 96/387/353 695/389/355 344/396/362 698/394/360
f 97/66/66 542/64/64 345/398/364 702/399/365
f 94/60/60 697/391/357 345/398/364 542/64/64
f 124/393/359 701/400/366 345/398/364 697/391/357
f 125/401/367 702/399/365 345/398/364 701/400/366
f 99/395/361 703/402/368 346/300/267 699/299/266
f 102/403/369 704/301/268 346/300/267 703/402/368
f 98/68/68 547/75/75 347/404/370 700/397/363
f 101/74/74 705/405/371 347/404/370 547/75/75
f 102/403/369 703/402/368 347/404/370 705/405/371
f 99/395/361 700/397/363 347/404/370 703/402/368
f 100/72/72 545/70/70 348/406/372 707/407/373
f 97/66/66 702/399/365 348/406/372 545/70/70
f 125/401/367 706/408/374 348/406/372 702/399/365
f 126/409/375 707/407/373 348/406/372 706/408/374
f 102/403/369 708/410/376 349/302/269 704/301/268
f 105/411/377 709/303/270 349/302/269 708/410/376
f 101/74/74 550/81/81 350/412/378 705/405/371
f 104/80/80 710/413/379 350/412/378 550/81/81
f 105/411/377 708/410/376 350/412/378 710/413/379
f 102/403/369 705/405/371 350/412/378 708/410/376
f 103/78/78 548/76/76 351/414/380 712/415/381
f 100/72/72 707/407/373 351/414/380 548/76/76
f 126/409/375 711/416/382 351/414/380 707/407/373
f 127/417/383 712/415/381 351/414/380 711/416/382
f 105/411/377 713/418/384 352/304/271 709/303/270
f 108/419/385 714/305/272 352/304/271 713/418/384
f 104/80/80 553/87/87 353/420/386 710/413/379
f 107/86/86 715/421/387 353/420/386 553/87/87
f 108/419/385 713/418/384 353/420/386 715/421/387
f 105/411/377 710/413/379 353/420/386 713/418/384
f 106/84/84 551/82/82 354/422/388 717/423/389
f 103/78/78 712/415/381 354/422/388 551/82/82
f 127/417/383 716/424/390 354/422/388 712/415/381
f 128/425/391 717/423/389 354/422/388 716/424/390
f 108/419/385 718/426/392 355/306/273 714/305/272
f 111/427/393 719/307/274 355/306/273 718/426/392
f 107/86/86 556/93/93 356/428/394 715/421/387
f 110/92/92 720/429/395 356/428/394 556/93/93
f 111/427/393 718/426/392 356/428/394 720/429/395
f 108/419/385 715/421/387 356/428/394 718/426/392
f 109/90/90 554/88/88 357/430/396 722/431/397
f 106/84/84 717/423/389 357/430/396 554/88/88
f 128/425/391 721/432/398 357/430/396 717/423/389
f 129/433/399 722/431/397 357/430/396 721/432/398
f 111/427/393 723/434/400 358/308/275 719/307/274
f 112/435/276 647/309/244 358/308/275 723/434/400
f 110/92/92 558/99/96 359/436/401 720/429/395
f 113/98/9 649/437/280 359/436/401 558/99/96
f 112/435/276 723/434/400 359/436/401 649/437/280
f 111/427/393 720/429/395 359/436/401 723/434/400
f 114/96/1 557/94/94 360/438/402 650/439/284
f 109/90/90 722/431/397 360/438/402 557/94/94
f 129/433/399 724/440/403 360/438/402 722/431/397
f 130/441/285 650/439/284 360/438/402 724/440/403
f 115/321/287 651/320/286 361/442/404 727/443/405
f 130/319/285 725/444/406 361/442/404 651/320/286
f 1/445/407 726/446/408 361/442/404 725/444/406
f 2/447/409 727/443/405 361/442/404 726/446/408
f 116/329/295 656/328/294 362/448/410 729/449/411
f 115/321/287 727/443/405 362/448/410 656/328/294
f 2/447/409 728/450/412 362/448/410 727/443/405
f 3/451/413 729/449/411 362/448/410 728/450/412
f 117/337/303 661/336/302 363/452/414 731/453/415
f 116/329/295 729/449/411 363/452/414 661/336/302
f 3/451/413 730/454/416 363/452/414 729/449/411
f 4/455/417 731/453/415 363/452/414 730/454/416
f 118/345/311 666/344/310 364/456/418 733/457/419
f 117/337/303 731/453/415 364/456/418 666/344/310
f 4/455/417 732/458/420 364/456/418 731/453/415
f 5/459/421 733/457/419 364/456/418 732/458/420
f 119/353/319 671/352/318 365/460/422 735/461/423
f 118/345/311 733/457/419 365/460/422 671/352/318
f 5/459/421 734/462/424 365/460/422 733/457/419
f 6/463/425 735/461/423 365/460/422 734/462/424
f 120/361/327 676/360/326 366/464/426 737/465/427
f 119/353/319 735/461/423 366/464/426 676/360/326
f 6/463/425 736/466/428 366/464/426 735/461/423
f 7/467/429 737/465/427 366/464/426 736/466/428
f 121/369/335 681/368/334 367/468/430 739/469/431
f 120/361/327 737/465/427 367/468/430 681/368/334
f 7/467/429 738/470/432 367/468/430 737/465/427
f 8/471/433 739/469/431 367/468/430 738/470/432
f 122/377/343 686/376/342 368/472/434 741/473/435
f 121/369/335 739/469/431 368/472/434 686/376/342
f 8/471/433 740/474/436 368/472/434 739/469/431
f 9/475/437 741/473/435 368/472/434 740/474/436
f 123/385/351 691/384/350 369/476/438 743/477/439
f 122/377/343 741/473/435 369/476/438 691/384/350
f 9/475/437 742/478/440 369/476/438 741/473/435
f 10/479/441 743/477/439 369/476/438 742/478/440
f 124/393/359 696/392/358 370/480/442 745/481/443
f 123/385/351 743/477/439 370/480/442 696/392/358
f 10/479/441 744/482/444 370/480/442 743/477/439
f 11/483/445 745/481/443 370/480/442 744/482/444
f 125/401/367 701/400/366 371/484/446 747/485/447
f 124/393/359 745/481/443 371/484/446 701/400/366
f 11/483/445 746/486/448 371/484/446 745/481/443
f 12/487/449 747/485/447 371/484/446 746/486/448
f 126/409/375 706/408/374 372/488/450 749/489/451
f 125/401/367 747/485/447 372/488/450 706/408/374
f 12/487/449 748/490/452 372/488/450 747/485/447
f 13/491/453 749/489/451 372/488/450 748/490/452
f 127/417/383 711/416/382 373/492/454 751/493/455
f 126/409/375 749/489/451 373/492/454 711/416/382
f 13/491/453 750/494/456 373/492/454 749/489/451
f 14/495/457 751/493/455 373/492/454 750/494/456
f 128/425/391 716/424/390 374/496/458 753/497/459
f 127/417/383 751/493/455 374/496/458 716/424/390
f 14/495/457 752/498/460 374/496/458 751/493/455
f 15/499/461 753/497/459 374/496/458 752/498/460
f 129/433/399 721/432/398 375/500/462 755/501/463
f 128/425/391 753/497/459 375/500/462 721/432/398
f 15/499/461 754/502/464 375/500/462 753/497/459
f 16/503/465 755/501/463 375/500/462 754/502/464
f 130/441/285 724/440/403 376/504/466 725/505/406
f 129/433/399 755/501/463 376/504/466 724/440/403
f 16/503/465 756/506/467 376/504/466 755/501/463
f 1/507/407 725/505/406 376/504/466 756/506/467
f 15/499/461 752/498/460 377/508/468
f 14/495/457 377/509/468 752/498/460
f 14/495/457 750/494/456 377/510/468
f 13/491/453 377/511/468 750/494/456
f 13/491/453 748/490/452 377/512/468
f 12/487/449 377/513/468 748/490/452
f 12/487/449 746/486/448 377/514/468
f 11/483/445 377/515/468 746/486/448
f 11/483/445 744/482/444 377/516/468
f 10/479/441 377/517/468 744/482/444
f 10/479/441 742/478/440 377/518/468
f 9/475/437 377/519/468 742/478/440
f 9/475/437 740/474/436 377/520/468
f 8/471/433 377/521/468 740/474/436
f 8/471/433 738/470/432 377/522/468
f 7/467/429 377/523/468 738/470/432
f 7/467/429 736/466/428 377/524/468
f 6/463/425 377/525/468 736/466/428
f 6/463/425 734/462/424 377/526/468
f 5/459/421 377/527/468 734/462/424
f 5/459/421 732/458/420 377/528/468
f 4/455/417 377/529/468 732/458/420
f 4/455/417 730/454/416 377/530/468
f 3/451/413 377/531/468 730/454/416
f 3/451/413 728/450/412 377/532/468
f 2/447/409 377/533/468 728/450/412
f 2/447/409 726/446/408 377/534/468
f 1/445/407 377/535/468 726/446/408
f 1/507/407 756/506/467 377/536/468
f 16/503/465 377/537/468 756/506/467
f 16/503/465 754/502/464 377/538/468
f 15/499/461 377/539/468 754/502/464
f 198/540/469 757/541/470 378/542/471 760/543/472
f 197/544/473 758/545/474 378/542/471 757/541/470
f 244/546/475 759/547/476 378/542/471 758/545/474
f 243/548/477 760/543/472 378/542/471 759/547/476
f 201/549/478 761/550/479 379/551/480 763/552/481
f 200/553/482 762/554/483 379/551/480 761/550/479
f 197/544/473 757/541/470 379/551/480 762/554/483
f 198/540/469 763/552/481 379/551/480 757/541/470
f 204/555/484 764/556/485 380/557/486 766/558/487
f 203/559/488 765/560/489 380/557/486 764/556/485
f 200/553/482 761/550/479 380/557/486 765/560/489
f 201/549/478 766/558/487 380/557/486 761/550/479
f 207/561/490 767/562/491 381/563/492 769/564/493
f 206/565/494 768/566/495 381/563/492 767/562/491
f 203/559/488 764/556/485 381/563/492 768/566/495
f 204/555/484 769/564/493 381/563/492 764/556/485
f 210/567/496 770/568/497 382/569/498 772/570/499
f 209/571/500 771/572/501 382/569/498 770/568/497
f 206/565/494 767/562/491 382/569/498 771/572/501
f 207/561/490 772/570/499 382/569/498 767/562/491
f 213/573/502 773/574/503 383/575/504 775/576/505
f 212/577/506 774/578/507 383/575/504 773/574/503
f 209/571/500 770/568/497 383/575/504 774/578/507
f 210/567/496 775/576/505 383/575/504 770/568/497
f 216/579/508 776/580/509 384/581/510 778/582/511
f 215/583/512 777/584/513 384/581/510 776/580/509
f 212/577/506 773/574/503 384/581/510 777/584/513
f 213/573/502 778/582/511 384/581/510 773/574/503
f 219/585/514 779/586/515 385/587/516 781/588/517
f 218/589/518 780/590/519 385/587/516 779/586/515
f 215/583/512 776/580/509 385/587/516 780/590/519
f 216/579/508 781/588/517 385/587/516 776/580/509
f 222/591/520 782/592/521 386/593/522 784/594/523
f 221/595/524 783/596/525 386/593/522 782/592/521
f 218/589/518 779/586/515 386/593/522 783/596/525
f 219/585/514 784/594/523 386/593/522 779/586/515
f 225/597/526 785/598/527 387/599/528 787/600/529
f 224/601/530 786/602/531 387/599/528 785/598/527
f 221/595/524 782/592/521 387/599/528 786/602/531
f 222/591/520 787/600/529 387/599/528 782/592/521
f 228/603/532 788/604/533 388/605/534 790/606/535
f 227/607/536 789/608/537 388/605/534 788/604/533
f 224/601/530 785/598/527 388/605/534 789/608/537
f 225/597/526 790/606/535 388/605/534 785/598/527
f 231/609/538 791/610/539 389/611/540 793/612/541
f 230/613/542 792/614/543 389/611/540 791/610/539
f 227/607/536 788/604/533 389/611/540 792/614/543
f 228/603/532 793/612/541 389/611/540 788/604/533
f 234/615/544 794/616/545 390/617/546 796/618/547
f 233/619/548 795/620/549 390/617/546 794/616/545
f 230/613/542 791/610/539 390/617/546 795/620/549
f 231/609/538 796/618/547 390/617/546 791/610/539
f 237/621/550 797/622/551 391/623/552 799/624/553
f 236/625/554 798/626/555 391/623/552 797/622/551
f 233/619/548 794/616/545 391/623/552 798/626/555
f 234/615/544 799/624/553 391/623/552 794/616/545
f 240/627/556 800/628/557 392/629/558 802/630/559
f 239/631/560 801/632/561 392/629/558 800/628/557
f 236/625/554 797/622/551 392/629/558 801/632/561
f 237/621/550 802/630/559 392/629/558 797/622/551
f 243/633/477 759/634/476 393/635/562 804/636/563
f 244/637/475 803/638/564 393/635/562 759/634/476
f 239/631/560 800/628/557 393/635/562 803/638/564
f 240/627/556 804/636/563 393/635/562 800/628/557
f 181/639/565 805/640/565 394/641/566 808/642/566
f 164/643/567 806/644/568 394/641/566 805/640/565
f 163/645/569 807/646/570 394/641/566 806/644/568
f 180/647/570 808/642/566 394/641/566 807/646/570
f 182/648/146 809/649/146 395/650/571 811/651/571
f 165/652/572 810/653/573 395/650/571 809/649/146
f 164/643/567 805/640/565 395/650/571 810/653/573
f 181/639/565 811/651/571 395/650/571 805/640/565
f 183/654/151 812/655/151 396/656/149 814/657/149
f 166/658/574 813/659/575 396/656/149 812/655/151
f 165/652/572 809/649/146 396/656/149 813/659/575
f 182/648/146 814/657/149 396/656/149 809/649/146
f 184/660/155 815/661/155 397/662/153 817/663/153
f 167/664/576 816/665/577 397/662/153 815/661/155
f 166/658/574 812/655/151 397/662/153 816/665/577
f 183/654/151 817/663/153 397/662/153 812/655/151
f 185/666/159 818/667/159 398/668/157 820/669/157
f 168/670/578 819/671/579 398/668/157 818/667/159
f 167/664/576 815/661/155 398/668/157 819/671/579
f 184/660/155 820/669/157 398/668/157 815/661/155
f 186/672/580 821/673/581 399/674/161 823/675/582
f 169/676/583 822/677/584 399/674/161 821/673/581
f 168/670/578 818/667/159 399/674/161 822/677/584
f 185/666/159 823/675/582 399/674/161 818/667/159
f 187/678/585 824/679/586 400/680/587 826/681/588
f 170/682/589 825/683/590 400/680/587 824/679/586
f 169/676/583 821/673/581 400/680/587 825/683/590
f 186/672/580 826/681/588 400/680/587 821/673/581
f 171/684/591 827/685/592 401/686/593 829/687/594
f 170/682/589 824/679/586 401/686/593 827/685/592
f 187/678/585 828/688/595 401/686/593 824/679/586
f 196/689/596 829/687/594 401/686/593 828/688/595
f 171/684/591 830/690/597 402/691/598 833/692/599
f 195/693/600 831/694/601 402/691/598 830/690/597
f 188/695/602 832/696/603 402/691/598 831/694/601
f 172/697/604 833/692/599 402/691/598 832/696/603
f 189/698/605 834/699/606 403/700/607 836/701/608
f 173/702/609 835/703/610 403/700/607 834/699/606
f 172/697/604 832/696/603 403/700/607 835/703/610
f 188/695/602 836/701/608 403/700/607 832/696/603
f 190/704/110 837/705/110 404/706/108 839/707/611
f 174/708/612 838/709/613 404/706/108 837/705/110
f 173/702/609 834/699/606 404/706/108 838/709/613
f 189/698/605 839/707/611 404/706/108 834/699/606
f 191/710/114 840/711/114 405/712/112 842/713/112
f 175/714/614 841/715/615 405/712/112 840/711/114
f 174/708/612 837/705/110 405/712/112 841/715/615
f 190/704/110 842/713/112 405/712/112 837/705/110
f 192/716/118 843/717/118 406/718/116 845/719/116
f 176/720/616 844/721/617 406/718/116 843/717/118
f 175/714/614 840/711/114 406/718/116 844/721/617
f 191/710/114 845/719/116 406/718/116 840/711/114
f 193/722/122 846/723/122 407/724/120 848/725/120
f 177/726/618 847/727/619 407/724/120 846/723/122
f 176/720/616 843/717/118 407/724/120 847/727/619
f 192/716/118 848/725/120 407/724/120 843/717/118
f 194/728/620 849/729/620 408/730/621 851/731/621
f 178/732/622 850/733/623 408/730/621 849/729/620
f 177/726/618 846/723/122 408/730/621 850/733/623
f 193/722/122 851/731/621 408/730/621 846/723/122
f 180/734/570 807/735/570 409/736/624 853/737/624
f 163/738/569 852/739/625 409/736/624 807/735/570
f 178/732/622 849/729/620 409/736/624 852/739/625
f 194/728/620 853/737/624 409/736/624 849/729/620
f 195/693/600 854/740/626 410/741/627 857/742/628
f 179/743/629 855/744/630 410/741/627 854/740/626
f 155/745/631 856/746/632 410/741/627 855/744/630
f 156/747/633 857/742/628 410/741/627 856/746/632
f 196/689/596 858/748/634 411/749/635 829/687/594
f 179/743/629 859/750/636 411/749/635 858/748/634
f 171/684/591 829/687/594 411/749/635 859/750/636
f 148/751/637 860/752/638 412/753/639 862/754/640
f 181/639/565 808/642/566 412/753/639 860/752/638
f 180/647/570 861/755/641 412/753/639 808/642/566
f 147/756/642 862/754/640 412/753/639 861/755/641
f 149/757/643 863/758/644 413/759/645 864/760/646
f 182/648/146 811/651/571 413/759/645 863/758/644
f 181/639/565 860/752/638 413/759/645 811/651/571
f 148/751/637 864/760/646 413/759/645 860/752/638
f 150/761/647 865/762/648 414/763/649 866/764/650
f 183/654/151 814/657/149 414/763/649 865/762/648
f 182/648/146 863/758/644 414/763/649 814/657/149
f 149/757/643 866/764/650 414/763/649 863/758/644
f 151/765/651 867/766/652 415/767/653 868/768/654
f 184/660/155 817/663/153 415/767/653 867/766/652
f 183/654/151 865/762/648 415/767/653 817/663/153
f 150/761/647 868/768/654 415/767/653 865/762/648
f 152/769/655 869/770/656 416/771/657 870/772/658
f 185/666/159 820/669/157 416/771/657 869/770/656
f 184/660/155 867/766/652 416/771/657 820/669/157
f 151/765/651 870/772/658 416/771/657 867/766/652
f 153/773/659 871/774/660 417/775/661 872/776/662
f 186/672/580 823/675/582 417/775/661 871/774/660
f 185/666/159 869/770/656 417/775/661 823/675/582
f 152/769/655 872/776/662 417/775/661 869/770/656
f 154/777/663 873/778/664 418/779/665 874/780/666
f 187/678/585 826/681/588 418/779/665 873/778/664
f 186/672/580 871/774/660 418/779/665 826/681/588
f 153/773/659 874/780/666 418/779/665 871/774/660
f 187/678/585 873/778/664 419/781/667 828/688/595
f 154/777/663 875/782/668 419/781/667 873/778/664
f 196/689/596 828/688/595 419/781/667 875/782/668
f 195/693/600 857/742/628 420/783/669 831/694/601
f 156/747/633 876/784/670 420/783/669 857/742/628
f 188/695/602 831/694/601 420/783/669 876/784/670
f 157/785/671 877/786/672 421/787/673 878/788/674
f 189/698/605 836/701/608 421/787/673 877/786/672
f 188/695/602 876/784/670 421/787/673 836/701/608
f 156/747/633 878/788/674 421/787/673 876/784/670
f 158/789/675 879/790/676 422/791/677 880/792/678
f 190/704/110 839/707/611 422/791/677 879/790/676
f 189/698/605 877/786/672 422/791/677 839/707/611
f 157/785/671 880/792/678 422/791/677 877/786/672
f 159/793/679 881/794/680 423/795/681 882/796/682
f 191/710/114 842/713/112 423/795/681 881/794/680
f 190/704/110 879/790/676 423/795/681 842/713/112
f 158/789/675 882/796/682 423/795/681 879/790/676
f 160/797/683 883/798/684 424/799/685 884/800/686
f 192/716/118 845/719/116 424/799/685 883/798/684
f 191/710/114 881/794/680 424/799/685 845/719/116
f 159/793/679 884/800/686 424/799/685 881/794/680
f 161/801/687 885/802/688 425/803/689 886/804/690
f 193/722/122 848/725/120 425/803/689 885/802/688
f 192/716/118 883/798/684 425/803/689 848/725/120
f 160/797/683 886/804/690 425/803/689 883/798/684
f 162/805/691 887/806/692 426/807/693 888/808/694
f 194/728/620 851/731/621 426/807/693 887/806/692
f 193/722/122 885/802/688 426/807/693 851/731/621
f 161/801/687 888/808/694 426/807/693 885/802/688
f 147/809/642 861/810/641 427/811/695 889/812/696
f 180/734/570 853/737/624 427/811/695 861/810/641
f 194/728/620 887/806/692 427/811/695 853/737/624
f 162/805/691 889/812/696 427/811/695 887/806/692
f 195/693/600 830/690/597 428/813/697 854/740/626
f 171/684/591 859/750/636 428/813/697 830/690/597
f 179/743/629 854/740/626 428/813/697 859/750/636
f 179/743/629 858/748/634 429/814/698 855/744/630
f 196/689/596 875/782/668 429/814/698 858/748/634
f 154/777/663 890/815/699 429/814/698 875/782/668
f 155/745/631 855/744/630 429/814/698 890/815/699
f 164/643/567 891/816/700 430/817/701 806/644/568
f 163/645/569 806/644/568 430/817/701 893/818/702
f 165/652/572 899/819/703 433/820/704 810/653/573
f 164/643/567 810/653/573 433/820/704 891/816/700
f 166/658/574 904/821/705 436/822/706 813/659/575
f 165/652/572 813/659/575 436/822/706 899/819/703
f 167/664/576 909/823/707 439/824/708 816/665/577
f 166/658/574 816/665/577 439/824/708 904/821/705
f 168/670/578 914/825/709 442/826/710 819/671/579
f 167/664/576 819/671/579 442/826/710 909/823/707
f 169/676/583 919/827/711 445/828/712 822/677/584
f 168/670/578 822/677/584 445/828/712 914/825/709
f 170/682/589 924/829/713 448/830/714 825/683/590
f 169/676/583 825/683/590 448/830/714 919/827/711
f 171/684/591 929/831/715 451/832/716 827/685/592
f 170/682/589 827/685/592 451/832/716 924/829/713
f 172/697/604 934/833/717 454/834/718 833/692/599
f 171/684/591 833/692/599 454/834/718 929/831/715
f 173/702/609 939/835/719 457/836/720 835/703/610
f 172/697/604 835/703/610 457/836/720 934/833/717
f 174/708/612 944/837/721 460/838/722 838/709/613
f 173/702/609 838/709/613 460/838/722 939/835/719
f 175/714/614 949/839/723 463/840/724 841/715/615
f 174/708/612 841/715/615 463/840/724 944/837/721
f 176/720/616 954/841/725 466/842/726 844/721/617
f 175/714/614 844/721/617 466/842/726 949/839/723
f 177/726/618 959/843/727 469/844/728 847/727/619
f 176/720/616 847/727/619 469/844/728 954/841/725
f 178/732/622 964/845/729 472/846/730 850/733/623
f 177/726/618 850/733/623 472/846/730 959/843/727
f 163/738/569 893/847/702 475/848/731 852/739/625
f 178/732/622 852/739/625 475/848/731 964/845/729
f 199/849/732 892/850/733 430/817/701 891/816/700
f 242/851/734 893/818/702 430/817/701 892/850/733
f 199/849/732 894/852/735 431/853/736 892/850/733
f 198/540/469 760/543/472 431/853/736 894/852/735
f 243/548/477 895/854/737 431/853/736 760/543/472
f 242/851/734 892/850/733 431/853/736 895/854/737
f 260/855/738 896/856/739 432/857/740 898/858/741
f 244/546/475 758/545/474 432/857/740 896/856/739
f 197/544/473 897/859/742 432/857/740 758/545/474
f 245/860/743 898/858/741 432/857/740 897/859/742
f 202/861/744 900/862/745 433/820/704 899/819/703
f 199/849/732 891/816/700 433/820/704 900/862/745
f 202/861/744 901/863/746 434/864/747 900/862/745
f 201/549/478 763/552/481 434/864/747 901/863/746
f 198/540/469 894/852/735 434/864/747 763/552/481
f 199/849/732 900/862/745 434/864/747 894/852/735
f 245/860/743 897/859/742 435/865/748 903/866/749
f 197/544/473 762/554/483 435/865/748 897/859/742
f 200/553/482 902/867/750 435/865/748 762/554/483
f 246/868/751 903/866/749 435/865/748 902/867/750
f 205/869/752 905/870/753 436/822/706 904/821/705
f 202/861/744 899/819/703 436/822/706 905/870/753
f 205/869/752 906/871/754 437/872/755 905/870/753
f 204/555/484 766/558/487 437/872/755 906/871/754
f 201/549/478 901/863/746 437/872/755 766/558/487
f 202/861/744 905/870/753 437/872/755 901/863/746
f 246/868/751 902/867/750 438/873/756 908/874/757
f 200/553/482 765/560/489 438/873/756 902/867/750
f 203/559/488 907/875/758 438/873/756 765/560/489
f 247/876/759 908/874/757 438/873/756 907/875/758
f 208/877/760 910/878/761 439/824/708 909/823/707
f 205/869/752 904/821/705 439/824/708 910/878/761
f 208/877/760 911/879/762 440/880/763 910/878/761
f 207/561/490 769/564/493 440/880/763 911/879/762
f 204/555/484 906/871/754 440/880/763 769/564/493
f 205/869/752 910/878/761 440/880/763 906/871/754
f 247/876/759 907/875/758 441/881/764 913/882/765
f 203/559/488 768/566/495 441/881/764 907/875/758
f 206/565/494 912/883/766 441/881/764 768/566/495
f 248/884/767 913/882/765 441/881/764 912/883/766
f 211/885/768 915/886/769 442/826/710 914/825/709
f 208/877/760 909/823/707 442/826/710 915/886/769
f 211/885/768 916/887/770 443/888/771 915/886/769
f 210/567/496 772/570/499 443/888/771 916/887/770
f 207/561/490 911/879/762 443/888/771 772/570/499
f 208/877/760 915/886/769 443/888/771 911/879/762
f 248/884/767 912/883/766 444/889/772 918/890/773
f 206/565/494 771/572/501 444/889/772 912/883/766
f 209/571/500 917/891/774 444/889/772 771/572/501
f 249/892/775 918/890/773 444/889/772 917/891/774
f 214/893/776 920/894/777 445/828/712 919/827/711
f 211/885/768 914/825/709 445/828/712 920/894/777
f 214/893/776 921/895/778 446/896/779 920/894/777
f 213/573/502 775/576/505 446/896/779 921/895/778
f 210/567/496 916/887/770 446/896/779 775/576/505
f 211/885/768 920/894/777 446/896/779 916/887/770
f 249/892/775 917/891/774 447/897/780 923/898/781
f 209/571/500 774/578/507 447/897/780 917/891/774
f 212/577/506 922/899/782 447/897/780 774/578/507
f 250/900/783 923/898/781 447/897/780 922/899/782
f 217/901/784 925/902/785 448/830/714 924/829/713
f 214/893/776 919/827/711 448/830/714 925/902/785
f 217/901/784 926/903/786 449/904/787 925/902/785
f 216/579/508 778/582/511 449/904/787 926/903/786
f 213/573/502 921/895/778 449/904/787 778/582/511
f 214/893/776 925/902/785 449/904/787 921/895/778
f 250/900/783 922/899/782 450/905/788 928/906/789
f 212/577/506 777/584/513 450/905/788 922/899/782
f 215/583/512 927/907/790 450/905/788 777/584/513
f 251/908/791 928/906/789 450/905/788 927/907/790
f 220/909/792 930/910/793 451/832/716 929/831/715
f 217/901/784 924/829/713 451/832/716 930/910/793
f 220/909/792 931/911/794 452/912/795 930/910/793
f 219/585/514 781/588/517 452/912/795 931/911/794
f 216/579/508 926/903/786 452/912/795 781/588/517
f 217/901/784 930/910/793 452/912/795 926/903/786
f 251/908/791 927/907/790 453/913/796 933/914/797
f 215/583/512 780/590/519 453/913/796 927/907/790
f 218/589/518 932/915/798 453/913/796 780/590/519
f 252/916/799 933/914/797 453/913/796 932/915/798
f 223/917/800 935/918/801 454/834/718 934/833/717
f 220/909/792 929/831/715 454/834/718 935/918/801
f 223/917/800 936/919/802 455/920/803 935/918/801
f 222/591/520 784/594/523 455/920/803 936/919/802
f 219/585/514 931/911/794 455/920/803 784/594/523
f 220/909/792 935/918/801 455/920/803 931/911/794
f 252/916/799 932/915/798 456/921/804 938/922/805
f 218/589/518 783/596/525 456/921/804 932/915/798
f 221/595/524 937/923/806 456/921/804 783/596/525
f 253/924/807 938/922/805 456/921/804 937/923/806
f 226/925/808 940/926/809 457/836/720 939/835/719
f 223/917/800 934/833/717 457/836/720 940/926/809
f 226/925/808 941/927/810 458/928/811 940/926/809
f 225/597/526 787/600/529 458/928/811 941/927/810
f 222/591/520 936/919/802 458/928/811 787/600/529
f 223/917/800 940/926/809 458/928/811 936/919/802
f 253/924/807 937/923/806 459/929/812 943/930/813
f 221/595/524 786/602/531 459/929/812 937/923/806
f 224/601/530 942/931/814 459/929/812 786/602/531
f 254/932/815 943/930/813 459/929/812 942/931/814
f 229/933/816 945/934/817 460/838/722 944/837/721
f 226/925/808 939/835/719 460/838/722 945/934/817
f 229/933/816 946/935/818 461/936/819 945/934/817
f 228/603/532 790/606/535 461/936/819 946/935/818
f 225/597/526 941/927/810 461/936/819 790/606/535
f 226/925/808 945/934/817 461/936/819 941/927/810
f 254/932/815 942/931/814 462/937/820 948/938/821
f 224/601/530 789/608/537 462/937/820 942/931/814
f 227/607/536 947/939/822 462/937/820 789/608/537
f 255/940/823 948/938/821 462/937/820 947/939/822
f 232/941/824 950/942/825 463/840/724 949/839/723
f 229/933/816 944/837/721 463/840/724 950/942/825
f 232/941/824 951/943/826 464/944/827 950/942/825
f 231/609/538 793/612/541 464/944/827 951/943/826
f 228/603/532 946/935/818 464/944/827 793/612/541
f 229/933/816 950/942/825 464/944/827 946/935/818
f 255/940/823 947/939/822 465/945/828 953/946/829
f 227/607/536 792/614/543 465/945/828 947/939/822
f 230/613/542 952/947/830 465/945/828 792/614/543
f 256/948/831 953/946/829 465/945/828 952/947/830
f 235/949/832 955/950/833 466/842/726 954/841/725
f 232/941/824 949/839/723 466/842/726 955/950/833
f 235/949/832 956/951/834 467/952/835 955/950/833
f 234/615/544 796/618/547 467/952/835 956/951/834
f 231/609/538 951/943/826 467/952/835 796/618/547
f 232/941/824 955/950/833 467/952/835 951/943/826
f 256/948/831 952/947/830 468/953/836 958/954/837
f 230/613/542 795/620/549 468/953/836 952/947/830
f 233/619/548 957/955/838 468/953/836 795/620/549
f 257/956/839 958/954/837 468/953/836 957/955/838
f 238/957/840 960/958/841 469/844/728 959/843/727
f 235/949/832 954/841/725 469/844/728 960/958/841
f 238/957/840 961/959/842 470/960/843 960/958/841
f 237/621/550 799/624/553 470/960/843 961/959/842
f 234/615/544 956/951/834 470/960/843 799/624/553
f 235/949/832 960/958/841 470/960/843 956/951/834
f 257/956/839 957/955/838 471/961/844 963/962/845
f 233/619/548 798/626/555 471/961/844 957/955/838
f 236/625/554 962/963/846 471/961/844 798/626/555
f 258/964/847 963/962/845 471/961/844 962/963/846
f 241/965/848 965/966/849 472/846/730 964/845/729
f 238/957/840 959/843/727 472/846/730 965/966/849
f 241/965/848 966/967/850 473/968/851 965/966/849
f 240/627/556 802/630/559 473/968/851 966/967/850
f 237/621/550 961/959/842 473/968/851 802/630/559
f 238/957/840 965/966/849 473/968/851 961/959/842
f 258/964/847 962/963/846 474/969/852 968/970/853
f 236/625/554 801/632/561 474/969/852 962/963/846
f 239/631/560 967/971/854 474/969/852 801/632/561
f 259/972/855 968/970/853 474/969/852 967/971/854
f 242/973/734 969/974/856 475/848/731 893/847/702
f 241/965/848 964/845/729 475/848/731 969/974/856
f 242/973/734 895/975/737 476/976/857 969/974/856
f 243/633/477 804/636/563 476/976/857 895/975/737
f 240/627/556 966/967/850 476/976/857 804/636/563
f 241/965/848 969/974/856 476/976/857 966/967/850
f 259/972/855 967/971/854 477/977/858 970/978/859
f 239/631/560 803/638/564 477/977/858 967/971/854
f 244/637/475 896/979/739 477/977/858 803/638/564
f 260/980/738 970/978/859 477/977/858 896/979/739
f 131/981/860 971/982/861 478/983/862 973/984/863
f 260/855/738 898/858/741 478/983/862 971/982/861
f 245/860/743 972/985/864 478/983/862 898/858/741
f 132/986/865 973/984/863 478/983/862 972/985/864
f 132/986/865 972/985/864 479/987/866 975/988/867
f 245/860/743 903/866/749 479/987/866 972/985/864
f 246/868/751 974/989/868 479/987/866 903/866/749
f 133/990/869 975/988/867 479/987/866 974/989/868
f 133/990/869 974/989/868 480/991/870 977/992/871
f 246/868/751 908/874/757 480/991/870 974/989/868
f 247/876/759 976/993/872 480/991/870 908/874/757
f 134/994/873 977/992/871 480/991/870 976/993/872
f 134/994/873 976/993/872 481/995/874 979/996/875
f 247/876/759 913/882/765 481/995/874 976/993/872
f 248/884/767 978/997/876 481/995/874 913/882/765
f 135/998/877 979/996/875 481/995/874 978/997/876
f 135/998/877 978/997/876 482/999/878 981/1000/879
f 248/884/767 918/890/773 482/999/878 978/997/876
f 249/892/775 980/1001/880 482/999/878 918/890/773
f 136/1002/881 981/1000/879 482/999/878 980/1001/880
f 136/1002/881 980/1001/880 483/1003/882 983/1004/883
f 249/892/775 923/898/781 483/1003/882 980/1001/880
f 250/900/783 982/1005/884 483/1003/882 923/898/781
f 137/1006/885 983/1004/883 483/1003/882 982/1005/884
f 137/1006/885 982/1005/884 484/1007/886 985/1008/887
f 250/900/783 928/906/789 484/1007/886 982/1005/884
f 251/908/791 984/1009/888 484/1007/886 928/906/789
f 138/1010/889 985/1008/887 484/1007/886 984/1009/888
f 138/1010/889 984/1009/888 485/1011/890 987/1012/891
f 251/908/791 933/914/797 485/1011/890 984/1009/888
f 252/916/799 986/1013/892 485/1011/890 933/914/797
f 139/1014/893 987/1012/891 485/1011/890 986/1013/892
f 139/1014/893 986/1013/892 486/1015/894 989/1016/895
f 252/916/799 938/922/805 486/1015/894 986/1013/892
f 253/924/807 988/1017/896 486/1015/894 938/922/805
f 140/1018/897 989/1016/895 486/1015/894 988/1017/896
f 140/1018/897 988/1017/896 487/1019/898 991/1020/899
f 253/924/807 943/930/813 487/1019/898 988/1017/896
f 254/932/815 990/1021/900 487/1019/898 943/930/813
f 141/1022/901 991/1020/899 487/1019/898 990/1021/900
f 141/1022/901 990/1021/900 488/1023/902 993/1024/903
f 254/932/815 948/938/821 488/1023/902 990/1021/900
f 255/940/823 992/1025/904 488/1023/902 948/938/821
f 142/1026/905 993/1024/903 488/1023/902 992/1025/904
f 142/1026/905 992/1025/904 489/1027/906 995/1028/907
f 255/940/823 953/946/829 489/1027/906 992/1025/904
f 256/948/831 994/1029/908 489/1027/906 953/946/829
f 143/1030/909 995/1028/907 489/1027/906 994/1029/908
f 143/1030/909 994/1029/908 490/1031/910 997/1032/911
f 256/948/831 958/954/837 490/1031/910 994/1029/908
f 257/956/839 996/1033/912 490/1031/910 958/954/837
f 144/1034/913 997/1032/911 490/1031/910 996/1033/912
f 144/1034/913 996/1033/912 491/1035/914 999/1036/915
f 257/956/839 963/962/845 491/1035/914 996/1033/912
f 258/964/847 998/1037/916 491/1035/914 963/962/845
f 145/1038/917 999/1036/915 491/1035/914 998/1037/916
f 145/1038/917 998/1037/916 492/1039/918 1001/1040/919
f 258/964/847 968/970/853 492/1039/918 998/1037/916
f 259/972/855 1000/1041/920 492/1039/918 968/970/853
f 146/1042/921 1001/1040/919 492/1039/918 1000/1041/920
f 146/1042/921 1000/1041/920 493/1043/922 1002/1044/923
f 259/972/855 970/978/859 493/1043/922 1000/1041/920
f 260/980/738 971/1045/861 493/1043/922 970/978/859
f 131/1046/860 1002/1044/923 493/1043/922 971/1045/861
f 144/1034/913 999/1036/915 494/1047/924
f 145/1038/917 494/1048/924 999/1036/915
f 143/1030/909 997/1032/911 494/1049/924
f 144/1034/913 494/1050/924 997/1032/911
f 142/1026/905 995/1028/907 494/1051/924
f 143/1030/909 494/1052/924 995/1028/907
f 141/1022/901 993/1024/903 494/1053/924
f 142/1026/905 494/1054/924 993/1024/903
f 140/1018/897 991/1020/899 494/1055/924
f 141/1022/901 494/1056/924 991/1020/899
f 139/1014/893 989/1016/895 494/1057/924
f 140/1018/897 494/1058/924 989/1016/895
f 138/1010/889 987/1012/891 494/1059/924
f 139/1014/893 494/1060/924 987/1012/891
f 137/1006/885 985/1008/887 494/1061/924
f 138/1010/889 494/1062/924 985/1008/887
f 136/1002/881 983/1004/883 494/1063/924
f 137/1006/885 494/1064/924 983/1004/883
f 135/998/877 981/1000/879 494/1065/924
f 136/1002/881 494/1066/924 981/1000/879
f 134/994/873 979/996/875 494/1067/924
f 135/998/877 494/1068/924 979/996/875
f 133/990/869 977/992/871 494/1069/924
f 134/994/873 494/1070/924 977/992/871
f 132/986/865 975/988/867 494/1071/924
f 133/990/869 494/1072/924 975/988/867
f 131/981/860 973/984/863 494/1073/924
f 132/986/865 494/1074/924 973/984/863
f 146/1042/921 1002/1044/923 494/1075/924
f 131/1046/860 494/1076/924 1002/1044/923
f 145/1038/917 1001/1040/919 494/1077/924
f 146/1042/921 494/1078/924 1001/1040/919
f 25/201/170 611/204/173 495/1079/925 1004/1080/926
f 26/208/177 1003/1081/927 495/1079/925 611/204/173
f 156/747/633 856/746/632 495/1079/925 1003/1081/927
f 155/745/631 1004/1080/926 495/1079/925 856/746/632
f 17/217/186 615/216/185 496/1082/928 1006/1083/929
f 18/215/184 1005/1084/930 496/1082/928 615/216/185
f 148/751/637 862/754/640 496/1082/928 1005/1084/930
f 147/756/642 1006/1083/929 496/1082/928 862/754/640
f 18/215/184 618/221/190 497/1085/931 1005/1084/930
f 19/220/189 1007/1086/932 497/1085/931 618/221/190
f 149/757/643 864/760/646 497/1085/931 1007/1086/932
f 148/751/637 1005/1084/930 497/1085/931 864/760/646
f 19/220/189 620/225/194 498/1087/933 1007/1086/932
f 20/224/193 1008/1088/934 498/1087/933 620/225/194
f 150/761/647 866/764/650 498/1087/933 1008/1088/934
f 149/757/643 1007/1086/932 498/1087/933 866/764/650
f 20/224/193 622/229/198 499/1089/935 1008/1088/934
f 21/228/197 1009/1090/936 499/1089/935 622/229/198
f 151/765/651 868/768/654 499/1089/935 1009/1090/936
f 150/761/647 1008/1088/934 499/1089/935 868/768/654
f 21/228/197 624/233/202 500/1091/937 1009/1090/936
f 22/232/201 1010/1092/938 500/1091/937 624/233/202
f 152/769/655 870/772/658 500/1091/937 1010/1092/938
f 151/765/651 1009/1090/936 500/1091/937 870/772/658
f 22/232/201 626/237/206 501/1093/939 1010/1092/938
f 23/236/205 1011/1094/940 501/1093/939 626/237/206
f 153/773/659 872/776/662 501/1093/939 1011/1094/940
f 152/769/655 1010/1092/938 501/1093/939 872/776/662
f 23/236/205 628/241/210 502/1095/941 1011/1094/940
f 24/240/209 1012/1096/942 502/1095/941 628/241/210
f 154/777/663 874/780/666 502/1095/941 1012/1096/942
f 153/773/659 1011/1094/940 502/1095/941 874/780/666
f 26/208/177 632/249/218 503/1097/943 1003/1081/927
f 27/248/217 1013/1098/944 503/1097/943 632/249/218
f 157/785/671 878/788/674 503/1097/943 1013/1098/944
f 156/747/633 1003/1081/927 503/1097/943 878/788/674
f 27/248/217 634/253/222 504/1099/945 1013/1098/944
f 28/252/221 1014/1100/946 504/1099/945 634/253/222
f 158/789/675 880/792/678 504/1099/945 1014/1100/946
f 157/785/671 1013/1098/944 504/1099/945 880/792/678
f 28/252/221 636/257/226 505/1101/947 1014/1100/946
f 29/256/225 1015/1102/948 505/1101/947 636/257/226
f 159/793/679 882/796/682 505/1101/947 1015/1102/948
f 158/789/675 1014/1100/946 505/1101/947 882/796/682
f 29/256/225 638/261/230 506/1103/949 1015/1102/948
f 30/260/229 1016/1104/950 506/1103/949 638/261/230
f 160/797/683 884/800/686 506/1103/949 1016/1104/950
f 159/793/679 1015/1102/948 506/1103/949 884/800/686
f 30/260/229 640/265/234 507/1105/951 1016/1104/950
f 31/264/233 1017/1106/952 507/1105/951 640/265/234
f 161/801/687 886/804/690 507/1105/951 1017/1106/952
f 160/797/683 1016/1104/950 507/1105/951 886/804/690
f 31/264/233 642/269/238 508/1107/953 1017/1106/952
f 32/268/237 1018/1108/954 508/1107/953 642/269/238
f 162/805/691 888/808/694 508/1107/953 1018/1108/954
f 161/801/687 1017/1106/952 508/1107/953 888/808/694
f 32/268/237 643/273/240 509/1109/955 1018/1108/954
f 17/272/186 1006/1110/929 509/1109/955 643/273/240
f 147/809/642 889/812/696 509/1109/955 1006/1110/929
f 162/805/691 1018/1108/954 509/1109/955 889/812/696
f 24/240/209 644/276/243 510/1111/956 1012/1096/942
f 25/201/170 1004/1080/926 510/1111/956 644/276/243
f 155/745/631 890/815/699 510/1111/956 1004/1080/926
f 154/777/663 1012/1096/942 510/1111/956 890/815/699
