# Blender 5.0.0
# www.blender.org
mtllib Untitled.mtl
o body
v -0.587078 0.231459 0.553057
v -0.585971 0.249385 0.663486
v -0.457755 0.360723 0.470718
v -0.523690 0.148056 0.864549
v -0.509351 0.377586 0.710823
v -0.584151 0.197785 0.672637
v -0.510280 0.339398 0.188837
v -0.330281 0.398144 0.582796
v -0.549747 0.339442 0.417900
v -0.571820 0.171599 0.564116
v -0.577865 0.273270 0.562456
v -0.575616 0.279724 0.670601
v -0.581604 0.191925 0.561531
v -0.541747 0.100316 0.877750
v -0.586303 0.231031 0.688102
v -0.575769 0.174712 0.666749
v -0.578077 0.209182 0.545459
v -0.568529 0.206681 0.541593
v -0.568699 0.239939 0.538310
v -0.568321 0.286397 0.564926
v -0.582214 0.247152 0.694277
v -0.580079 0.203371 0.692352
v -0.568611 0.168868 0.678964
v -0.568274 0.106221 0.456087
v -0.568526 0.167972 0.582779
v -0.568600 0.286160 0.681935
v -0.568307 0.256961 0.699357
v -0.568493 0.219581 0.705071
v -0.567772 0.103387 0.615682
v -0.567230 0.057802 0.586151
v -0.567105 0.324965 0.713423
v -0.558941 0.070751 0.432838
v -0.568724 0.267702 0.546649
v -0.567971 0.238560 0.769702
v -0.568420 0.108313 0.214152
v -0.567177 0.343190 0.517035
v -0.568274 0.338366 0.415990
v -0.563710 0.353709 0.641359
v -0.568437 0.339128 0.326440
v -0.568077 0.339095 0.485609
v -0.568401 0.126068 0.830589
v -0.568403 0.338925 0.233552
v -0.560015 0.076046 0.606186
v -0.553675 0.037924 0.525395
v -0.559382 0.363841 0.587383
v -0.558820 0.352007 0.699105
v -0.564987 0.086517 0.821459
v -0.557899 0.043166 0.587522
v -0.563644 0.082560 0.343081
v -0.568325 0.339426 0.158972
v -0.562254 0.291185 0.762663
v -0.539652 0.340574 0.502880
v -0.563684 0.234118 0.795507
v -0.551222 0.351130 0.728541
v -0.554609 0.328761 0.750155
v -0.564333 0.164024 0.840308
v -0.534156 0.016406 0.527243
v -0.564514 0.343653 0.463683
v -0.554057 0.288683 0.779059
v -0.565065 0.347415 0.323393
v -0.568042 0.340025 0.054238
v -0.552551 0.355817 0.485692
v -0.554874 0.229316 0.818362
v -0.558048 0.192838 0.837880
v -0.538357 0.019291 0.583034
v -0.565312 0.355814 0.289300
v -0.564852 0.355778 0.458924
v -0.546208 0.379030 0.658922
v -0.538198 0.040372 0.593940
v -0.567769 0.098544 0.007509
v -0.558320 0.355943 0.351656
v -0.524778 0.346153 0.516348
v -0.550389 0.376424 0.558766
v -0.547549 0.325484 0.755884
v -0.548860 0.053127 0.812237
v -0.530846 0.031198 0.424432
v -0.564129 0.083040 0.130987
v -0.569695 0.278706 -0.134304
v -0.566240 0.344040 0.005264
v -0.564595 0.355398 0.130156
v -0.556825 0.355702 0.464669
v -0.497078 0.353343 0.530721
v -0.537360 0.375386 0.707546
v -0.559982 0.094710 0.849881
v -0.441939 0.395719 0.579256
v -0.527798 0.029430 0.683016
v -0.550395 0.055820 0.103836
v -0.558352 0.355891 0.286836
v -0.545946 0.060218 0.852227
v -0.569730 0.180075 -0.099512
v -0.557748 0.345866 0.238764
v -0.557494 0.344526 0.442047
v -0.531181 0.355945 0.502532
v -0.523386 0.355425 0.515243
v -0.535719 0.361706 0.727070
v -0.546267 0.278174 0.789280
v -0.550555 0.156327 0.866877
v -0.533153 0.392700 0.580380
v -0.529847 0.030747 0.286588
v -0.570438 0.118999 -0.108721
v -0.564745 0.355506 0.067409
v -0.557766 0.345722 0.331848
v -0.521186 0.351005 0.524143
v -0.422657 0.356034 0.534187
v -0.541856 0.311743 0.762180
v -0.570297 0.232553 -0.125192
v -0.540761 0.340620 0.487359
v -0.548884 0.202128 0.840937
v -0.539473 0.073043 0.870937
v -0.504943 0.001408 0.538726
v -0.500212 0.409505 0.608443
v -0.537186 0.324099 0.740214
v -0.535501 0.036744 0.826686
v -0.527161 0.028785 0.754973
v -0.566198 0.344275 -0.077855
v -0.481256 0.355364 0.529323
v -0.422111 0.376482 0.556147
v -0.541377 0.240189 0.813531
v -0.540651 0.211804 0.831340
v -0.520987 0.124825 0.893984
v -0.505972 0.014200 0.593547
v -0.550781 0.339649 0.306493
v -0.561468 0.076844 -0.033994
v -0.516736 0.396863 0.683805
v -0.538432 0.302126 0.756219
v -0.508644 0.002087 0.585684
v -0.494261 0.002134 0.483020
v -0.558712 0.355702 0.097302
v -0.501935 0.395147 0.700982
v -0.527543 0.347751 0.720242
v -0.537584 0.161123 0.870610
v -0.570171 0.269169 -0.253331
v -0.529181 0.356223 0.727625
v -0.537924 0.273957 0.775950
v -0.537368 0.246360 0.794620
v -0.537205 0.215289 0.814954
v -0.570123 0.180462 -0.151206
v -0.570169 0.229943 -0.165106
v -0.567907 0.340573 -0.124114
v -0.557367 0.345065 0.054072
v -0.553890 0.340675 0.151948
v -0.512508 0.342796 0.511778
v -0.301149 0.376739 0.556561
v -0.411440 0.414199 0.611584
v -0.504688 0.074491 0.897810
v -0.567320 0.098014 -0.135702
v -0.570257 0.119064 -0.175284
v -0.567873 0.339590 -0.271256
v -0.566203 0.344573 -0.214819
v -0.487491 0.381367 0.695528
v -0.483672 0.412539 0.668516
v -0.539305 0.180883 0.852208
v -0.516184 0.023739 0.845268
v -0.531805 0.032925 0.132593
v -0.570480 0.118966 -0.159881
v -0.570480 0.118966 -0.152276
v -0.570480 0.118966 -0.146461
v -0.569833 0.280877 -0.334691
v -0.558498 0.355749 -0.054769
v -0.535805 0.173671 0.845727
v -0.476851 0.002462 0.410965
v -0.570480 0.118966 -0.152388
v -0.570480 0.118966 -0.146573
v -0.570480 0.118966 -0.143553
v -0.255977 0.397260 0.581377
v -0.443621 0.419927 0.632782
v -0.502990 0.013075 0.209274
v -0.547819 0.051908 -0.154309
v -0.565068 0.086941 -0.305915
v -0.557503 0.345437 -0.107452
v -0.510426 0.339405 0.329248
v -0.470175 0.340217 0.518673
v -0.343518 0.355679 0.528918
v -0.380169 0.237372 0.798538
v -0.468274 0.000491 0.595667
v -0.570184 0.207474 -0.226386
v -0.509296 0.339426 0.431610
v -0.492624 0.339220 0.457439
v -0.417454 0.348457 0.528216
v -0.328481 0.412579 0.607797
v -0.570653 0.119238 -0.299957
v -0.570365 0.169790 -0.214146
v -0.568204 0.339957 -0.372054
v -0.337269 0.356054 0.533284
v -0.379256 0.422042 0.634560
v -0.512265 0.364881 0.706480
v -0.508771 0.131405 0.876902
v -0.518894 0.135689 0.889394
v -0.569830 0.288477 -0.419212
v -0.472636 0.339320 0.469720
v -0.176498 0.377064 0.556835
v -0.459729 0.390166 0.689955
v -0.380197 0.345319 0.722892
v -0.551166 0.339777 -0.008086
v -0.510373 0.339324 0.041447
v -0.438481 0.339739 0.476095
v -0.380261 0.314548 0.745261
v -0.380244 0.276392 0.772027
v -0.378524 0.202330 0.821891
v -0.521339 0.144774 0.877656
v -0.521011 0.042242 0.867623
v -0.532401 0.033630 -0.075298
v -0.569929 0.236512 -0.324521
v -0.564705 0.348386 -0.329319
v -0.550865 0.339735 0.088857
v -0.253953 0.412556 0.607899
v -0.475899 0.007466 0.850857
v -0.490953 0.007666 0.813442
v 0.005553 0.000223 0.815986
v -0.454711 0.000220 0.051080
v -0.555599 0.064779 -0.269131
v -0.569579 0.265200 -0.445879
v -0.568193 0.339141 -0.558775
v -0.510400 0.356708 0.427038
v -0.495402 0.356348 0.453979
v -0.408455 0.340377 0.518983
v -0.215717 0.355969 0.533333
v -0.309746 0.421938 0.634657
v -0.475427 0.396363 0.698450
v -0.377901 0.377359 0.700368
v -0.479554 0.109828 0.908955
v -0.469046 0.001207 0.711371
v -0.475749 0.002994 0.106397
v -0.570520 0.145961 -0.304488
v -0.564943 0.346286 -0.409609
v -0.558144 0.355950 -0.252719
v -0.364382 0.340079 0.475456
v -0.343077 0.347593 0.528258
v -0.194924 0.411784 0.606377
v -0.367720 0.170582 0.846845
v -0.486979 0.115760 0.887846
v -0.498624 0.020394 0.860062
v -0.557758 0.346174 -0.247473
v -0.436056 0.408304 0.692122
v -0.234455 0.421484 0.633091
v -0.392501 0.412450 0.685814
v -0.443681 0.399118 0.695729
v -0.379714 0.331387 0.723836
v -0.379835 0.308170 0.740340
v -0.380006 0.284748 0.755890
v -0.455060 0.105869 0.894799
v -0.470771 0.041375 0.895012
v -0.325739 0.000443 0.827529
v -0.475787 0.002983 0.304949
v -0.550796 0.339697 -0.111922
v -0.084649 0.372625 0.552167
v -0.379636 0.355710 0.706955
v -0.379722 0.264412 0.770161
v -0.379639 0.240867 0.786793
v -0.379586 0.216774 0.803750
v -0.488966 0.120201 0.895253
v -0.566395 0.088651 -0.471972
v -0.570421 0.122121 -0.373090
v -0.511250 0.339232 0.015920
v -0.376711 0.198185 0.816426
v -0.334785 0.164694 0.851769
v -0.391054 0.138075 0.871542
v -0.393249 0.105011 0.895212
v -0.500877 0.012007 -0.026833
v -0.570583 0.119710 -0.442496
v -0.567054 0.208900 -0.564958
v -0.565280 0.355912 -0.269716
v -0.557359 0.345561 -0.342331
v -0.551029 0.339851 -0.245835
v -0.510535 0.356695 0.192001
v -0.489713 0.356633 0.318000
v -0.486844 0.357009 0.421316
v -0.484805 0.360083 0.464546
v -0.391836 0.356291 0.474511
v -0.332986 0.340310 0.519126
v -0.315314 0.339766 0.476636
v -0.385165 0.158060 0.856371
v -0.569931 0.238363 -0.414375
v -0.570187 0.172206 -0.400556
v -0.570206 0.149688 -0.438737
v -0.569738 0.200987 -0.428302
v -0.185298 0.355706 0.533065
v -0.570207 0.196356 -0.350119
v -0.065332 0.397290 0.581356
v -0.570501 0.173705 -0.323317
v -0.120655 0.397243 0.581338
v -0.354025 0.006374 0.853132
v -0.510471 0.356474 -0.017874
v -0.214564 0.356380 0.474396
v 0.005509 0.397219 0.581312
v -0.510311 0.356622 -0.082042
v -0.389394 0.098188 0.915210
v -0.114350 0.356352 0.474419
v -0.050013 0.412938 0.683596
v -0.140542 0.133651 0.883307
v -0.229053 0.138427 0.885087
v -0.227498 0.135922 0.881082
v -0.253134 0.133144 0.885121
v -0.364430 0.409815 0.691011
v -0.228096 0.124087 0.891655
v -0.211544 0.139877 0.878681
v -0.487439 0.357181 -0.334898
v -0.509864 0.339623 -0.471799
v -0.509864 0.339623 -0.470681
v 0.113030 0.349207 0.528521
v -0.510671 0.356696 -0.433544
v 0.160333 0.412504 0.607019
v -0.110255 0.133448 0.885840
v -0.094873 0.141412 0.879014
v -0.093257 0.125537 0.889706
v -0.106523 0.160912 0.870158
v -0.101833 0.156675 0.868149
v -0.087315 0.166624 0.860731
v -0.079128 0.143708 0.876487
v -0.126505 0.137447 0.880735
v -0.088037 0.124416 0.881002
v -0.123409 0.122522 0.892322
v -0.078981 0.140587 0.870248
v -0.082701 0.156539 0.858190
v -0.065854 0.104468 0.895414
v 0.112292 0.355721 0.529000
v 0.121019 0.030343 0.888484
v 0.064324 0.033881 0.891554
v 0.267023 0.354289 0.529885
v 0.010700 0.154153 0.871569
v 0.011842 0.136830 0.883719
v -0.017177 0.139968 0.884480
v -0.014848 0.134637 0.882605
v -0.009710 0.159822 0.870534
v 0.004834 0.122295 0.892907
v 0.027011 0.137222 0.881954
v 0.024682 0.129758 0.877652
v 0.010133 0.117460 0.886013
v 0.041629 0.390643 0.689957
v 0.118887 0.135133 0.885074
v 0.123401 0.155433 0.873571
v 0.123775 0.153432 0.869832
v 0.130426 0.128628 0.887909
v 0.095494 0.122309 0.892692
v 0.096704 0.135238 0.883562
v 0.124456 0.118558 0.884672
v 0.092786 0.148664 0.876001
v 0.100916 0.159084 0.867438
v 0.141679 0.137797 0.872570
v -0.374926 0.118980 0.884679
v 0.134469 0.165241 0.860719
v -0.451996 0.109930 0.905490
v -0.266087 0.000179 -0.553155
v -0.156728 0.000980 -0.562738
v -0.096176 0.000612 -0.561118
v 0.465761 0.354604 0.530843
v -0.259625 0.005558 -0.581024
v -0.362468 0.003561 -0.573579
v 0.542322 0.338846 0.444571
v 0.491353 0.411014 0.612381
v 0.501529 0.355882 0.426773
v 0.009195 0.102269 0.915232
v 0.049968 0.108706 0.910432
v 0.515646 0.008462 0.521362
v -0.047262 0.003540 -0.573018
v -0.446680 0.357908 -0.561544
v 0.226282 0.122108 0.893243
v 0.248794 0.148509 0.877719
v 0.247065 0.134821 0.882113
v 0.240199 0.135729 0.886751
v 0.256479 0.129691 0.887788
v 0.239792 0.158931 0.868145
v 0.265747 0.148645 0.873545
v 0.218274 0.137741 0.882159
v 0.220633 0.156322 0.869769
v 0.250249 0.172318 0.855910
v 0.261173 0.129931 0.877858
v 0.247590 0.118428 0.886225
v 0.202780 0.139822 0.880204
v 0.212240 0.168235 0.858863
v 0.264737 0.151139 0.862103
v -0.461813 0.355790 -0.647954
v 0.520156 0.396898 0.668225
v 0.502157 0.356009 0.306797
v 0.205312 0.397379 0.694445
v -0.077397 0.015708 -0.602386
v -0.304100 0.356244 -0.604130
v 0.219172 0.391126 0.514445
v 0.473971 0.008182 0.850178
v -0.514196 0.371255 -0.501078
v -0.209152 0.384696 0.502699
v 0.502147 0.356035 0.199147
v 0.354930 0.157984 0.868306
v 0.361729 0.137005 0.880885
v 0.360833 0.139353 0.884242
v 0.374534 0.135026 0.882923
v -0.453377 0.001321 0.837802
v 0.373207 0.161804 0.862538
v 0.331571 0.133502 0.883838
v 0.332720 0.154243 0.872617
v 0.378598 0.146233 0.865149
v 0.371659 0.126203 0.879681
v 0.349695 0.121676 0.893634
v 0.321950 0.130251 0.886987
v 0.355704 0.116525 0.886833
v 0.355711 0.174791 0.853575
v 0.364211 0.167016 0.849525
v 0.136466 0.098297 0.915236
v 0.532913 0.340579 0.502509
v 0.216608 0.095650 0.915323
v -0.235963 0.339217 -0.604611
v 0.459617 0.000095 -0.534368
v -0.300801 0.025703 -0.618091
v 0.501166 0.365617 0.457398
v 0.357988 0.391199 0.690097
v 0.214995 0.410174 0.690439
v 0.565630 0.338681 0.439992
v -0.187564 0.055026 -0.643320
v -0.359717 0.390677 0.452733
v -0.234071 0.349395 -0.647558
v -0.065846 0.057221 -0.644781
v 0.462855 0.389186 0.690775
v 0.520855 0.026660 -0.216391
v -0.132548 0.348849 -0.647476
v 0.502399 0.339344 -0.179409
v -0.371042 0.407710 0.452166
v 0.504874 0.368567 0.703646
v 0.546002 0.054420 0.722940
v 0.005063 0.055890 -0.643926
v -0.083883 0.349435 -0.647719
v 0.560973 0.347552 0.141518
v 0.106025 0.056565 -0.644249
v 0.165179 0.102029 -0.659886
v -0.033090 0.339578 -0.604276
v 0.184339 0.055276 -0.643476
v -0.032630 0.340256 -0.640050
v 0.565621 0.338978 0.186902
v -0.211966 0.370052 -0.585688
v 0.547208 0.056363 -0.153065
v 0.399175 0.031235 -0.623900
v 0.031957 0.356281 -0.603880
v 0.560539 0.083130 0.257036
v 0.544293 0.051966 -0.085283
v 0.502122 0.356041 -0.383041
v -0.394149 0.424243 0.463277
v -0.150696 0.370300 -0.585620
v -0.484715 0.372969 -0.026802
v 0.457077 0.052623 -0.642096
v -0.291766 0.400564 -0.605925
v 0.502037 0.355935 -0.484259
v -0.471632 0.424320 0.407769
v 0.152887 0.340340 -0.640959
v 0.208903 0.340065 -0.639672
v -0.312681 0.384863 -0.592168
v 0.460742 0.081648 -0.655956
v -0.225045 0.401377 -0.605185
v -0.492237 0.371986 -0.283413
v -0.479727 0.375444 -0.552231
v 0.291009 0.390910 0.453165
v 0.330548 0.339671 -0.604625
v -0.091885 0.401587 -0.605368
v -0.469371 0.422139 0.341417
v 0.515185 0.382750 0.462169
v -0.472850 0.425655 0.218507
v -0.471779 0.424784 0.010745
v -0.425914 0.419452 -0.549266
v 0.332673 0.420592 0.459070
v -0.473439 0.426521 -0.078675
v 0.094728 0.384934 -0.592319
v -0.293228 0.455488 0.519128
v -0.354123 0.420939 -0.551087
v 0.276658 0.392322 -0.604461
v -0.281453 0.413060 -0.543589
v 0.450605 0.401693 -0.605558
v 0.451612 0.401693 -0.605558
v 0.448717 0.401340 -0.605535
v -0.355120 0.447691 0.501851
v -0.250648 0.420494 -0.550332
v -0.351101 0.433915 -0.571438
v -0.466678 0.451250 0.154459
v -0.148791 0.421470 -0.551554
v -0.418525 0.515750 0.455267
v 0.323623 0.377306 -0.581781
v -0.118499 0.411266 -0.542162
v -0.278525 0.441633 -0.603417
v -0.449787 0.517654 0.264680
v -0.244488 0.433957 -0.571229
v -0.449790 0.517958 0.233123
v -0.449909 0.452199 0.035515
v -0.391057 0.518063 0.426836
v 0.473830 0.374608 -0.009165
v 0.145158 0.384401 -0.542425
v -0.068558 0.419544 -0.549382
v -0.464905 0.470139 -0.630498
v -0.462971 0.517932 0.394768
v 0.510150 0.380358 -0.384004
v -0.314531 0.518702 0.481458
v 0.467442 0.426800 0.208115
v 0.004153 0.420543 -0.550304
v -0.515788 0.452051 -0.379193
v 0.174863 0.447394 0.500166
v 0.460069 0.417264 0.127716
v -0.040328 0.517424 0.426330
v 0.533687 0.461670 0.487719
v 0.085641 0.419453 -0.549089
v -0.502574 0.605769 0.448532
v -0.481499 0.567387 0.474013
v -0.465605 0.657942 0.481202
v -0.504320 0.657919 0.446105
v -0.488070 0.657705 0.468166
v -0.472760 0.610834 0.478463
v -0.378916 0.657971 0.452862
v -0.049564 0.518654 0.481586
v 0.493173 0.436957 0.162779
v 0.174234 0.420545 -0.550779
v -0.425487 0.658019 0.446229
v -0.004227 0.657908 0.481591
v 0.511209 0.447138 0.319914
v 0.515466 0.448188 0.445008
v 0.249123 0.420999 -0.550994
v 0.093839 0.439429 -0.595810
v -0.387094 0.462946 -0.608305
v -0.383615 0.457534 -0.607573
v -0.384348 0.454457 -0.575478
v -0.450493 0.518156 -0.475705
v 0.127248 0.518628 0.481525
v 0.489752 0.448061 0.172184
v -0.199676 0.657915 0.421724
v 0.311174 0.452060 0.454063
v -0.464080 0.518424 -0.493895
v 0.403219 0.418873 -0.548633
v -0.208906 0.657915 0.416087
v -0.208795 0.657915 0.415863
v -0.285025 0.451884 -0.572419
v 0.235722 0.518726 0.481566
v -0.201273 0.657915 0.412856
v -0.500224 0.364271 0.077397
v 0.467390 0.426735 -0.128274
v -0.327206 0.517321 -0.527758
v -0.504935 0.658031 -0.438138
v 0.361058 0.452041 0.427184
v 0.190913 0.002689 0.842880
v 0.360930 0.517926 0.427167
v 0.361396 0.518233 0.455872
v 0.287006 0.518587 0.481533
v 0.390074 0.518290 0.455841
v 0.452866 0.453822 0.424998
v 0.426430 0.451959 0.203028
v -0.001893 0.657915 0.283223
v -0.488348 0.657998 -0.509787
v -0.144387 0.452643 -0.527758
v 0.493696 0.437227 -0.175208
v -0.341801 0.657996 0.389953
v 0.456766 0.451688 0.018376
v 0.426345 0.452058 0.144831
v 0.426444 0.452008 0.088226
v 0.499913 0.444163 -0.154245
v 0.468805 0.428169 -0.201296
v -0.084877 0.517334 -0.527606
v -0.087507 0.517768 -0.528311
v -0.089575 0.517334 -0.527606
v -0.090805 0.517334 -0.527606
v -0.092706 0.517334 -0.527606
v -0.095601 0.518178 -0.528945
v -0.177588 0.518059 -0.527770
v 0.233541 0.339588 0.475527
v -0.298825 0.657915 0.330083
v -0.298713 0.657915 0.330083
v -0.298825 0.657915 0.330195
v 0.184992 0.657965 0.466606
v 0.425740 0.518125 0.331551
v -0.064122 0.517799 -0.527685
v -0.201348 0.657915 0.378626
v 0.426331 0.452140 0.015062
v -0.011280 0.452198 -0.527992
v 0.082926 0.445801 -0.573275
v -0.278582 0.658027 -0.489022
v -0.097863 0.657915 0.331069
v 0.456238 0.451889 -0.203016
v -0.385422 0.658002 0.373480
v 0.426242 0.452118 -0.178440
v 0.456440 0.451779 -0.243950
v 0.446746 0.658022 0.481366
v 0.456533 0.451461 -0.251589
v 0.456533 0.451461 -0.252931
v 0.456533 0.451461 -0.252260
v 0.456533 0.451461 -0.254944
v 0.456533 0.451461 -0.254832
v 0.456533 0.451461 -0.256398
v 0.455802 0.451972 -0.258031
v 0.492036 0.436501 -0.379626
v 0.160928 0.657927 0.422283
v 0.491027 0.518587 0.173225
v 0.456849 0.446880 -0.252539
v -0.355415 0.657915 0.336011
v -0.355527 0.657915 0.336011
v -0.341659 0.657915 0.181785
v -0.142067 0.518535 -0.564499
v -0.402652 0.657949 -0.096966
v -0.425973 0.657961 0.112714
v -0.264853 0.657915 0.245117
v -0.205006 0.657915 0.293550
v 0.218934 0.445821 -0.573229
v 0.087441 0.451830 -0.572307
v 0.161918 0.452574 -0.527676
v -0.293456 0.657915 0.182368
v 0.456106 0.452062 -0.371851
v 0.448622 0.657933 0.297252
v 0.483771 0.657917 0.457121
v 0.484798 0.566032 0.455093
v 0.453178 0.658027 0.134813
v 0.453961 0.658027 0.135596
v 0.425816 0.472407 -0.253501
v -0.170476 0.657915 0.189110
v 0.454520 0.658027 0.149800
v 0.455079 0.658027 0.148569
v 0.455862 0.658027 0.147675
v -0.022126 0.658056 -0.564382
v -0.392517 0.658006 -0.123859
v -0.411583 0.657924 0.114073
v -0.126298 0.658019 -0.563748
v 0.357635 0.449281 -0.599542
v 0.266368 0.517730 -0.527720
v -0.104677 0.657914 -0.536593
v -0.476731 0.389627 0.514043
v 0.375003 0.658027 0.033264
v 0.374220 0.658027 0.032481
v 0.490923 0.657951 0.335285
v -0.070466 0.658037 -0.563927
v 0.159423 0.657916 0.359177
v 0.462671 0.657926 0.178142
v 0.490926 0.518699 -0.181760
v 0.462455 0.447012 -0.504431
v 0.519225 0.469509 -0.609664
v 0.155253 0.518533 -0.564511
v -0.298713 0.657915 0.134813
v -0.298825 0.657915 0.134813
v -0.394558 0.657915 0.078223
v -0.393776 0.657915 0.079006
v 0.045212 0.658026 -0.564389
v -0.392252 0.657915 0.093420
v -0.323382 0.657915 0.129088
v 0.490661 0.657903 0.046806
v -0.388631 0.657915 0.080124
v -0.388519 0.657915 0.080124
v -0.387848 0.657915 0.079341
v 0.494265 0.447868 -0.575868
v -0.565225 0.355834 -0.406663
v 0.039593 0.657915 0.197576
v 0.148506 0.657915 0.274583
v -0.310375 0.657984 -0.117995
v -0.093713 0.657915 0.175858
v -0.094496 0.657915 0.175075
v -0.092870 0.657915 0.170630
v -0.489603 0.356663 -0.029433
v 0.277368 0.657915 0.382871
v 0.278150 0.657915 0.383654
v 0.490833 0.657943 -0.103242
v 0.464676 0.465223 -0.489357
v -0.078602 0.658036 -0.498232
v -0.281390 0.657993 -0.122199
v 0.177993 0.658004 -0.540335
v -0.029445 0.657986 -0.493098
v -0.316483 0.657988 -0.096475
v -0.097627 0.657915 0.164115
v -0.098074 0.657915 0.163891
v 0.228494 0.657915 0.345741
v 0.228718 0.657915 0.345741
v 0.229389 0.657915 0.344958
v 0.267749 0.657915 0.345741
v 0.267638 0.657915 0.345741
v 0.482321 0.518615 -0.543903
v -0.185001 0.657915 0.119893
v 0.330155 0.657915 0.017606
v 0.329932 0.657915 0.017718
v 0.490825 0.657950 -0.219572
v -0.269523 0.657915 -0.093673
v -0.268628 0.657915 -0.092666
v 0.157897 0.657915 0.152238
v 0.338903 0.657931 0.057501
v 0.211496 0.657998 -0.546879
v -0.509851 0.339332 -0.339845
v 0.126945 0.657915 0.111439
v 0.127057 0.657915 0.111327
v 0.127951 0.657915 0.110432
v -0.146501 0.657915 0.119156
v -0.146389 0.657915 0.119156
v -0.145606 0.657915 0.118485
v 0.447362 0.657915 -0.259753
v 0.447250 0.657915 -0.259753
v 0.446356 0.657915 -0.259753
v -0.015649 0.658027 -0.453122
v -0.016432 0.658027 -0.452339
v -0.124884 0.657915 0.115461
v -0.324031 0.657934 0.052054
v -0.173087 0.657915 0.084483
v 0.432536 0.657942 -0.283291
v 0.124802 0.657915 0.096212
v -0.009006 0.658008 -0.434405
v 0.197346 0.657915 0.052351
v 0.344257 0.657938 -0.001656
v -0.309449 0.657915 -0.032050
v -0.308555 0.657915 -0.031155
v -0.210412 0.657920 0.049789
v 0.126945 0.657915 0.076210
v 0.127057 0.657915 0.076210
v 0.127839 0.657915 0.075427
v -0.050115 0.658027 -0.362735
v -0.130134 0.167162 0.850038
v -0.038000 0.658028 -0.421255
v 0.352686 0.657994 -0.111812
v 0.347277 0.658028 -0.564363
v -0.021465 0.657915 -0.029254
v -0.021353 0.657915 -0.029254
v -0.014857 0.657915 -0.036973
v 0.002268 0.657987 -0.414054
v -0.032969 0.658027 -0.356212
v -0.271424 0.657915 -0.021425
v -0.271312 0.657915 -0.021425
v -0.270641 0.657915 -0.022208
v -0.287969 0.406045 0.694053
v -0.013636 0.658027 -0.396420
v -0.013525 0.658027 -0.396420
v -0.021465 0.657915 -0.037083
v -0.021353 0.657915 -0.037083
v -0.020570 0.657915 -0.037754
v 0.024421 0.657915 -0.024903
v 0.046868 0.657915 -0.035070
v 0.047875 0.657915 -0.035964
v 0.018047 0.657915 0.025777
v 0.018039 0.658023 -0.406639
v -0.556157 0.192472 -0.599912
v 0.064427 0.657915 -0.029254
v 0.064539 0.657915 -0.029254
v 0.065769 0.657915 -0.030372
v -0.509868 0.339408 -0.041353
v 0.094174 0.658027 -0.458105
v -0.487786 0.356743 0.067589
v 0.009962 0.658027 -0.388591
v 0.009738 0.658027 -0.388591
v -0.118628 0.657915 0.024503
v 0.261383 0.657915 -0.160431
v 0.310305 0.657963 -0.304910
v -0.007798 0.658002 -0.364398
v 0.325366 0.657937 -0.225065
v 0.013289 0.658018 -0.362385
v 0.294716 0.657915 -0.175638
v 0.317432 0.657963 -0.250542
v 0.280499 0.657915 -0.182585
v 0.281282 0.657915 -0.183479
v 0.287558 0.657915 -0.179653
v 0.267749 0.658027 -0.333902
v 0.267638 0.658027 -0.333902
v 0.144655 0.657921 -0.040092
v 0.299076 0.657916 -0.207349
v 0.016969 0.657964 -0.095898
v 0.299023 0.657968 -0.277183
v 0.305439 0.657915 -0.223294
v 0.304768 0.657915 -0.222623
v 0.304656 0.657915 -0.222511
v 0.273550 0.657968 -0.318179
v 0.055242 0.657977 -0.101976
v 0.134349 0.657988 -0.061247
v 0.069555 0.658026 -0.366051
v 0.292529 0.657961 -0.255193
v 0.236976 0.658029 -0.328662
v 0.228072 0.657952 -0.206944
v 0.212809 0.657942 -0.171799
v 0.238311 0.657913 -0.267329
v 0.207520 0.658007 -0.361546
v 0.233085 0.657923 -0.275526
v 0.226593 0.657915 -0.273397
v 0.225698 0.657915 -0.272615
v 0.005839 0.658027 -0.297186
v 0.226593 0.657915 -0.253826
v 0.225810 0.657915 -0.252931
v -0.510598 0.356448 0.027529
v 0.206996 0.657979 -0.278087
v -0.254252 0.339724 0.475709
v -0.128445 0.412697 0.608023
v -0.344387 0.390829 0.689726
v 0.182675 0.658019 -0.299132
v 0.210775 0.658001 -0.258713
v 0.218165 0.657951 -0.230063
v -0.464488 0.062919 0.906585
v -0.525653 0.027562 -0.171862
v 0.225810 0.657915 -0.254609
v 0.227599 0.657915 -0.254720
v 0.218442 0.658005 -0.311550
v 0.224561 0.657947 -0.275350
v 0.225698 0.657915 -0.274180
v 0.227376 0.657915 -0.273509
v -0.490030 0.356762 0.216538
v -0.510076 0.340662 0.020644
v -0.266210 0.341253 0.521950
v 0.219977 0.657960 -0.150643
v 0.247072 0.657918 -0.211643
v -0.378757 0.168400 0.857957
v -0.377277 0.371900 0.695170
v 0.179082 0.657946 -0.104666
v 0.077179 0.658022 -0.098568
v 0.225810 0.658027 -0.356158
v 0.226593 0.657915 -0.355375
v 0.225810 0.658027 -0.354369
v 0.199988 0.657948 -0.136733
v 0.226609 0.658026 -0.363194
v 0.227488 0.658027 -0.354369
v -0.558310 0.355950 -0.369827
v -0.509752 0.339735 0.010672
v -0.509752 0.339735 0.010784
v -0.509752 0.339735 0.012686
v -0.509752 0.339735 0.014028
v -0.509752 0.339735 0.012574
v -0.509752 0.339735 0.017159
v -0.509752 0.339735 0.019843
v -0.509976 0.340406 0.020514
v -0.509752 0.339735 0.018501
v 0.254423 0.658027 -0.339919
v -0.398094 0.360033 0.468535
v 0.172200 0.657923 -0.073489
v -0.091438 0.421971 0.634480
v -0.167266 0.422044 0.635650
v 0.063299 0.657966 -0.071571
v -0.373384 0.124007 0.891767
v -0.236248 0.377873 0.700227
v -0.271213 0.196668 0.816671
v -0.407057 0.058056 0.907889
v -0.277493 0.146462 0.865402
v -0.348309 0.174531 0.855388
v -0.390245 0.148478 0.872297
v 0.097625 0.657936 -0.056733
v -0.447804 0.101135 0.914609
v -0.468601 0.020300 0.875139
v 0.270007 0.658025 -0.339848
v 0.267302 0.658027 -0.333902
v 0.268644 0.658027 -0.334685
v -0.564121 0.347558 -0.555134
v 0.334038 0.658003 -0.294180
v 0.282177 0.657915 -0.182585
v 0.280499 0.657915 -0.184262
v -0.529776 0.031077 -0.284643
v -0.566508 0.096647 -0.567594
v -0.489277 0.356703 0.123195
v 0.101607 0.657919 -0.037020
v -0.019142 0.657956 -0.100550
v -0.509811 0.339362 -0.151335
v 0.006800 0.657990 -0.110681
v -0.184337 0.339693 0.475828
v -0.161696 0.355637 0.528929
v 0.296156 0.657915 -0.176433
v -0.485337 0.365036 0.482923
v -0.009449 0.657938 -0.076090
v 0.299623 0.657915 -0.178447
v 0.298841 0.657915 -0.177664
v -0.128778 0.355673 0.532964
v 0.027425 0.657953 -0.067318
v 0.299735 0.657915 -0.176769
v -0.291928 0.371649 0.694990
v -0.319555 0.196288 0.817200
v 0.010744 0.658027 -0.348441
v 0.009850 0.658027 -0.349559
v 0.010633 0.658027 -0.350342
v -0.274364 0.201882 0.822418
v -0.241901 0.172099 0.845684
v -0.266832 0.163781 0.852554
v -0.326819 0.135712 0.873801
v -0.030223 0.658026 -0.294670
v 0.009179 0.658027 -0.349448
v 0.338812 0.658024 -0.216760
v -0.556208 0.067096 -0.570448
v -0.556635 0.338804 -0.599530
v 0.250778 0.657915 -0.133515
v -0.485809 0.359770 0.304287
v -0.009866 0.658024 -0.248309
v -0.367876 0.398475 0.695101
v -0.043470 0.658027 -0.303109
v 0.252875 0.657915 -0.135501
v 0.252092 0.657915 -0.134718
v 0.251868 0.657915 -0.134718
v -0.144487 0.657915 0.015705
v -0.100681 0.657936 -0.045068
v -0.136957 0.657967 -0.055415
v -0.306551 0.356485 0.474560
v -0.148267 0.657919 -0.034506
v -0.166943 0.657956 -0.057529
v -0.128189 0.339524 0.476309
v -0.066216 0.657928 -0.053856
v -0.143593 0.657915 0.016712
v -0.144935 0.657915 0.015482
v -0.032180 0.658026 -0.111648
v -0.231485 0.003687 0.844834
v -0.328529 0.161466 0.862848
v -0.557376 0.272738 -0.597432
v -0.011873 0.658027 -0.286930
v 0.009402 0.658027 -0.388591
v 0.010744 0.658027 -0.389374
v 0.059148 0.657915 -0.036021
v -0.190003 0.658019 -0.088551
v 0.141598 0.658027 -0.473300
v -0.388866 0.367168 0.489552
v -0.060614 0.339958 0.475529
v -0.205149 0.657922 -0.054982
v -0.016552 0.658017 -0.117414
v 0.027330 0.376556 0.556557
v -0.209071 0.259993 0.772574
v -0.271684 0.127444 0.878439
v -0.299224 0.104355 0.895422
v 0.339970 0.657991 -0.172006
v 0.064203 0.657915 -0.029142
v -0.564712 0.355974 -0.554535
v -0.337328 0.359984 0.466726
v 0.046085 0.657915 -0.034175
v -0.509819 0.339268 -0.234677
v 0.018461 0.657915 -0.041780
v 0.017678 0.657915 -0.040997
v -0.003977 0.657915 -0.030305
v -0.021912 0.657915 -0.037083
v -0.198505 0.657915 0.016600
v -0.199176 0.657915 0.015705
v -0.306425 0.412590 0.685061
v -0.126755 0.340201 0.519252
v -0.214676 0.340360 0.519498
v -0.014084 0.658027 -0.396420
v -0.012742 0.658027 -0.397203
v -0.207589 0.201913 0.822122
v 0.016896 0.657915 -0.040214
v -0.199736 0.657915 0.015370
v -0.271872 0.657915 -0.021425
v -0.233264 0.657989 -0.073498
v -0.020459 0.657915 -0.030149
v -0.090251 0.657925 -0.016078
v -0.345143 0.106740 0.912177
v -0.034326 0.658027 -0.358283
v -0.035109 0.658027 -0.359289
v -0.035221 0.658027 -0.359737
v -0.022372 0.658024 -0.397879
v -0.550852 0.055742 -0.505439
v 0.331924 0.657919 -0.140471
v -0.091700 0.657915 0.017606
v -0.092706 0.657915 0.018613
v -0.475549 0.374773 0.501262
v -0.281988 0.657947 -0.077490
v -0.036004 0.658027 -0.358507
v -0.486196 0.360022 0.175542
v 0.291421 0.657915 -0.071343
v -0.502549 0.365419 0.465460
v -0.090805 0.657915 0.016712
v -0.090805 0.657915 0.018501
v -0.271440 0.163291 0.860777
v -0.182070 0.413342 0.682921
v 0.126274 0.657915 0.076210
v -0.086497 0.003480 0.844423
v -0.328033 0.657924 0.033982
v -0.307772 0.657915 -0.030372
v 0.442857 0.657986 -0.219336
v 0.283295 0.657915 0.002061
v 0.286091 0.657915 0.003179
v 0.285196 0.657915 0.003962
v -0.270872 0.657938 -0.071557
v 0.436375 0.657962 -0.333825
v 0.287097 0.657915 0.005863
v 0.333261 0.657952 0.101720
v -0.017378 0.356093 0.533625
v -0.330479 0.657966 0.016878
v -0.317866 0.657961 -0.064808
v -0.245861 0.657936 -0.083491
v -0.197272 0.658020 -0.116252
v -0.311157 0.359728 0.467697
v -0.026019 0.339628 0.476456
v -0.156093 0.348901 0.528495
v -0.162046 0.657915 0.080124
v -0.161934 0.657915 0.080124
v -0.161263 0.657915 0.079341
v 0.099283 0.396888 0.580642
v -0.007773 0.412646 0.607715
v -0.235189 0.657915 -0.077233
v -0.234406 0.657915 -0.078127
v -0.234182 0.657915 -0.078687
v -0.369466 0.133752 0.884838
v -0.127678 0.201837 0.822350
v -0.345528 0.657939 0.066087
v -0.231399 0.657985 -0.104387
v -0.337926 0.063287 0.909313
v -0.302162 0.028677 0.886509
v -0.558533 0.355940 -0.549635
v 0.183428 0.657915 0.273378
v -0.328286 0.657942 0.000633
v -0.477295 0.003537 -0.109913
v 0.081091 0.658027 -0.481417
v 0.080196 0.658027 -0.482312
v 0.080308 0.658027 -0.482424
v 0.436202 0.657986 -0.369453
v -0.516923 0.373128 0.458116
v 0.236435 0.657915 0.302795
v 0.235652 0.657915 0.303578
v -0.296029 0.657915 0.042323
v -0.296812 0.657915 0.043106
v -0.297594 0.657915 0.042323
v -0.510465 0.356431 -0.101291
v -0.509528 0.356622 -0.082825
v -0.510423 0.356287 -0.082825
v -0.510423 0.356287 -0.081259
v -0.510454 0.356512 -0.053440
v 0.046323 0.658025 -0.500437
v 0.445232 0.657945 -0.446958
v -0.024004 0.422030 0.634406
v -0.504097 0.376032 0.492979
v 0.330379 0.657915 -0.045135
v 0.330155 0.657915 -0.044911
v 0.331050 0.657915 -0.044017
v 0.237217 0.657915 0.302012
v 0.243672 0.657915 0.319334
v -0.296812 0.657915 0.043553
v -0.214577 0.156907 0.856934
v 0.349571 0.657960 -0.086379
v -0.230956 0.407969 0.692349
v -0.349007 0.116302 0.887041
v -0.332581 0.131663 0.886200
v -0.327699 0.657947 -0.029611
v -0.254538 0.174226 0.855776
v -0.016209 0.658027 -0.453793
v -0.015090 0.658027 -0.453458
v -0.345462 0.137889 0.880242
v -0.277021 0.146338 0.874541
v -0.348888 0.156739 0.869856
v 0.139918 0.658027 -0.510719
v 0.140701 0.658027 -0.511614
v -0.253864 0.116436 0.886776
v 0.448145 0.657915 -0.260536
v -0.346568 0.140972 0.883486
v -0.297310 0.657978 -0.082352
v 0.139918 0.658027 -0.512396
v -0.373369 0.035348 0.892477
v -0.149917 0.657915 0.121168
v -0.001536 0.658013 -0.483985
v -0.478248 0.003695 -0.222270
v 0.316614 0.657936 0.189273
v -0.541398 0.285412 -0.623981
v 0.088385 0.657915 0.086375
v -0.557682 0.345889 -0.479395
v -0.201190 0.657915 0.095782
v -0.201078 0.657915 0.095782
v -0.200183 0.657915 0.094887
v -0.076154 0.658027 -0.218597
v -0.076937 0.658027 -0.219491
v 0.490303 0.657960 -0.528866
v 0.484811 0.596387 -0.538978
v 0.472018 0.657847 -0.553571
v 0.470123 0.578184 -0.555632
v -0.519780 0.374853 0.372122
v 0.490581 0.611531 -0.521775
v -0.353023 0.378246 0.505310
v -0.245057 0.358683 0.465771
v -0.210016 0.657915 0.100578
v -0.324212 0.657915 0.070394
v -0.323429 0.657915 0.071177
v -0.324547 0.657915 0.070171
v -0.254103 0.657951 -0.118078
v -0.083983 0.658027 -0.179677
v -0.083871 0.658027 -0.179565
v -0.083200 0.658027 -0.178894
v -0.077384 0.658027 -0.216360
v -0.262872 0.145006 0.876540
v 0.434476 0.658034 -0.527373
v -0.211897 0.134885 0.873873
v -0.269970 0.657915 -0.094008
v -0.084766 0.658027 -0.180460
v -0.529148 0.030410 -0.421710
v 0.347157 0.657985 -0.049210
v 0.331050 0.657915 0.016824
v 0.331050 0.657915 0.018613
v -0.227837 0.015971 0.870178
v -0.488909 0.356728 -0.135064
v -0.292158 0.657937 -0.101590
v -0.536428 0.184753 -0.629041
v 0.441649 0.657962 -0.138081
v 0.344143 0.657996 0.028948
v -0.547393 0.356067 -0.591356
v -0.555094 0.345680 -0.565135
v 0.311814 0.657915 0.147675
v 0.312485 0.657915 0.148458
v 0.311702 0.657915 0.149352
v -0.363487 0.657965 0.037094
v -0.485953 0.359577 0.023299
v -0.108173 0.658027 -0.219309
v 0.178950 0.658027 -0.526376
v 0.179733 0.658027 -0.527271
v 0.180515 0.658027 -0.526376
v 0.453259 0.658055 -0.563477
v 0.454621 0.518478 -0.563955
v 0.490893 0.657954 -0.305972
v 0.313156 0.657915 0.148122
v 0.069739 0.339698 0.475730
v 0.091723 0.340317 0.519489
v 0.027164 0.340244 0.519105
v 0.128358 0.375090 0.555113
v 0.178950 0.658027 -0.527942
v -0.263667 0.096739 0.915200
v 0.286219 0.657973 0.361117
v 0.150431 0.657915 0.166016
v 0.151214 0.657915 0.165345
v -0.021493 0.017163 0.871789
v -0.142298 0.149130 0.863322
v -0.139044 0.126533 0.879302
v -0.023366 0.658027 -0.472582
v -0.023143 0.658027 -0.472582
v -0.257122 0.157226 0.870717
v 0.166983 0.658027 -0.536106
v -0.307447 0.108462 0.901610
v 0.490971 0.518822 -0.521252
v 0.267190 0.657915 0.345741
v 0.268644 0.657915 0.344958
v 0.228159 0.657915 0.345741
v 0.149648 0.657915 0.166911
v -0.038234 0.657915 0.126092
v -0.096844 0.657915 0.164898
v -0.023702 0.658027 -0.472582
v 0.166088 0.658027 -0.537113
v 0.490974 0.518683 -0.279275
v -0.532726 0.338051 -0.631735
v -0.554286 0.341064 -0.540887
v -0.204546 0.359718 0.465856
v -0.360872 0.657950 0.000409
v 0.165305 0.658027 -0.537784
v 0.286661 0.658021 -0.564382
v 0.448024 0.579223 -0.564467
v -0.230288 0.366148 0.486696
v -0.253523 0.360502 0.466668
v -0.208235 0.657915 0.118485
v -0.208906 0.657915 0.119156
v -0.314560 0.657915 0.101755
v -0.048134 0.340423 0.519541
v -0.071070 0.348740 0.528542
v -0.015878 0.355476 0.529010
v 0.490982 0.654068 -0.090751
v 0.466320 0.657947 0.004234
v 0.151325 0.657915 0.276289
v 0.150431 0.657915 0.275394
v 0.150543 0.657915 0.275394
v -0.209689 0.657915 0.119939
v -0.211702 0.657915 0.121952
v -0.207198 0.371919 0.694886
v -0.197144 0.104208 0.895387
v 0.443441 0.518714 -0.480403
v 0.443426 0.517767 -0.488767
v 0.423055 0.452041 -0.540955
v 0.414881 0.517981 -0.543275
v -0.266603 0.126530 0.889176
v 0.427276 0.453684 -0.527627
v 0.392242 0.461823 -0.543197
v 0.427820 0.518141 -0.526719
v 0.392113 0.492692 -0.541252
v 0.390309 0.452369 -0.544309
v 0.453344 0.518136 -0.527179
v 0.459591 0.518050 -0.504928
v 0.452190 0.517743 -0.510054
v 0.464480 0.518453 -0.489209
v 0.391210 0.518040 -0.543991
v 0.451896 0.456365 -0.509844
v 0.425965 0.518444 -0.479418
v 0.425515 0.518262 -0.536675
v 0.375182 0.472647 -0.572045
v 0.364743 0.466027 -0.563999
v 0.382581 0.452370 -0.567349
v 0.386655 0.452652 -0.575787
v 0.364536 0.458982 -0.614981
v 0.360128 0.461877 -0.620916
v 0.366859 0.454899 -0.577170
v 0.367410 0.461063 -0.576749
v 0.361695 0.459268 -0.577855
v 0.378511 0.446134 -0.573468
v 0.426553 0.451576 -0.567968
v 0.416773 0.445400 -0.571115
v 0.397482 0.445199 -0.572230
v 0.402515 0.445199 -0.572342
v 0.401285 0.445199 -0.572342
v 0.447786 0.446283 -0.554230
v 0.454895 0.451995 -0.543287
v 0.460161 0.475948 -0.505277
v 0.361198 0.451961 -0.571339
v 0.399383 0.445199 -0.572342
v 0.402627 0.445199 -0.572342
v 0.411063 0.444579 -0.576331
v 0.443513 0.454187 -0.488424
v 0.443126 0.452328 -0.480298
v 0.425965 0.499627 -0.480163
v -0.550578 0.339798 -0.342698
v 0.333133 0.657956 0.145559
v 0.150319 0.657915 0.275394
v -0.502119 0.012671 -0.421082
v -0.226751 0.657915 0.141898
v -0.548051 0.115704 -0.615502
v -0.554390 0.354527 -0.588250
v 0.168688 0.658032 -0.564506
v -0.245142 0.359083 0.465072
v -0.511059 0.339044 -0.469091
v -0.510583 0.356575 -0.143749
v 0.289902 0.657936 0.283828
v 0.286787 0.657953 0.313052
v 0.276473 0.657915 0.381976
v -0.520066 0.375303 0.220180
v -0.092818 0.657915 0.176865
v -0.094496 0.657915 0.176753
v -0.363450 0.658002 -0.045012
v -0.377341 0.658013 -0.103691
v -0.246372 0.359083 0.465072
v -0.246484 0.359083 0.465072
v -0.243688 0.359083 0.465072
v -0.243129 0.359530 0.465743
v 0.361646 0.518284 -0.545010
v 0.361404 0.452465 -0.545195
v 0.454272 0.449462 -0.528039
v -0.112854 0.359779 0.466333
v 0.302393 0.657965 0.261487
v 0.147451 0.339663 0.475729
v -0.180854 0.196691 0.817867
v 0.145286 0.657915 0.282105
v 0.144503 0.657915 0.281322
v 0.144615 0.657915 0.281322
v -0.221931 0.121002 0.882876
v 0.425963 0.518247 -0.386065
v 0.300628 0.657922 0.233807
v 0.288275 0.657993 0.404552
v 0.022264 0.657915 0.094999
v 0.021593 0.657915 0.095782
v 0.020810 0.657915 0.094999
v -0.126473 0.104604 0.895670
v 0.419520 0.454184 -0.610248
v 0.426362 0.453627 -0.480168
v -0.551422 0.340116 -0.466869
v 0.020810 0.657915 0.096564
v -0.389078 0.657915 0.080236
v -0.549300 0.080331 -0.603462
v 0.361166 0.517663 -0.527889
v 0.311140 0.452472 -0.527744
v 0.515087 0.444862 -0.378247
v 0.530049 0.448493 -0.395075
v 0.532221 0.460949 -0.395109
v 0.516011 0.450397 -0.483863
v 0.534148 0.462585 -0.537163
v 0.499007 0.446807 -0.532931
v 0.533967 0.460559 -0.441859
v 0.513515 0.448446 -0.392716
v 0.303287 0.657981 0.382594
v 0.144068 0.340141 0.518748
v -0.394963 0.657917 0.050581
v -0.390176 0.657994 -0.077976
v -0.515002 0.370737 0.283092
v 0.308068 0.445870 -0.573423
v 0.484420 0.468198 -0.628708
v -0.245478 0.359083 0.465072
v -0.041837 0.356527 0.474364
v -0.138203 0.161908 0.863083
v 0.132314 0.657915 0.275711
v -0.231008 0.156465 0.869655
v -0.395341 0.657915 0.077328
v -0.389749 0.657915 0.028343
v -0.390644 0.657915 0.027448
v 0.360870 0.452948 -0.527905
v 0.065643 0.412764 0.607525
v 0.458548 0.448351 -0.487815
v 0.491012 0.518641 0.010736
v 0.490687 0.657924 0.164291
v 0.464098 0.657928 0.135704
v 0.452151 0.657949 0.242865
v -0.118310 0.371842 0.694998
v 0.032364 0.003967 0.847012
v -0.033267 0.201789 0.822288
v -0.286977 0.657915 0.144420
v -0.298154 0.657915 0.134254
v -0.220071 0.167993 0.857906
v -0.403720 0.657989 0.051146
v -0.391315 0.657915 0.028343
v -0.391427 0.657915 0.026665
v 0.013820 0.657930 -0.532387
v 0.426188 0.452472 -0.417335
v 0.426014 0.518253 -0.271122
v 0.475434 0.657915 0.266895
v 0.474763 0.657915 0.267566
v 0.474651 0.657915 0.267677
v 0.473868 0.657915 0.268460
v 0.369429 0.658027 0.187573
v -0.518858 0.374201 0.138701
v 0.531969 0.465654 -0.579343
v 0.515256 0.438089 -0.394100
v 0.506458 0.457189 -0.370597
v -0.510015 0.339550 -0.395561
v 0.375785 0.658027 0.034047
v -0.528179 0.386219 0.451508
v -0.416607 0.381231 0.508322
v 0.531761 0.448091 -0.440333
v 0.426045 0.452923 -0.313959
v 0.490370 0.657913 0.441430
v 0.467303 0.657935 0.105820
v -0.098303 0.168319 0.849062
v -0.259010 0.657915 0.149688
v -0.260464 0.657915 0.149688
v -0.426702 0.657923 0.083441
v 0.117198 0.411994 0.606460
v 0.096697 0.412455 0.606833
v 0.070898 0.412752 0.607368
v 0.240571 0.452395 -0.527819
v 0.239798 0.451754 -0.572313
v 0.360701 0.456373 -0.612828
v 0.500098 0.470001 -0.624916
v -0.265815 0.397075 0.694354
v 0.426130 0.452295 -0.375586
v -0.095932 0.196084 0.816889
v 0.120011 0.657915 0.270697
v -0.258898 0.657915 0.151254
v -0.259681 0.657915 0.150471
v -0.406401 0.657978 -0.016399
v -0.522978 0.025135 -0.565768
v -0.286767 0.107897 0.910488
v 0.456798 0.447234 -0.364633
v -0.177540 0.034597 0.892042
v 0.426044 0.517841 -0.193490
v 0.425927 0.518322 0.031108
v 0.454296 0.658027 0.147787
v 0.443014 0.658027 0.137119
v 0.118445 0.657915 0.272263
v 0.119228 0.657915 0.271480
v -0.532007 0.052189 -0.608293
v -0.227269 0.658027 -0.500434
v -0.536063 0.355006 -0.618146
v 0.279952 0.450022 -0.600692
v 0.433452 0.469964 -0.630706
v 0.529747 0.454858 -0.576465
v 0.532791 0.451907 -0.534355
v 0.499655 0.443644 -0.372098
v 0.452730 0.658027 0.134366
v -0.007606 0.359733 0.466206
v -0.486094 0.359534 -0.108387
v -0.414018 0.657915 0.117255
v -0.414913 0.657915 0.118037
v -0.414689 0.657915 0.116472
v -0.413347 0.657915 0.116360
v -0.410682 0.657969 0.020636
v -0.525823 0.389844 0.478965
v -0.223184 0.657993 -0.541597
v 0.188006 0.452802 -0.527596
v 0.208052 0.450307 -0.601510
v 0.480041 0.464327 -0.630380
v 0.448928 0.469803 -0.630722
v 0.449040 0.469803 -0.630722
v 0.450158 0.469803 -0.630722
v 0.451276 0.469803 -0.630722
v 0.450270 0.469803 -0.630722
v 0.511638 0.461736 -0.616022
v 0.491530 0.448471 -0.377482
v 0.456533 0.451461 -0.383782
v 0.456533 0.451461 -0.384789
v 0.456533 0.451461 -0.380874
v 0.456320 0.452009 -0.412980
v 0.456533 0.451461 -0.381881
v 0.456533 0.451461 -0.379868
v 0.456533 0.451461 -0.377966
v 0.456533 0.451461 -0.377295
v 0.440138 0.657986 0.356426
v -0.230046 0.390652 0.689930
v -0.424495 0.657930 0.178765
v 0.032015 0.349167 0.528442
v 0.222608 0.397330 0.582024
v 0.511743 0.436869 -0.462265
v 0.500446 0.453986 -0.327605
v 0.426540 0.452082 -0.293833
v 0.265915 0.657932 0.428280
v -0.118695 0.175521 0.855077
v -0.383432 0.657968 0.332095
v -0.354830 0.657963 0.340935
v -0.351869 0.657915 0.329389
v -0.406315 0.657958 -0.049409
v -0.017003 0.004508 0.848927
v 0.165485 0.517976 -0.527830
v 0.138932 0.452724 -0.527752
v 0.351519 0.469154 -0.630090
v 0.395592 0.462565 -0.630134
v 0.117295 0.004543 0.848895
v 0.490672 0.518808 0.438772
v -0.403267 0.657955 0.298164
v -0.510214 0.339500 -0.417719
v -0.177703 0.658027 -0.464753
v -0.178486 0.658027 -0.467885
v 0.512076 0.448796 -0.593997
v 0.517231 0.440561 -0.532725
v 0.456946 0.447048 -0.312088
v 0.475036 0.577093 0.467843
v -0.338975 0.657915 0.182792
v -0.339869 0.657915 0.183687
v -0.341659 0.657915 0.185588
v -0.354744 0.657915 0.336794
v -0.490709 0.401958 0.514353
v -0.385055 0.392100 0.514732
v -0.176921 0.658027 -0.464082
v 0.060944 0.517798 -0.527722
v 0.105965 0.452332 -0.527767
v 0.344367 0.461210 -0.629457
v 0.447354 0.458370 -0.627622
v 0.456533 0.451461 -0.264115
v 0.456533 0.451461 -0.262661
v 0.456533 0.451461 -0.260760
v 0.456533 0.451461 -0.259977
v 0.456533 0.451461 -0.259306
v 0.456245 0.451739 -0.269713
v 0.467568 0.657579 0.474077
v 0.051602 0.422042 0.635328
v -0.190550 0.658085 -0.564511
v 0.086699 0.452896 -0.527744
v 0.500485 0.454257 -0.309074
v 0.425935 0.518237 0.139184
v 0.490993 0.518596 0.305936
v 0.447492 0.657968 0.396517
v -0.128791 0.150236 0.875312
v 0.217976 0.657915 0.406361
v -0.224596 0.109411 0.904263
v -0.428119 0.657923 0.270813
v 0.062602 0.452703 -0.527832
v 0.105483 0.455339 -0.612554
v 0.295662 0.469109 -0.630183
v 0.368185 0.451138 -0.621389
v -0.511073 0.339378 -0.533817
v 0.467548 0.427288 -0.471745
v 0.500485 0.454257 -0.308962
v 0.500485 0.454257 -0.306614
v 0.500485 0.454257 -0.306725
v 0.489732 0.447992 -0.291353
v -0.457397 0.000188 -0.413512
v 0.499369 0.442914 -0.261938
v 0.500485 0.454257 -0.289055
v 0.500485 0.454257 -0.300686
v 0.500485 0.454257 -0.300910
v 0.426046 0.453425 -0.120849
v -0.414550 0.657988 -0.113126
v 0.231954 0.340234 0.519125
v -0.279253 0.658027 -0.488239
v -0.511216 0.391632 0.501581
v -0.053062 0.451874 -0.572501
v 0.298506 0.460835 -0.629152
v 0.466042 0.425760 -0.371578
v 0.500485 0.454257 -0.277312
v 0.500485 0.454257 -0.289167
v 0.500361 0.454407 -0.198416
v 0.490473 0.448137 -0.252542
v 0.480498 0.518914 0.461577
v 0.393849 0.658027 0.332105
v 0.290328 0.658000 0.448720
v 0.203107 0.657915 0.437560
v 0.203107 0.657915 0.437448
v 0.202324 0.657915 0.436665
v 0.027587 0.657915 0.339722
v -0.042731 0.657915 0.305463
v -0.446891 0.657994 0.375666
v -0.434666 0.657976 0.158473
v -0.280036 0.658027 -0.487456
v -0.280595 0.658027 -0.488687
v 0.014418 0.452748 -0.527727
v 0.479815 0.433177 -0.546657
v 0.094264 0.356094 0.533188
v 0.500485 0.454257 -0.261654
v 0.500485 0.454257 -0.269483
v 0.500485 0.454257 -0.273509
v 0.462704 0.584353 0.476468
v -0.127408 0.405777 0.694496
v 0.241402 0.468376 -0.629793
v 0.467333 0.448900 -0.616069
v 0.466262 0.425772 -0.292531
v 0.500485 0.454257 -0.253826
v 0.500485 0.454257 -0.257964
v 0.457018 0.446919 -0.134598
v -0.111999 0.115231 0.888110
v -0.505599 0.024964 -0.600170
v -0.235748 0.657915 0.290716
v -0.236307 0.657915 0.291052
v -0.239382 0.657915 0.294155
v -0.237090 0.657915 0.291835
v -0.247319 0.657915 0.288161
v -0.251964 0.657915 0.291052
v -0.251852 0.657915 0.291052
v -0.251070 0.657915 0.291835
v -0.255767 0.657915 0.291052
v -0.306542 0.657915 0.298880
v -0.307324 0.657915 0.298098
v -0.305870 0.657915 0.298098
v -0.305759 0.657915 0.299663
v 0.226604 0.000493 0.834701
v 0.452847 0.518526 0.481209
v 0.432152 0.658027 0.445612
v 0.430139 0.658027 0.447626
v 0.431705 0.658027 0.445389
v 0.430922 0.658027 0.444606
v 0.251566 0.657961 0.457386
v -0.516800 0.372844 0.076157
v -0.297757 0.657915 0.309351
v -0.362122 0.658008 0.379400
v -0.460677 0.658001 0.141350
v -0.460469 0.658033 -0.564539
v -0.510111 0.339259 -0.489515
v -0.510074 0.339638 -0.448720
v 0.025799 0.450751 -0.602535
v -0.489204 0.356482 -0.214268
v 0.426131 0.518028 0.372650
v 0.104465 0.657915 0.416982
v 0.103570 0.657915 0.416087
v 0.104353 0.657915 0.415304
v -0.262428 0.657915 0.327388
v -0.054161 0.452431 -0.527876
v 0.180627 0.469020 -0.630162
v 0.182640 0.469020 -0.630162
v 0.238764 0.459047 -0.628068
v 0.458716 0.413950 -0.408481
v -0.313836 0.393049 0.515033
v 0.453296 0.518482 0.424264
v -0.224491 0.377171 0.504056
v 0.396807 0.397477 0.581424
v 0.102564 0.657915 0.417094
v -0.102749 0.366938 0.489179
v -0.298154 0.657915 0.330083
v -0.337518 0.657949 0.365867
v -0.456056 0.657961 0.282301
v 0.081652 0.356219 0.474963
v -0.478673 0.657928 -0.558345
v -0.486635 0.573801 -0.553453
v -0.095978 0.517269 -0.527696
v -0.091812 0.517334 -0.527606
v -0.089016 0.516551 -0.527718
v -0.086969 0.516497 -0.527744
v -0.083983 0.517334 -0.527606
v -0.082976 0.517334 -0.527606
v -0.081970 0.517334 -0.527606
v -0.081299 0.516551 -0.527718
v 0.178726 0.468908 -0.630162
v 0.184653 0.469020 -0.630162
v 0.185548 0.469020 -0.630162
v 0.288775 0.450841 -0.620360
v 0.500485 0.454257 -0.177664
v 0.500485 0.454257 -0.181578
v 0.500485 0.454257 -0.185492
v 0.500485 0.454257 -0.189407
v 0.490240 0.448171 -0.103938
v 0.141764 0.657926 0.460207
v 0.176110 0.412916 0.607846
v 0.129172 0.412646 0.607215
v -0.348411 0.658027 -0.306221
v -0.496884 0.657957 -0.541693
v -0.090170 0.515395 -0.527907
v -0.079210 0.516447 -0.527823
v -0.083953 0.452674 -0.527866
v -0.014043 0.446001 -0.573270
v -0.048677 0.371892 0.694913
v 0.038084 0.352295 0.708476
v 0.500485 0.454257 -0.162118
v 0.500485 0.454257 -0.167934
v 0.500485 0.454257 -0.173749
v 0.500485 0.454257 -0.179789
v 0.453314 0.518318 0.385198
v -0.016505 0.168320 0.849909
v 0.218292 0.657930 0.462332
v 0.463477 0.000487 0.415224
v -0.085326 0.508514 -0.527828
v -0.110356 0.452657 -0.527856
v 0.054318 0.468807 -0.630181
v 0.159969 0.461283 -0.629240
v 0.467784 0.426263 -0.556846
v 0.500485 0.454257 -0.152276
v 0.500485 0.454257 -0.158092
v 0.500485 0.454257 -0.164243
v 0.328050 0.657993 0.481503
v -0.476540 0.002690 -0.558086
v -0.360112 0.658027 -0.225307
v -0.359329 0.658027 -0.224524
v -0.358546 0.658027 -0.223741
v -0.520710 0.376001 -0.015367
v -0.530769 0.092986 -0.633713
v -0.510823 0.171051 -0.647644
v 0.397296 0.438867 -0.594397
v -0.501830 0.279626 -0.651182
v 0.500485 0.454257 -0.136619
v 0.500485 0.454257 -0.144448
v 0.500485 0.454257 -0.148586
v 0.440372 0.517932 0.442514
v 0.419746 0.518277 0.452707
v -0.509864 0.339623 -0.472917
v -0.509864 0.339623 -0.471687
v -0.510088 0.340406 -0.469898
v -0.298294 0.379989 0.506743
v -0.152180 0.451844 -0.572259
v 0.142523 0.468960 -0.629920
v 0.473462 0.434400 -0.573185
v 0.457223 0.410163 -0.311488
v 0.494201 0.437501 -0.062264
v 0.500485 0.454257 -0.128902
v 0.500485 0.454257 -0.132928
v 0.456903 0.447008 -0.027077
v 0.426046 0.452681 0.171650
v -0.461235 0.657970 0.308939
v 0.318220 0.339700 0.475776
v -0.504978 0.657310 -0.522043
v 0.192686 0.451540 -0.621288
v 0.500485 0.454257 -0.099600
v 0.500485 0.454257 -0.105416
v 0.500485 0.454257 -0.111232
v 0.500485 0.454257 -0.117271
v 0.456334 0.451833 0.130754
v 0.424769 0.453206 0.451078
v -0.001781 0.657915 0.283558
v -0.002676 0.657915 0.284006
v -0.167079 0.657915 0.386003
v -0.167974 0.657915 0.386785
v -0.169763 0.657915 0.384884
v 0.110324 0.422169 0.635934
v -0.465078 0.518613 -0.564482
v 0.052496 0.460676 -0.628927
v 0.459296 0.415124 -0.206899
v 0.500624 0.454302 -0.086728
v 0.500485 0.454257 -0.101725
v 0.456544 0.451454 0.067380
v 0.456533 0.451461 0.071289
v 0.456533 0.451461 0.072295
v 0.456533 0.451461 0.076098
v 0.426448 0.452090 0.289434
v -0.111799 0.657915 0.383405
v -0.169875 0.657915 0.388687
v 0.147032 0.412453 0.606860
v -0.111454 0.400176 0.695711
v -0.091202 0.451361 -0.603570
v 0.007836 0.468736 -0.629905
v -0.142819 0.399691 0.695458
v 0.456763 0.400149 -0.374725
v -0.179651 0.390722 0.690408
v 0.500485 0.454257 -0.068286
v 0.500485 0.454257 -0.070970
v 0.500485 0.454257 -0.076114
v 0.456811 0.446939 0.124119
v 0.456533 0.451461 0.073302
v 0.456533 0.451461 0.075203
v 0.456533 0.451461 0.077105
v 0.456533 0.451461 0.080124
v -0.261273 0.055576 0.906325
v 0.392975 0.518554 0.452222
v 0.165513 0.657896 0.481541
v -0.032061 0.157129 0.857361
v -0.470334 0.657987 0.348700
v -0.455240 0.657922 0.203967
v -0.484590 0.657928 0.100578
v -0.367004 0.518530 -0.564538
v -0.285012 0.517766 -0.527912
v -0.217895 0.452554 -0.527529
v -0.177445 0.452334 -0.527824
v 0.324905 0.420353 -0.550469
v 0.457142 0.408371 -0.465496
v 0.500485 0.454257 -0.056543
v 0.500485 0.454257 -0.060569
v 0.500485 0.454257 -0.064371
v 0.500485 0.454257 -0.070410
v 0.456533 0.451461 0.079341
v 0.456533 0.451461 0.083144
v 0.454336 0.452487 0.386183
v 0.439475 0.452210 0.443272
v -0.049537 0.657915 0.360615
v -0.048754 0.657915 0.361398
v -0.049537 0.657915 0.362181
v -0.064411 0.657915 0.369227
v -0.065194 0.657915 0.368444
v -0.063628 0.657915 0.368444
v -0.065194 0.657915 0.370010
v -0.487777 0.657955 0.034463
v -0.500135 0.518642 -0.535680
v 0.499561 0.443808 0.009668
v 0.500485 0.454257 -0.050727
v 0.500485 0.454257 -0.054865
v 0.426182 0.452002 0.372481
v -0.048083 0.657915 0.360615
v -0.419583 0.518604 -0.540160
v -0.404045 0.518022 -0.527513
v -0.541151 0.340485 -0.596338
v -0.418225 0.452451 -0.539440
v -0.443014 0.452220 -0.538566
v -0.405063 0.452491 -0.528130
v -0.374031 0.517829 -0.527739
v -0.504115 0.338758 -0.574091
v -0.404624 0.486217 -0.527754
v -0.509864 0.339623 -0.504009
v -0.509864 0.339623 -0.502890
v -0.510088 0.340406 -0.501101
v 0.228881 0.433361 -0.570019
v 0.358915 0.434369 -0.572998
v 0.458893 0.414757 -0.544623
v 0.461094 0.419053 -0.096772
v 0.490278 0.448150 0.023927
v 0.263494 0.518097 0.426580
v -0.384453 0.402108 0.515915
v -0.247323 0.452251 -0.527981
v -0.529089 0.388520 0.309779
v 0.470187 0.429040 0.001793
v 0.456142 0.451838 0.214476
v 0.068467 0.360042 0.468278
v -0.478975 0.657948 0.166254
v -0.505491 0.518627 -0.514814
v -0.446426 0.518524 -0.535956
v -0.459912 0.518219 -0.521274
v -0.278828 0.452486 -0.527930
v -0.154829 0.445704 -0.573538
v -0.093393 0.468723 -0.630251
v -0.012742 0.469020 -0.630162
v -0.011288 0.469020 -0.630162
v 0.121376 0.450595 -0.620043
v 0.250071 0.439631 -0.597014
v 0.493298 0.436980 0.048598
v 0.456533 0.451461 0.221712
v 0.456533 0.451461 0.220482
v 0.456533 0.451461 0.224508
v 0.456533 0.451461 0.228534
v 0.393157 0.446879 0.453758
v 0.361162 0.451967 0.455421
v 0.007680 0.657915 0.401465
v 0.216493 0.356155 0.474581
v -0.459349 0.657929 0.237344
v -0.485795 0.518523 -0.553882
v -0.341157 0.452905 -0.527932
v -0.016544 0.468908 -0.630162
v -0.014643 0.469020 -0.630162
v -0.012630 0.469020 -0.630162
v -0.011176 0.469020 -0.630162
v 0.456533 0.451461 0.223613
v 0.456533 0.451461 0.225514
v 0.456533 0.451461 0.227527
v 0.456533 0.451461 0.229541
v 0.456533 0.451461 0.232336
v 0.456533 0.451461 0.236363
v 0.456533 0.451461 0.240165
v 0.456533 0.451461 0.244080
v 0.456533 0.451461 0.243185
v 0.456533 0.451461 0.245198
v 0.456533 0.451461 0.247770
v 0.456372 0.451850 0.258916
v 0.164501 0.518004 0.426629
v -0.208012 0.657915 0.416982
v 0.192873 0.374191 0.553871
v -0.492221 0.658010 0.068070
v -0.460022 0.453356 -0.521248
v 0.174141 0.422274 0.635069
v 0.011817 0.168839 0.849672
v 0.360653 0.411588 -0.542576
v 0.458121 0.392829 -0.471200
v 0.464070 0.382379 -0.477417
v -0.035984 0.407425 0.692773
v 0.456533 0.451461 0.233343
v 0.456533 0.451461 0.235356
v 0.456533 0.451461 0.237369
v 0.456533 0.451461 0.241172
v 0.456533 0.451461 0.246987
v 0.456930 0.446997 0.264421
v 0.456533 0.451461 0.268572
v 0.456421 0.451461 0.267566
v 0.456533 0.451461 0.270473
v 0.456533 0.451461 0.271592
v 0.456533 0.451461 0.271033
v 0.456329 0.451861 0.297523
v 0.456656 0.447237 0.404570
v 0.456722 0.447644 0.454283
v 0.191293 0.518447 0.481555
v -0.060628 0.378025 0.700292
v 0.052780 0.372011 0.694956
v -0.230115 0.445876 -0.573425
v -0.219725 0.451171 -0.603270
v 0.459899 0.388165 -0.329361
v 0.456632 0.402536 -0.219561
v 0.499401 0.443749 0.208772
v 0.500417 0.454472 0.063133
v 0.391248 0.446674 0.454858
v -0.329558 0.657954 0.414769
v -0.233529 0.103348 0.914426
v -0.440140 0.451630 -0.553505
v -0.016636 0.460315 -0.628726
v 0.164383 0.433747 -0.571162
v -0.032673 0.033241 0.890840
v -0.504706 0.658008 -0.005928
v -0.461695 0.451970 -0.536226
v -0.370977 0.457630 -0.609188
v -0.371282 0.463525 -0.600346
v -0.371085 0.453228 -0.573699
v -0.379946 0.457227 -0.571127
v -0.387591 0.457377 -0.568129
v -0.366560 0.453639 -0.569236
v -0.169314 0.453240 -0.607398
v 0.521188 0.450374 0.386259
v -0.508815 0.075168 -0.642605
v 0.186960 0.451891 0.454029
v -0.461370 0.658012 0.418692
v -0.495906 0.338683 -0.653250
v -0.509864 0.339623 -0.503002
v -0.509864 0.339623 -0.501884
v -0.510399 0.341942 -0.506349
v 0.456970 0.410676 -0.005927
v -0.439267 0.401712 0.515339
v -0.450805 0.452578 -0.476752
v -0.400194 0.452442 -0.567420
v 0.325887 0.403189 -0.538655
v 0.411546 0.402384 -0.538740
v 0.460960 0.385790 -0.228904
v 0.381660 0.340022 0.518302
v -0.442834 0.444816 -0.551436
v -0.119962 0.469035 -0.630043
v 0.029613 0.361214 0.469198
v 0.459034 0.389398 -0.145765
v 0.235447 0.446643 0.453862
v 0.001202 0.518109 0.426569
v -0.173118 0.657915 0.454671
v -0.173789 0.657915 0.455119
v -0.174572 0.657915 0.454448
v 0.157989 0.356312 0.474599
v -0.505001 0.657939 0.148338
v 0.300091 0.340289 0.519367
v -0.505027 0.658019 -0.210433
v -0.465456 0.447507 -0.505072
v -0.173378 0.468727 -0.630033
v -0.133299 0.469063 -0.630083
v 0.045028 0.449931 -0.619080
v 0.265269 0.403852 -0.538933
v 0.456146 0.401982 -0.538201
v 0.463329 0.422330 0.058086
v 0.531883 0.459864 0.322631
v 0.511204 0.447928 0.493374
v 0.211503 0.446579 0.453466
v 0.001324 0.518720 0.481573
v -0.174572 0.657915 0.455902
v 0.313309 0.377374 0.557228
v -0.461575 0.448227 -0.588289
v -0.410616 0.445621 -0.565653
v 0.278554 0.413285 0.608794
v -0.302107 0.452564 -0.607244
v -0.126593 0.469020 -0.630162
v -0.126705 0.469020 -0.630162
v -0.129948 0.469020 -0.630162
v 0.197726 0.407133 -0.539968
v 0.397754 0.387537 -0.540573
v 0.472960 0.375031 -0.470415
v 0.470693 0.429201 0.134890
v 0.500427 0.454386 0.210902
v 0.490350 0.448087 0.313737
v -0.254404 0.657906 0.481487
v -0.343372 0.657936 0.444804
v -0.032927 0.132681 0.875226
v -0.239350 0.468804 -0.630339
v -0.130955 0.469020 -0.630162
v -0.129837 0.469020 -0.630162
v -0.127935 0.469020 -0.630162
v -0.112407 0.460030 -0.628625
v 0.341474 0.385242 -0.541288
v 0.460131 0.387214 -0.540111
v 0.534105 0.460760 0.383757
v 0.399263 0.447244 0.497949
v 0.021934 0.201674 0.822068
v -0.017876 0.172364 0.856340
v -0.013525 0.105584 0.895173
v -0.449903 0.517955 -0.292394
v -0.380109 0.446048 -0.573599
v -0.163687 0.106845 0.911552
v 0.061398 0.433809 -0.571420
v 0.482815 0.372422 -0.418224
v 0.472584 0.374757 -0.345990
v 0.473003 0.374793 -0.250989
v 0.458968 0.389497 -0.077824
v 0.456869 0.407071 -0.054312
v 0.310091 0.447802 0.501953
v 0.148695 0.446515 0.454232
v 0.085450 0.452233 0.426951
v -0.505097 0.518589 -0.323758
v -0.450110 0.452263 -0.420568
v -0.462116 0.446270 -0.536877
v 0.286482 0.392930 -0.538574
v 0.499067 0.450678 0.514066
v 0.023073 0.451776 0.454035
v -0.504981 0.657936 0.308688
v -0.492072 0.450150 -0.575926
v -0.344388 0.451894 -0.605090
v 0.354395 0.452723 0.515718
v -0.449835 0.517794 -0.253849
v -0.462968 0.452728 -0.490949
v -0.510722 0.452098 -0.519132
v -0.073679 0.446022 -0.613405
v 0.483668 0.372321 -0.510743
v 0.501114 0.455327 0.299339
v -0.521801 0.341261 -0.619978
v -0.143472 0.518156 0.426645
v -0.129837 0.518640 0.481572
v -0.505091 0.518623 0.131268
v -0.475034 0.455084 -0.604382
v -0.045071 0.433846 -0.571087
v 0.470851 0.375710 -0.178519
v -0.449801 0.517787 -0.170277
v -0.524418 0.470799 -0.598026
v -0.187048 0.461759 -0.629252
v 0.239316 0.391546 -0.539127
v 0.422009 0.375836 -0.551343
v 0.531642 0.448281 0.328874
v 0.525974 0.463200 0.513463
v -0.110604 0.452337 0.426918
v -0.504246 0.518464 0.444177
v -0.451097 0.518154 -0.117576
v -0.449459 0.517276 -0.119064
v -0.449359 0.517334 -0.134830
v -0.450252 0.452136 -0.283399
v -0.531707 0.464483 -0.405569
v -0.522634 0.463554 -0.380969
v -0.532019 0.464732 -0.502301
v -0.167717 0.448090 -0.617012
v 0.474083 0.374070 -0.553407
v 0.530660 0.447024 0.420071
v -0.017309 0.446412 0.454412
v 0.122582 0.360502 0.468479
v -0.449552 0.517778 -0.076984
v -0.449359 0.517334 -0.138744
v -0.449471 0.517334 -0.141092
v -0.450142 0.517670 -0.141652
v -0.449660 0.517262 -0.143995
v -0.466226 0.451831 -0.419979
v -0.466640 0.446748 -0.393000
v -0.493145 0.448388 -0.395294
v -0.513076 0.453474 -0.394882
v -0.393705 0.455720 -0.613075
v -0.125861 0.438838 -0.593845
v 0.157623 0.355462 0.532913
v 0.532736 0.452331 0.481260
v 0.432310 0.453084 0.516313
v 0.284519 0.454128 0.517540
v 0.213120 0.452641 0.515961
v 0.006134 0.447766 0.502394
v 0.243431 0.348644 0.528207
v -0.461917 0.548580 0.481439
v -0.491404 0.518524 0.464595
v -0.450062 0.452256 -0.105102
v -0.529635 0.452551 -0.402255
v -0.531737 0.456782 -0.443079
v -0.532258 0.465507 -0.546519
v -0.247077 0.456171 -0.625604
v 0.022995 0.405530 -0.538890
v 0.144387 0.408450 -0.540919
v 0.245746 0.380148 -0.546125
v 0.500567 0.375888 -0.552310
v 0.487609 0.372092 -0.305171
v 0.456297 0.405098 0.064827
v 0.493219 0.437091 0.256245
v 0.210004 0.355575 0.532831
v -0.267583 0.518745 0.481524
v -0.467673 0.518600 0.480684
v 0.430909 0.378816 0.558622
v -0.505259 0.472111 -0.620044
v -0.134607 0.434043 -0.571717
v 0.138623 0.395549 -0.538513
v 0.469553 0.376621 -0.105980
v 0.460040 0.416609 0.205149
v 0.098983 0.411854 0.686405
v 0.504283 0.463696 0.529170
v 0.039157 0.411420 0.687148
v -0.505212 0.518596 0.310210
v -0.449671 0.517778 0.061169
v -0.449472 0.517539 -0.017753
v -0.466625 0.451518 -0.255558
v -0.512425 0.464976 -0.613835
v 0.078160 0.405522 -0.539487
v 0.458261 0.392213 0.034988
v 0.134299 0.371980 0.695264
v 0.499879 0.444661 0.301322
v 0.518249 0.446640 0.309638
v 0.012529 0.196444 0.816941
v 0.075283 0.201621 0.822028
v -0.261639 0.517344 0.426486
v 0.105072 0.172445 0.845830
v -0.036400 0.145901 0.875257
v -0.527568 0.458477 -0.578315
v -0.474054 0.470234 -0.630297
v 0.348911 0.372121 -0.565435
v 0.432041 0.371964 -0.563660
v 0.519130 0.386809 -0.477961
v 0.486773 0.371785 -0.156647
v 0.428561 0.463613 0.528480
v -0.207564 0.064266 0.909620
v -0.140988 0.452062 0.453931
v -0.449471 0.517334 0.035501
v -0.449359 0.517334 0.033152
v -0.121843 0.058525 0.907825
v -0.335782 0.468791 -0.629985
v 0.315617 0.374084 -0.555466
v 0.488411 0.372467 -0.222819
v 0.492683 0.436727 0.309982
v 0.524853 0.451957 0.513782
v 0.312968 0.463754 0.528519
v 0.121033 0.454331 0.517908
v -0.075264 0.447881 0.502276
v -0.449583 0.516551 0.036172
v -0.449777 0.514857 0.028139
v -0.449359 0.517334 0.029238
v -0.449359 0.517223 0.025323
v -0.514762 0.442147 -0.397106
v -0.429838 0.469198 -0.630233
v 0.174389 0.375528 -0.551521
v 0.521827 0.389712 -0.398701
v 0.502257 0.448587 0.527030
v -0.466032 0.518670 0.400762
v -0.464905 0.519012 0.401660
v -0.465017 0.519012 0.403226
v -0.465017 0.519012 0.404232
v -0.465658 0.518382 0.419899
v -0.465688 0.518788 0.405015
v -0.449359 0.517334 0.124524
v -0.449359 0.517334 0.120050
v -0.449359 0.517334 0.118037
v -0.449691 0.517357 0.113698
v -0.360980 0.460468 -0.628655
v 0.406180 0.377713 -0.582768
v 0.518425 0.386149 -0.553979
v 0.458190 0.412566 0.289813
v 0.517206 0.437175 0.324302
v -0.510786 0.356445 -0.547714
v 0.325905 0.450242 0.528677
v 0.219798 0.463757 0.528950
v -0.369024 0.518718 0.481481
v -0.454420 0.518039 0.444967
v -0.485846 0.357890 -0.365176
v -0.452738 0.518532 0.104663
v -0.450985 0.518205 0.131025
v -0.449354 0.517329 0.129441
v -0.449359 0.517334 0.122958
v -0.449359 0.517334 0.119156
v -0.494529 0.463270 -0.370558
v -0.465688 0.469691 -0.630498
v -0.463898 0.470027 -0.630498
v -0.462556 0.470027 -0.630498
v -0.401716 0.468908 -0.630162
v -0.486113 0.359456 -0.260708
v -0.288401 0.458353 -0.627677
v 0.067457 0.390090 -0.539725
v 0.207125 0.371289 -0.562606
v 0.456824 0.406202 0.231008
v 0.450464 0.451111 0.529017
v -0.439789 0.518335 0.454512
v -0.449699 0.517299 0.143308
v -0.466635 0.451378 -0.031279
v -0.490511 0.450807 -0.343889
v -0.528129 0.451325 -0.482712
v -0.485699 0.463039 -0.626996
v -0.458198 0.459521 -0.629144
v -0.405295 0.468908 -0.630162
v -0.403282 0.468908 -0.630162
v -0.401492 0.468908 -0.630162
v 0.517192 0.382697 -0.239802
v 0.492230 0.372737 -0.115539
v 0.486864 0.371930 -0.062486
v -0.503672 0.388175 0.496615
v 0.470030 0.428951 0.279768
v 0.516967 0.438019 0.433603
v 0.147410 0.463823 0.528565
v 0.012244 0.454145 0.517763
v -0.449732 0.517481 0.176952
v -0.416863 0.461263 -0.629649
v -0.043527 0.405234 -0.539356
v 0.268314 0.372165 -0.566677
v 0.356514 0.385583 -0.593401
v 0.510866 0.388793 -0.578475
v 0.464924 0.380779 -0.005556
v 0.458503 0.390127 0.141600
v 0.375314 0.448576 0.527142
v 0.221881 0.453143 0.529388
v -0.062238 0.454808 0.518579
v -0.256295 0.451857 0.454065
v 0.196120 0.360155 0.468327
v -0.465136 0.452143 0.398715
v -0.449537 0.517081 0.214682
v -0.490437 0.451351 -0.141826
v -0.510833 0.447083 -0.574883
v 0.515933 0.383139 -0.170973
v 0.506753 0.438869 0.507954
v -0.391206 0.452320 0.427052
v -0.391193 0.518360 0.455925
v -0.449612 0.517913 0.375245
v -0.466600 0.445804 -0.032062
v -0.492615 0.450631 -0.371277
v 0.486484 0.376498 -0.578151
v 0.463601 0.382552 0.077567
v 0.457762 0.393646 0.224916
v 0.524489 0.444128 0.495972
v 0.082950 0.451918 0.515116
v -0.459469 0.451386 0.437274
v -0.450131 0.452138 0.376180
v -0.449833 0.517453 0.309274
v -0.450249 0.452067 0.221299
v -0.466693 0.446331 -0.250764
v -0.386669 0.440675 -0.601372
v -0.061835 0.398807 0.695243
v 0.487013 0.372024 0.017326
v 0.429140 0.441507 0.517838
v -0.251832 0.446438 0.454211
v -0.488588 0.438360 -0.386447
v -0.524874 0.450758 -0.549509
v -0.500402 0.455507 -0.611374
v -0.467076 0.450174 -0.617398
v 0.029506 0.146872 0.865032
v 0.520309 0.387109 -0.315469
v 0.476980 0.432395 0.372067
v 0.227146 0.446588 0.525056
v 0.070036 0.463641 0.528209
v -0.102351 0.109245 0.905948
v -0.390813 0.451664 0.455573
v -0.466682 0.451082 0.058184
v -0.467589 0.445534 -0.020531
v -0.466918 0.445310 -0.021090
v -0.466918 0.445310 -0.022320
v -0.466918 0.445310 -0.022432
v -0.466918 0.445310 -0.023550
v -0.490414 0.451118 -0.238718
v -0.376599 0.449888 -0.619379
v 0.077380 0.380376 -0.546084
v 0.287522 0.388576 -0.596849
v 0.495381 0.390541 -0.593813
v 0.346782 0.440124 0.513805
v 0.134548 0.449416 0.527879
v -0.200113 0.447728 0.501584
v -0.339955 0.451970 0.454111
v -0.465876 0.446903 0.422509
v -0.467014 0.445608 0.004167
v -0.513169 0.442037 -0.486300
v 0.141412 0.372045 -0.566184
v 0.245713 0.377060 -0.580651
v 0.426804 0.398596 -0.604007
v 0.531013 0.402152 -0.514758
v 0.530493 0.402016 -0.391369
v 0.488342 0.371822 0.113198
v 0.272153 0.440399 0.514827
v 0.033224 0.452001 0.529143
v -0.165681 0.452885 0.515954
v -0.423684 0.492350 0.456927
v -0.466653 0.445717 0.387243
v -0.466918 0.445310 -0.005320
v -0.466918 0.445310 -0.005432
v -0.466918 0.445310 -0.006774
v -0.466918 0.445310 -0.008005
v -0.466918 0.445310 -0.008116
v -0.467084 0.445607 -0.013635
v -0.489620 0.441852 -0.146641
v -0.470116 0.005916 -0.581310
v 0.370872 0.401412 -0.605683
v 0.175851 0.442578 0.519801
v -0.021545 0.463332 0.529699
v -0.371384 0.446383 0.453938
v -0.466681 0.445908 0.101035
v -0.466918 0.445310 0.049257
v -0.466918 0.445310 0.047915
v -0.466918 0.445310 0.046573
v -0.466918 0.445310 0.046461
v -0.466944 0.445415 0.038151
v -0.490441 0.443798 -0.343175
v -0.121738 0.393469 -0.538399
v -0.041257 0.386463 -0.540772
v 0.328490 0.401434 -0.605602
v 0.449371 0.386779 -0.595013
v -0.487161 0.359642 -0.333231
v -0.486378 0.359083 -0.331106
v -0.486378 0.359083 -0.332672
v -0.486378 0.359195 -0.330659
v 0.472504 0.375028 0.179678
v -0.515903 0.372387 -0.107434
v -0.418946 0.447087 0.453991
v -0.444506 0.447555 0.453561
v -0.467701 0.445646 0.050040
v -0.489398 0.441402 -0.228306
v 0.014395 0.373651 -0.556338
v 0.105002 0.374161 -0.555176
v -0.528221 0.386280 0.073637
v 0.512678 0.380790 -0.048155
v 0.486290 0.372028 0.209665
v 0.465223 0.380721 0.266798
v 0.478168 0.433465 0.475763
v -0.113419 0.462440 0.526185
v -0.490805 0.451528 0.057252
v -0.530852 0.402054 0.467672
v 0.516998 0.401219 -0.586472
v 0.529073 0.401912 -0.560969
v -0.228792 0.453379 0.516884
v -0.509477 0.447187 0.404160
v -0.466453 0.451657 0.305779
v -0.488601 0.437380 -0.449365
v -0.164408 0.394008 -0.538465
v 0.023681 0.367344 0.489434
v 0.381937 0.401693 -0.605558
v 0.383838 0.401693 -0.605558
v 0.385739 0.401693 -0.605558
v 0.385851 0.401693 -0.605558
v 0.387752 0.401693 -0.605558
v 0.389653 0.401693 -0.605558
v 0.391667 0.401693 -0.605558
v 0.393568 0.401693 -0.605558
v 0.393680 0.401693 -0.605558
v 0.404848 0.401705 -0.605611
v 0.453127 0.400639 -0.605394
v 0.489386 0.401749 -0.604471
v 0.528923 0.390282 -0.543619
v 0.323052 0.356178 0.474590
v -0.491056 0.451351 -0.028087
v -0.489386 0.441436 -0.069534
v -0.473179 0.426396 -0.424244
v 0.433156 0.340473 0.519167
v -0.210692 0.406935 -0.539852
v 0.295933 0.401693 -0.605446
v 0.381825 0.401693 -0.605558
v 0.383726 0.401693 -0.605558
v 0.389542 0.401693 -0.605558
v 0.391555 0.401693 -0.605558
v 0.395581 0.401693 -0.605558
v 0.397370 0.401693 -0.605670
v 0.415041 0.401693 -0.605670
v 0.415153 0.401693 -0.605670
v 0.417054 0.401693 -0.605670
v 0.432109 0.401708 -0.605622
v 0.530035 0.392744 -0.393384
v 0.519976 0.386827 -0.109661
v 0.518311 0.384874 -0.004697
v 0.456704 0.397365 0.318625
v -0.112952 0.450275 0.528731
v -0.337257 0.451603 0.514766
v -0.484003 0.436129 -0.546611
v 0.334251 0.355702 0.533366
v 0.044493 0.372195 -0.568270
v 0.290788 0.401693 -0.605446
v 0.292130 0.401693 -0.605446
v 0.294031 0.401693 -0.605446
v 0.295821 0.401693 -0.605446
v 0.297834 0.401693 -0.605446
v 0.298505 0.401693 -0.605446
v 0.299847 0.401693 -0.605446
v 0.301860 0.401693 -0.605446
v 0.303650 0.401693 -0.605446
v 0.304544 0.401693 -0.605446
v 0.331359 0.391868 -0.604149
v 0.416942 0.401693 -0.605670
v 0.418955 0.401693 -0.605670
v 0.442441 0.401693 -0.605558
v 0.529232 0.389427 -0.476213
v 0.321625 0.434050 0.477617
v -0.007016 0.441561 0.518400
v -0.466029 0.447051 0.452561
v -0.507919 0.447297 0.475515
v -0.466654 0.446504 0.260748
v -0.472387 0.425498 -0.287545
v -0.469714 0.422011 -0.378606
v -0.466430 0.413469 -0.442865
v -0.058191 0.374433 -0.554491
v 0.143673 0.378041 -0.582831
v 0.262491 0.401707 -0.605420
v 0.290005 0.401693 -0.605446
v 0.292018 0.401693 -0.605446
v 0.293920 0.401693 -0.605446
v 0.299735 0.401693 -0.605446
v 0.301748 0.401693 -0.605446
v 0.436514 0.401693 -0.605558
v 0.438527 0.401693 -0.605558
v 0.440540 0.401693 -0.605558
v 0.444342 0.401693 -0.605670
v 0.505916 0.391779 -0.595003
v 0.095305 0.440837 0.516673
v -0.518887 0.450552 0.323267
v -0.490927 0.451527 0.168744
v -0.490518 0.451302 0.242271
v -0.477411 0.435414 -0.575883
v 0.245158 0.401693 -0.605334
v 0.247171 0.401693 -0.605334
v 0.249072 0.401693 -0.605334
v 0.251868 0.401693 -0.605334
v 0.252987 0.401693 -0.605334
v 0.255000 0.401693 -0.605334
v 0.385627 0.392285 -0.604393
v 0.438415 0.401693 -0.605558
v 0.440428 0.401693 -0.605558
v 0.450046 0.401022 -0.605670
v 0.452283 0.401022 -0.605670
v 0.458770 0.401693 -0.605670
v 0.460000 0.401693 -0.605670
v 0.461901 0.401693 -0.605782
v 0.018805 0.168907 0.858946
v 0.520831 0.387965 -0.574400
v -0.156198 0.463479 0.529829
v -0.233391 0.463666 0.528325
v -0.523891 0.453855 0.453301
v 0.241244 0.401693 -0.605334
v 0.243704 0.401693 -0.605334
v 0.247059 0.401805 -0.605334
v 0.248961 0.401693 -0.605334
v 0.250974 0.401693 -0.605334
v 0.252875 0.401693 -0.605334
v 0.254888 0.401693 -0.605334
v 0.436448 0.394846 -0.605133
v 0.458099 0.401022 -0.605670
v 0.530121 0.393690 -0.257174
v 0.530625 0.402208 -0.274786
v 0.517556 0.384200 0.074380
v 0.507390 0.378026 0.212876
v 0.482923 0.371781 0.288479
v 0.457312 0.394935 0.410558
v 0.460287 0.416883 0.372480
v 0.467545 0.426569 0.465262
v 0.415526 0.429752 0.469041
v 0.213652 0.432877 0.474271
v 0.048627 0.439753 0.513275
v -0.057128 0.442866 0.520263
v -0.265514 0.395227 -0.537991
v -0.209349 0.388555 -0.539999
v 0.239342 0.401693 -0.605334
v 0.241132 0.401693 -0.605334
v 0.243145 0.401693 -0.605334
v 0.452396 0.378323 -0.595350
v 0.484269 0.391079 -0.603643
v 0.530483 0.402190 -0.144063
v 0.203615 0.383313 -0.590830
v -0.493322 0.098404 -0.654437
v 0.214720 0.401701 -0.605662
v -0.475241 0.197077 -0.658262
v 0.518100 0.385323 0.150867
v 0.461199 0.385994 0.383615
v -0.501224 0.346622 -0.646228
v -0.166776 0.451553 0.528916
v -0.488339 0.447559 0.312467
v -0.467483 0.341148 -0.641980
v -0.477611 0.338634 -0.598877
v -0.489044 0.440805 0.118703
v -0.488656 0.440757 0.059494
v -0.473105 0.426253 -0.178881
v -0.015492 0.372459 -0.565338
v 0.376749 0.370817 -0.586394
v -0.489112 0.360889 -0.331206
v 0.514625 0.373193 -0.555213
v -0.250212 0.450112 0.528570
v -0.530005 0.459737 0.325879
v -0.466278 0.413278 -0.324942
v -0.468388 0.419282 -0.548487
v -0.338599 0.404054 -0.538920
v -0.158709 0.378374 -0.547779
v 0.516096 0.383405 0.285928
v 0.470666 0.376404 0.362001
v 0.296265 0.427228 0.466138
v -0.528890 0.462196 0.502024
v -0.522219 0.458629 0.310001
v -0.491267 0.452102 0.301185
v -0.467375 0.417157 -0.228889
v -0.470255 0.423478 -0.498247
v 0.016298 0.385231 -0.592605
v -0.479968 0.387583 0.505009
v 0.218407 0.395372 -0.605206
v 0.490148 0.372701 -0.587147
v 0.503072 0.367991 -0.568826
v -0.263441 0.392728 0.514911
v -0.532358 0.460788 0.371846
v -0.466347 0.414191 -0.121026
v -0.073566 0.377237 0.504051
v 0.096833 0.401690 -0.605404
v 0.311391 0.373606 -0.589576
v 0.521041 0.378204 -0.333730
v 0.530602 0.402295 -0.052142
v 0.265702 0.359919 0.468457
v 0.100517 0.434268 0.478531
v -0.400972 0.452215 0.515820
v -0.489797 0.442032 0.210016
v 0.422610 0.339525 0.476203
v -0.377409 0.407281 -0.539810
v -0.057958 0.380396 -0.587182
v -0.035557 0.433759 0.476936
v -0.173531 0.443341 0.521246
v -0.467485 0.449653 0.513459
v -0.505987 0.450907 0.510503
v -0.529114 0.447282 0.332851
v -0.466687 0.415715 -0.008748
v -0.244911 0.376313 -0.550617
v 0.511675 0.370369 -0.475235
v 0.520983 0.378159 -0.246246
v 0.530941 0.402269 0.059367
v 0.504313 0.376054 0.401975
v 0.480300 0.372396 0.387230
v 0.349728 0.411071 0.453350
v 0.114889 0.427503 0.466359
v -0.150238 0.440693 0.516791
v -0.310347 0.463742 0.528646
v -0.466046 0.394397 -0.290788
v 0.162379 0.391209 -0.603886
v 0.521682 0.379105 -0.426956
v 0.403301 0.412901 0.453499
v 0.251738 0.418920 0.457884
v 0.154457 0.195889 0.816908
v -0.125341 0.098575 0.915181
v 0.136973 0.158671 0.856243
v -0.439783 0.404833 -0.539510
v -0.315304 0.385311 -0.541544
v 0.076765 0.134853 0.874062
v -0.107417 0.372377 -0.567927
v -0.018862 0.124766 0.891307
v -0.016219 0.117532 0.886221
v -0.214648 0.441236 0.516805
v -0.348434 0.451707 0.529101
v -0.363477 0.463785 0.528823
v -0.532199 0.461310 0.454976
v -0.501784 0.444450 0.303083
v -0.466668 0.391423 -0.401321
v 0.529060 0.389583 -0.176172
v 0.529239 0.389740 -0.083128
v -0.016505 0.060389 0.908657
v -0.118745 0.434294 0.478213
v -0.509789 0.463416 0.526725
v -0.530678 0.451444 0.425681
v -0.513808 0.438828 0.316392
v -0.496955 0.047884 -0.631701
v -0.466144 0.393445 -0.164554
v -0.465076 0.399555 -0.537805
v -0.374457 0.385525 -0.541023
v 0.468936 0.358444 -0.561857
v 0.456504 0.402663 0.451139
v 0.290675 0.405849 0.451752
v 0.199381 0.369774 -0.584790
v 0.375296 0.359567 -0.562439
v 0.528063 0.387992 0.014364
v -0.508016 0.356018 -0.640961
v -0.516164 0.372143 -0.185629
v 0.470999 0.375388 0.465768
v 0.459789 0.415640 0.454961
v 0.039839 0.429836 0.469552
v -0.489500 0.441338 0.303835
v -0.471932 0.424695 0.118194
v -0.466363 0.414833 0.063566
v -0.474030 0.380126 -0.479952
v -0.300859 0.372285 -0.560902
v -0.198858 0.372087 -0.564134
v 0.026986 0.401744 -0.605367
v 0.508297 0.368343 -0.345087
v 0.360807 0.399052 0.451377
v 0.177313 0.420200 0.459164
v -0.406994 0.449859 0.528600
v -0.520833 0.450086 0.513333
v -0.467126 0.390199 -0.230119
v 0.098938 0.393508 -0.604759
v 0.386549 0.356697 -0.563219
v -0.324433 0.402107 0.515980
v 0.459549 0.387891 0.453003
v 0.411930 0.385524 0.453758
v 0.084799 0.416782 0.456425
v -0.091301 0.428298 0.467586
v -0.329724 0.445997 0.524600
v -0.444842 0.463828 0.528812
v -0.529678 0.450696 0.490274
v 0.530689 0.402107 0.149569
v -0.466647 0.415529 0.130780
v 0.321161 0.348073 0.527889
v -0.195645 0.380269 -0.587058
v -0.027027 0.401701 -0.605397
v 0.031329 0.390085 -0.603195
v 0.529275 0.390166 0.136574
v 0.530640 0.402186 0.336255
v 0.520160 0.387115 0.369397
v 0.377524 0.356129 0.474503
v -0.063550 0.419995 0.458876
v 0.462136 0.339100 0.470728
v -0.466780 0.391371 -0.009900
v -0.466587 0.391630 -0.098454
v -0.477457 0.377088 -0.332071
v -0.433064 0.390978 -0.539021
v -0.119919 0.383240 -0.590523
v 0.258235 0.359927 -0.562545
v 0.482200 0.359373 -0.409750
v 0.518229 0.375101 0.004929
v 0.212769 0.406356 0.451928
v 0.393770 0.354326 0.530335
v 0.489038 0.395695 0.581363
v -0.499858 0.451364 0.527811
v -0.486154 0.372553 -0.480903
v -0.471193 0.383149 -0.542786
v -0.256016 0.373723 -0.573304
v 0.266354 0.422327 0.635746
v 0.507181 0.367753 -0.257066
v 0.515963 0.373348 -0.124224
v 0.160189 0.405545 0.451722
v 0.135033 0.412566 0.453955
v -0.014271 0.416211 0.456086
v -0.172497 0.426671 0.465819
v -0.518339 0.439762 0.420761
v -0.513942 0.437159 0.340715
v -0.478076 0.376462 -0.228524
v -0.353733 0.375257 -0.552941
v -0.036454 0.391520 -0.604165
v 0.530885 0.402171 0.215398
v 0.080821 0.158851 0.855886
v 0.033498 0.104276 0.895168
v 0.261655 0.385936 0.454912
v -0.208442 0.433991 0.477485
v -0.474584 0.445412 0.524813
v -0.466661 0.414989 0.211279
v -0.159714 0.401599 -0.605653
v 0.249739 0.356631 -0.563324
v 0.312740 0.356163 -0.604176
v 0.481909 0.358841 -0.550440
v -0.311852 0.434447 0.478397
v -0.110265 0.401805 -0.605222
v -0.107581 0.401805 -0.605222
v -0.104673 0.401805 -0.605222
v -0.102660 0.401805 -0.605222
v -0.102548 0.401805 -0.605222
v 0.165872 0.360544 -0.563551
v 0.453566 0.356201 -0.603602
v 0.385949 0.375958 0.464525
v 0.350282 0.385808 0.455110
v -0.512606 0.440113 0.505436
v -0.485683 0.435504 0.318124
v -0.466785 0.391102 0.080823
v -0.351300 0.372930 -0.571717
v -0.108475 0.401805 -0.605222
v -0.106462 0.401805 -0.605222
v -0.104449 0.401805 -0.605222
v -0.100647 0.401805 -0.605222
v -0.099417 0.401805 -0.605222
v -0.090168 0.394291 -0.605001
v 0.101419 0.360179 -0.562740
v 0.487033 0.356147 -0.584239
v -0.467664 0.418552 0.262820
v -0.486671 0.372522 -0.372365
v -0.483228 0.372901 -0.410854
v -0.247922 0.386015 -0.593314
v 0.485480 0.356736 -0.499999
v 0.527250 0.386301 0.227136
v -0.488046 0.356948 -0.457087
v 0.162619 0.390431 0.453051
v 0.041766 0.413971 0.454488
v -0.390004 0.439689 0.513657
v -0.436181 0.440306 0.515304
v -0.477567 0.376775 0.028443
v -0.474656 0.379453 -0.102233
v 0.565386 0.339419 -0.276547
v 0.565289 0.117806 -0.370148
v 0.565161 0.105112 -0.560436
v 0.565360 0.339730 -0.357417
v 0.540773 0.141723 -0.619988
v 0.541383 0.347613 -0.610311
v 0.564653 0.260261 -0.287269
v 0.564715 0.337998 -0.565732
v 0.564576 0.224645 -0.251510
v 0.564552 0.230278 -0.302730
v 0.564671 0.231965 -0.420261
v 0.564494 0.195962 -0.381852
v 0.564569 0.237962 -0.355599
v 0.564569 0.237179 -0.356270
v 0.564404 0.257214 -0.366509
v 0.564569 0.237962 -0.355375
v 0.564569 0.238297 -0.355822
v -0.529780 0.390501 0.184997
v 0.564454 0.197856 -0.286155
v 0.564486 0.184850 -0.440015
v 0.562939 0.247000 -0.574509
v 0.554212 0.240499 -0.599292
v 0.552243 0.338070 -0.603979
v -0.461729 0.378381 0.493118
v 0.564562 0.161949 -0.369094
v 0.564630 0.291155 -0.415825
v 0.565536 0.339411 -0.500718
v 0.564480 0.167698 -0.306212
v 0.564545 0.193945 -0.217214
v -0.200182 0.390739 0.514300
v 0.560502 0.346588 -0.566449
v -0.148701 0.378691 0.505441
v 0.097835 0.372238 0.498939
v 0.564588 0.134306 -0.431957
v 0.561121 0.347228 -0.472056
v 0.559970 0.355978 -0.562721
v 0.549031 0.355982 -0.595484
v 0.524085 0.277028 -0.636019
v 0.553210 0.092148 -0.599387
v 0.188598 0.366040 0.486110
v 0.290799 0.360503 0.468373
v 0.526391 0.356034 -0.626295
v 0.564493 0.247794 -0.157524
v 0.564990 0.295309 -0.280083
v 0.561144 0.347307 -0.398764
v 0.519846 0.355968 -0.621073
v 0.498892 0.341549 0.515223
v 0.565297 0.115422 -0.211751
v 0.545163 0.355554 -0.588011
v 0.553756 0.355933 -0.552473
v 0.522324 0.337960 -0.636584
v 0.488721 0.344350 -0.638421
v 0.527922 0.103150 -0.633550
v 0.551715 0.343597 -0.515559
v 0.517415 0.340540 -0.618655
v 0.506023 0.352802 -0.639715
v 0.405102 0.412731 0.607450
v 0.558662 0.078261 -0.565153
v 0.564572 0.163920 -0.118452
v 0.560663 0.355955 -0.459854
v 0.532435 0.343062 -0.604830
v 0.504744 0.066211 -0.637452
v 0.565193 0.103448 -0.086087
v 0.564521 0.223505 -0.182826
v 0.565463 0.339582 -0.192726
v 0.560997 0.347195 -0.238812
v 0.459667 0.339700 -0.639933
v -0.019372 0.398186 0.695050
v 0.446175 0.348028 -0.647178
v 0.036633 0.402590 0.695213
v 0.379257 0.340136 -0.639722
v 0.491363 0.337753 -0.652917
v 0.524825 0.079973 -0.629741
v 0.549184 0.058999 -0.512235
v 0.562503 0.088833 -0.442948
v -0.044487 0.390566 0.689963
v 0.446539 0.339509 -0.604202
v 0.469218 0.339463 -0.596801
v 0.501503 0.356048 -0.549900
v 0.482202 0.359532 -0.324703
v 0.503643 0.366536 -0.149723
v 0.487425 0.372713 0.477541
v 0.165977 0.201692 0.821847
v -0.143627 0.415114 0.455443
v -0.316165 0.439697 0.513334
v 0.077935 0.370454 -0.586187
v 0.169631 0.356777 -0.563202
v -0.016670 0.154999 0.869337
v 0.342350 0.347815 -0.646851
v 0.497766 0.099226 -0.650385
v 0.560826 0.355989 -0.311067
v 0.490998 0.339165 -0.579133
v 0.169968 0.381909 0.458317
v 0.091531 0.396639 0.451685
v -0.077313 0.407644 0.452436
v -0.465502 0.397774 0.158504
v 0.276428 0.004596 0.849672
v 0.170502 0.356214 -0.604200
v 0.221089 0.339681 -0.604566
v 0.485743 0.355999 -0.641331
v 0.564608 0.239648 -0.099299
v 0.565250 0.295864 -0.164105
v 0.560803 0.347360 -0.101605
v 0.553578 0.355884 -0.309907
v 0.553113 0.348138 -0.425175
v 0.506772 0.385711 0.488080
v 0.373591 0.372258 0.479054
v 0.324761 0.374097 0.467665
v -0.052166 0.395675 0.451778
v -0.489879 0.372167 -0.163535
v -0.488167 0.372450 -0.232539
v -0.444407 0.339199 -0.660570
v -0.015076 0.371409 -0.587233
v -0.516551 0.356126 -0.627381
v 0.282337 0.340178 -0.640034
v 0.270268 0.349083 -0.647424
v 0.448850 0.356035 -0.647565
v -0.496350 0.356158 -0.584546
v 0.508467 0.368501 -0.031021
v 0.521646 0.378931 0.328302
v 0.524220 0.401005 0.482811
v 0.078712 0.382128 0.458144
v 0.049372 0.393053 0.452253
v -0.269831 0.428702 0.468214
v -0.504019 0.375624 -0.468857
v -0.491730 0.372418 -0.563392
v -0.402165 0.372564 -0.567761
v 0.088756 0.356637 -0.562970
v -0.531618 0.402123 0.104895
v 0.440396 0.354908 -0.653053
v 0.476562 0.355542 -0.650082
v -0.530968 0.402252 0.297066
v 0.565511 0.339333 -0.105159
v 0.548792 0.341607 -0.565797
v 0.502306 0.339393 -0.549737
v 0.481942 0.359572 -0.212605
v 0.518857 0.376100 0.153469
v 0.530864 0.401592 0.459485
v -0.518091 0.400228 0.495431
v -0.378793 0.383366 0.500511
v -0.215303 0.418183 0.457242
v -0.425586 0.434536 0.480030
v -0.466472 0.392297 0.289208
v -0.486973 0.372223 -0.083821
v -0.092688 0.370400 -0.586349
v 0.025261 0.377981 0.504815
v 0.452103 0.372469 0.481224
v 0.267666 0.373404 0.468335
v -0.245030 0.401805 -0.605222
v -0.243241 0.401805 -0.605222
v -0.243129 0.401805 -0.605222
v -0.237425 0.401805 -0.605222
v -0.235412 0.401805 -0.605222
v -0.235300 0.401805 -0.605222
v -0.229485 0.401805 -0.605222
v -0.227583 0.401805 -0.605222
v -0.227472 0.401805 -0.605222
v 0.530760 0.035537 -0.566746
v 0.560785 0.355958 -0.187238
v 0.552673 0.346048 -0.293288
v -0.087959 0.393734 0.451984
v -0.118331 0.395562 0.451983
v -0.468669 0.387468 0.197886
v -0.484759 0.372932 0.039584
v -0.510841 0.377847 -0.356619
v -0.514572 0.381159 -0.479330
v -0.516677 0.383398 -0.558585
v -0.246932 0.401805 -0.605222
v -0.245142 0.401805 -0.605222
v -0.238759 0.393275 -0.604815
v -0.241228 0.401805 -0.605222
v -0.240333 0.401805 -0.605222
v -0.237313 0.401805 -0.605222
v -0.233399 0.401805 -0.605222
v -0.232393 0.401805 -0.605222
v -0.225570 0.401805 -0.605222
v -0.224676 0.401805 -0.605222
v 0.106345 0.339591 -0.604653
v 0.202816 0.348636 -0.647445
v 0.396851 0.349228 -0.654314
v 0.458732 0.111810 -0.660117
v 0.484577 0.042343 -0.629000
v 0.565558 0.339104 -0.015405
v 0.486918 0.356427 -0.385838
v 0.214762 0.372930 0.470787
v -0.179506 0.401565 0.450937
v -0.482270 0.434476 0.477972
v 0.098529 0.377823 0.700469
v -0.264602 0.401805 -0.605222
v -0.262589 0.401805 -0.605222
v -0.260688 0.401805 -0.605222
v -0.258898 0.401805 -0.605222
v -0.253093 0.401825 -0.605171
v -0.247043 0.401805 -0.605222
v 0.048493 0.339707 -0.604368
v 0.346334 0.356103 -0.647578
v 0.334669 0.355998 -0.654378
v 0.527894 0.051199 -0.606503
v 0.561089 0.084738 -0.283187
v 0.098662 0.174256 0.855357
v 0.543531 0.339837 -0.479323
v 0.081994 0.163649 0.861511
v 0.486642 0.356491 -0.281919
v 0.095809 0.104512 0.895430
v 0.529289 0.390201 0.358171
v -0.254170 0.411729 0.453753
v -0.323360 0.411383 0.453242
v -0.503526 0.375020 -0.156108
v -0.380129 0.386758 -0.593972
v -0.268405 0.401805 -0.605222
v -0.266503 0.401805 -0.605222
v -0.264714 0.401805 -0.605222
v -0.262701 0.401805 -0.605222
v -0.176046 0.388119 -0.602062
v 0.123735 0.347831 -0.647208
v 0.254669 0.355968 -0.647614
v 0.457118 0.337365 -0.660294
v 0.527861 0.033099 -0.425998
v 0.565585 0.339264 0.096120
v 0.502496 0.339670 -0.445144
v 0.482075 0.359626 -0.074783
v 0.486602 0.386671 0.502381
v 0.299148 0.372894 0.481716
v 0.099132 0.374880 0.466624
v 0.012864 0.376231 0.463909
v -0.516166 0.381961 -0.291930
v -0.488560 0.379863 -0.584634
v -0.425159 0.382859 -0.590064
v -0.268740 0.401805 -0.605222
v -0.266615 0.401805 -0.605222
v 0.038231 0.340243 -0.640032
v 0.545406 0.053905 -0.208334
v 0.560951 0.346906 0.027908
v 0.512689 0.370538 0.281443
v 0.519841 0.387619 0.485880
v 0.505893 0.401704 0.504596
v 0.204692 0.373488 0.483424
v -0.213545 0.399683 0.451459
v -0.476786 0.377255 0.193675
v -0.511512 0.386467 -0.579388
v -0.100664 0.360216 -0.563127
v -0.013957 0.359940 -0.562723
v 0.051857 0.348405 -0.647336
v 0.511394 0.020533 -0.567998
v 0.559011 0.078993 0.000138
v 0.553638 0.355813 -0.142141
v -0.485964 0.359871 -0.464767
v 0.486770 0.356420 -0.174271
v 0.508764 0.368678 0.093629
v 0.529045 0.389617 0.453949
v -0.515492 0.371825 -0.259960
v 0.415978 0.387707 0.506168
v 0.327554 0.386315 0.504848
v 0.159626 0.371601 0.476638
v -0.036158 0.378811 0.460733
v -0.156690 0.383329 0.457470
v 0.206031 0.355961 -0.654360
v 0.254373 0.086425 -0.657030
v -0.530982 0.402313 0.238945
v 0.560767 0.355991 -0.051232
v 0.502126 0.355924 -0.281124
v 0.063217 0.371648 0.476971
v -0.464725 0.407881 0.376871
v -0.523954 0.390937 -0.440351
v -0.338859 0.401618 -0.605262
v 0.123506 0.355930 -0.647719
v 0.370660 0.340009 -0.660213
v 0.316491 0.108353 -0.660382
v 0.295530 0.032840 -0.625192
v 0.503488 0.030081 -0.603557
v 0.502070 0.356024 -0.180281
v 0.482130 0.359632 0.053657
v -0.082110 0.376970 0.463431
v -0.152616 0.375853 0.465079
v -0.408425 0.416531 0.456576
v -0.469307 0.420675 0.459589
v -0.510256 0.401761 -0.597296
v 0.328647 0.359253 0.468896
v -0.036768 0.356298 -0.603989
v 0.439825 0.355571 0.474411
v 0.308854 0.057394 -0.644692
v 0.565482 0.109612 0.336435
v 0.421304 0.343537 0.523340
v 0.502609 0.339447 -0.285202
v 0.486270 0.356365 -0.080085
v 0.509549 0.369022 0.219204
v -0.221180 0.381075 0.458605
v -0.282903 0.393773 0.452031
v -0.469308 0.386261 0.380854
v -0.484062 0.373195 0.106695
v -0.515731 0.381642 -0.188795
v 0.519052 0.399754 0.591055
v 0.003185 0.356726 -0.563097
v -0.014267 0.347769 -0.646982
v 0.557407 0.075012 0.141928
v 0.562682 0.088024 0.451964
v 0.574771 0.174676 0.607956
v 0.583255 0.199488 0.680558
v 0.586305 0.208175 0.567184
v 0.574795 0.175841 0.675441
v 0.587040 0.230665 0.685226
v 0.577894 0.208523 0.696925
v 0.583788 0.220331 0.548041
v 0.566039 0.170233 0.680368
v 0.572892 0.174862 0.564295
v 0.579124 0.247581 0.696970
v 0.584641 0.253537 0.563410
v 0.577609 0.275898 0.675464
v 0.566079 0.210170 0.702667
v 0.566156 0.249000 0.702932
v 0.577113 0.206990 0.545909
v 0.565998 0.274046 0.690936
v 0.577501 0.262387 0.551135
v 0.551897 0.043036 0.589763
v 0.564987 0.097290 0.612910
v 0.557705 0.075545 0.604904
v 0.224234 0.169448 0.847862
v 0.550761 0.257785 0.802159
v 0.557243 0.210524 0.824619
v 0.550161 0.119202 0.868609
v 0.557860 0.165366 0.850413
v 0.565678 0.114513 0.830621
v 0.560895 0.087121 0.832265
v 0.539209 0.144013 0.878417
v 0.552123 0.304401 0.768978
v 0.562923 0.089468 0.717592
v 0.542580 0.060458 0.852149
v 0.547028 0.339354 0.745696
v 0.533612 0.348877 0.735919
v 0.562070 0.266951 0.774573
v 0.548838 0.087332 0.862699
v 0.517198 0.098884 0.894124
v 0.539300 0.320105 0.756393
v 0.539554 0.293249 0.775606
v 0.559612 0.327789 0.735751
v 0.546139 0.228851 0.822966
v 0.564872 0.062392 0.590911
v 0.321207 0.002213 0.841883
v 0.477780 0.053445 0.899591
v 0.538848 0.254000 0.802560
v 0.532069 0.335548 0.730083
v 0.564586 0.197781 0.809282
v 0.546202 0.340277 -0.193850
v -0.397094 0.000084 -0.553270
v 0.506837 0.367838 0.340435
v 0.517737 0.374798 0.439852
v 0.497920 0.386506 0.506386
v 0.479990 0.402085 0.515262
v -0.511166 0.378541 -0.041509
v -0.530007 0.401987 -0.563733
v -0.494933 0.391609 -0.598096
v -0.396451 0.402077 -0.605692
v -0.453242 0.348903 -0.654586
v 0.215609 0.349326 -0.654298
v -0.497341 0.344822 -0.637384
v 0.461191 0.016404 -0.603832
v 0.548537 0.058641 0.824004
v 0.507295 0.121794 0.898343
v 0.547418 0.187361 0.851578
v 0.521690 0.352880 0.716467
v 0.560979 0.347420 0.258442
v 0.553645 0.355870 0.117156
v 0.552762 0.345828 -0.060884
v 0.544039 0.339927 -0.326566
v -0.501468 0.374203 0.034142
v -0.525284 0.401667 -0.580738
v -0.512037 0.390334 -0.594000
v 0.102507 0.356038 -0.654427
v 0.147266 0.349700 -0.654274
v 0.315342 0.349342 -0.654375
v 0.478946 0.006787 -0.574908
v 0.550225 0.060480 0.420192
v 0.545373 0.054367 0.597491
v 0.526596 0.146319 0.882371
v 0.539850 0.215588 0.830345
v 0.565592 0.338984 0.327463
v -0.476833 0.377292 0.312450
v 0.206103 0.031981 -0.624268
v 0.386620 0.015965 -0.602796
v 0.502955 0.015440 -0.441341
v 0.527396 0.032594 -0.328656
v 0.547301 0.029440 0.581271
v 0.513073 0.055773 0.881775
v 0.420529 0.102971 0.914298
v 0.470265 0.104224 0.912207
v 0.508756 0.134906 0.887639
v 0.537663 0.181804 0.851888
v 0.535829 0.297371 0.758882
v 0.488032 0.379775 0.696868
v 0.566130 0.226882 0.537133
v 0.366121 0.360395 0.468725
v 0.486297 0.356435 0.037636
v 0.506464 0.371712 0.479733
v -0.024703 0.372312 0.479093
v 0.502758 0.339581 0.422632
v -0.467039 0.390251 0.452750
v -0.486672 0.372754 0.284528
v -0.493981 0.372012 0.195965
v -0.480451 0.401711 -0.606057
v 0.420856 0.345550 0.525353
v 0.418955 0.345550 0.525353
v -0.109365 0.356178 -0.604080
v 0.204471 0.339168 -0.660268
v 0.091129 0.092275 -0.658664
v 0.527586 0.032859 -0.080406
v 0.527344 0.032662 0.013312
v 0.526491 0.037788 0.847745
v 0.451027 0.059974 0.907326
v 0.456036 0.111365 0.903868
v 0.484562 0.119009 0.898760
v 0.522779 0.151272 0.863473
v 0.535510 0.245516 0.795484
v 0.550718 0.354669 0.718637
v 0.565903 0.285936 0.678565
v 0.566240 0.172883 0.558531
v 0.560780 0.355945 0.108397
v 0.481712 0.359626 0.163545
v 0.419565 0.401924 0.516089
v -0.091090 0.372159 0.478101
v -0.118659 0.356527 -0.563087
v -0.055321 0.355894 -0.647737
v 0.117468 0.025843 -0.617997
v 0.555133 0.043614 0.532981
v 0.371702 0.099964 0.914825
v 0.406022 0.106830 0.911233
v 0.533917 0.175319 0.844162
v 0.528733 0.375775 0.714698
v 0.565600 0.305943 0.726552
v 0.561129 0.347063 0.360594
v 0.246408 0.030345 0.888471
v 0.076794 0.142114 0.877786
v -0.422964 0.402650 0.451827
v -0.464900 0.407988 0.452257
v -0.530168 0.391889 -0.547601
v -0.349208 0.391080 -0.603764
v -0.267952 0.371740 -0.587684
v -0.116765 0.340303 -0.640334
v 0.012788 0.349676 -0.654060
v 0.081412 0.349008 -0.654372
v 0.097458 0.339815 -0.660171
v -0.005825 0.108245 0.911449
v -0.064049 0.105186 0.913084
v 0.301105 0.099196 0.915286
v 0.464820 0.396659 0.696778
v 0.565925 0.285633 0.564333
v 0.561253 0.345171 0.449527
v 0.502238 0.339349 -0.037075
v 0.471396 0.392586 0.515463
v 0.314922 0.402086 0.515682
v 0.135050 0.386419 0.504625
v -0.187038 0.371863 0.477870
v -0.500791 0.374169 0.301131
v -0.530538 0.401554 -0.315231
v -0.519398 0.380383 -0.572328
v -0.493258 0.391215 -0.603449
v 0.031988 0.356025 -0.654284
v 0.052805 0.033776 -0.626265
v 0.544718 0.052749 0.338579
v 0.528435 0.033667 0.591743
v 0.535138 0.205476 0.821880
v 0.575866 0.279706 0.570867
v 0.560795 0.356040 0.382696
v 0.560832 0.355967 0.234761
v 0.546984 0.340540 0.063891
v 0.546396 0.340298 -0.131305
v -0.486491 0.356035 -0.643422
v 0.502225 0.339427 -0.128867
v 0.501991 0.356050 -0.057269
v 0.210136 0.384861 0.502796
v -0.257722 0.372835 0.471270
v -0.311822 0.376544 0.463613
v -0.464989 0.356372 -0.602543
v -0.430493 0.389177 -0.603222
v -0.483765 0.358148 -0.558051
v -0.117389 0.055838 -0.643956
v -0.508750 0.367635 -0.392519
v 0.394081 0.001126 -0.565222
v 0.527785 0.033058 0.327779
v 0.510945 0.134727 0.874398
v 0.507883 0.378502 0.710944
v 0.566122 0.265837 0.546928
v 0.543830 0.339900 0.001116
v -0.366495 0.378816 0.460387
v -0.522470 0.388509 -0.134189
v -0.213612 0.356672 -0.562954
v -0.130910 0.339548 -0.604517
v -0.188052 0.340230 -0.640157
v 0.235530 0.015765 -0.602504
v 0.374895 0.065631 0.910556
v 0.321138 0.107487 0.910822
v 0.421709 0.108743 0.902435
v 0.486895 0.117336 0.886723
v 0.365468 0.243747 0.794540
v 0.419018 0.399228 0.695268
v 0.547587 0.372001 0.677684
v 0.554874 0.342160 0.474892
v 0.553119 0.347877 0.147887
v 0.502190 0.356033 0.087416
v 0.486871 0.356273 0.155836
v 0.405827 0.391980 0.514813
v 0.074928 0.384205 0.502115
v -0.118023 0.392186 0.514782
v -0.519227 0.384621 -0.012304
v -0.531109 0.402300 -0.475792
v -0.523948 0.380703 -0.540829
v -0.198067 0.360008 -0.562496
v -0.258507 0.340244 -0.640307
v -0.303999 0.355901 -0.647712
v -0.130792 0.355998 -0.654434
v 0.036966 0.339739 -0.660271
v -0.313266 0.059068 -0.645731
v -0.050950 0.031412 -0.623621
v 0.331168 0.002517 -0.568785
v 0.505036 0.016559 0.016047
v 0.537645 0.024637 0.516524
v 0.491767 0.028045 0.871636
v 0.406715 0.362471 0.709805
v 0.489743 0.339218 0.451568
v 0.545001 0.340037 0.103029
v 0.502256 0.339636 -0.011036
v 0.502392 0.339571 0.051780
v 0.482079 0.359418 0.302319
v 0.208326 0.402282 0.515612
v -0.026561 0.385621 0.503735
v 0.419179 0.345550 0.525353
v -0.515785 0.381578 0.145038
v -0.052962 0.349786 -0.654285
v -0.002839 0.098499 -0.659660
v -0.155922 0.029573 -0.621489
v 0.527394 0.032223 0.420598
v 0.505769 0.016692 0.593449
v 0.524167 0.029587 0.752006
v 0.502437 0.016058 0.836683
v 0.336486 0.108520 0.901987
v 0.300698 0.390755 0.690055
v 0.505335 0.394135 0.699448
v 0.563130 0.346281 0.665018
v 0.553565 0.355945 0.287585
v -0.482985 0.373321 0.359539
v -0.481829 0.373849 0.469594
v -0.342207 0.371002 -0.586805
v -0.308496 0.359924 -0.562868
v -0.205246 0.356209 -0.604170
v -0.174393 0.339414 -0.604592
v -0.144138 0.349396 -0.654283
v -0.000799 0.340208 -0.660036
v 0.457690 0.000182 -0.373503
v 0.479292 0.005305 -0.234873
v 0.527973 0.033196 0.123578
v 0.526199 0.021125 0.476238
v 0.402041 0.042768 0.899071
v 0.365048 0.357139 0.713804
v 0.093653 0.118354 0.885686
v 0.502346 0.339547 0.010962
v 0.482001 0.359571 0.389736
v 0.372093 0.388538 0.513504
v 0.317139 0.392946 0.514993
v -0.088848 0.385480 0.503661
v -0.521741 0.387412 0.064478
v -0.531194 0.402260 -0.249074
v -0.291449 0.086348 -0.657008
v -0.230513 0.025434 -0.617505
v 0.119719 0.005774 -0.581864
v 0.240849 0.108086 0.910754
v 0.446802 0.104736 0.895004
v 0.365006 0.281995 0.767921
v 0.501032 0.000041 0.584056
v 0.553163 0.347890 0.314702
v 0.546230 0.340180 0.158112
v 0.441221 0.376232 0.503493
v -0.145791 0.386077 0.504078
v -0.278020 0.373167 0.481663
v -0.414144 0.385835 0.455119
v -0.530950 0.402145 -0.077919
v -0.454907 0.372216 -0.589174
v -0.182800 0.115427 -0.660495
v 0.030350 0.014588 -0.600526
v 0.512651 0.004402 0.580926
v 0.365074 0.203321 0.819533
v 0.365343 0.323295 0.739521
v 0.363739 0.377612 0.700817
v 0.262918 0.377580 0.700612
v 0.425047 0.407643 0.693183
v 0.559315 0.355797 0.462945
v 0.480711 0.367738 0.492284
v -0.487541 0.372430 0.399872
v -0.495971 0.371627 -0.585105
v -0.224236 0.355963 -0.654199
v -0.081769 0.340066 -0.660134
v 0.209528 0.003442 -0.572514
v 0.453407 0.027540 0.884993
v 0.363527 0.197267 0.816058
v 0.364644 0.371791 0.695546
v 0.267714 0.401192 0.695720
v 0.308422 0.410328 0.690483
v 0.544532 0.356073 0.489832
v 0.553284 0.355840 0.461048
v 0.553201 0.347792 0.396517
v 0.381630 0.377578 0.504597
v -0.506698 0.376080 0.429281
v -0.515880 0.381808 0.357965
v -0.517756 0.383163 0.257242
v -0.530670 0.402172 -0.134459
v -0.528683 0.387632 -0.422503
v -0.282793 0.356477 -0.563293
v -0.157681 0.013541 -0.598445
v 0.152075 0.107066 0.911622
v 0.225227 0.109582 0.904507
v 0.279424 0.103993 0.895502
v 0.356485 0.104301 0.895133
v 0.315685 0.154269 0.869072
v 0.330715 0.171690 0.856160
v -0.215314 0.402142 0.515745
v 0.365299 0.309534 0.739203
v 0.365286 0.343441 0.715383
v 0.479022 0.404586 0.692928
v 0.564923 0.340077 0.509759
v 0.486776 0.356366 0.307102
v -0.433515 0.375096 0.465708
v -0.530912 0.402150 -0.195769
v -0.528729 0.387225 -0.215761
v -0.530119 0.392275 -0.316408
v -0.509347 0.368748 -0.556762
v -0.326285 0.348160 -0.647199
v -0.202532 0.348953 -0.654545
v -0.108107 0.012323 -0.595816
v 0.488842 0.009102 0.595158
v 0.246607 0.059414 0.908025
v 0.365398 0.227205 0.797014
v 0.387316 0.412163 0.686408
v 0.557611 0.363848 0.543575
v 0.552090 0.344876 0.457439
v 0.502369 0.339490 0.183848
v 0.488726 0.356309 0.450697
v 0.134217 0.389006 0.513731
v 0.100081 0.402037 0.515680
v -0.029932 0.402088 0.515657
v -0.358681 0.372146 0.477002
v 0.205657 0.156914 0.857999
v -0.299618 0.349245 -0.654168
v -0.199704 0.339897 -0.660219
v 0.505468 0.016863 0.415551
v 0.226572 0.104514 0.896139
v 0.329383 0.119694 0.884893
v 0.364836 0.281255 0.758579
v 0.551702 0.372316 0.638868
v 0.546201 0.340050 0.371652
v 0.546939 0.340462 0.281807
v 0.482311 0.360530 0.450880
v 0.254689 0.380617 0.507596
v -0.519745 0.385338 0.462348
v -0.530868 0.402204 0.001898
v -0.314760 0.340050 -0.639703
v -0.382500 0.024863 -0.616655
v 0.090516 0.001058 -0.563411
v 0.303739 0.000041 -0.554415
v 0.472649 0.003447 -0.116345
v 0.068020 0.099898 0.915201
v 0.279082 0.201371 0.821977
v 0.364013 0.258427 0.774529
v 0.319505 0.371932 0.695285
v 0.469266 0.414300 0.670129
v 0.513234 0.353906 0.519240
v -0.521676 0.377267 -0.340460
v -0.478919 0.360060 -0.563602
v -0.369902 0.356659 -0.562630
v -0.369703 0.356026 -0.654167
v -0.269017 0.339768 -0.660270
v 0.381148 0.028947 0.887431
v 0.138187 0.063692 0.909446
v 0.160908 0.109032 0.902645
v 0.316586 0.133461 0.875377
v 0.330390 0.168322 0.849148
v 0.177815 0.390831 0.689910
v 0.519809 0.345372 0.514844
v 0.530756 0.355897 0.497348
v -0.111855 0.402119 0.515728
v -0.498155 0.374253 0.475445
v -0.526856 0.395406 0.185726
v -0.530159 0.392534 -0.042609
v 0.453535 0.000209 0.130143
v -0.368498 0.339084 -0.604561
v -0.408773 0.348478 -0.647378
v 0.024958 0.000605 -0.561363
v 0.170136 -0.000000 -0.552445
v 0.461867 0.000490 0.819982
v 0.306666 0.371129 0.695536
v 0.313343 0.377216 0.504013
v 0.070182 0.391971 0.514634
v -0.151422 0.402175 0.515838
v -0.422134 0.372134 0.479376
v -0.531355 0.402287 0.049256
v -0.301643 0.339229 -0.605036
v -0.367880 0.350043 -0.653916
v -0.451393 0.339041 -0.604162
v 0.429720 0.004238 0.849359
v 0.316994 0.152780 0.861364
v 0.536963 0.387869 0.573105
v 0.530492 0.352156 0.529202
v 0.492679 0.353226 0.529462
v 0.501854 0.355909 0.517223
v 0.502678 0.339600 0.296308
v 0.472263 0.360230 0.466160
v 0.420101 0.360097 0.468805
v -0.067271 0.389797 0.513886
v -0.284304 0.386036 0.504288
v -0.527612 0.385197 -0.123553
v -0.374813 0.340422 -0.640140
v -0.287567 0.110322 -0.660318
v -0.421991 0.052809 -0.642062
v 0.473179 0.003584 0.314618
v -0.530958 0.402238 0.170820
v 0.468504 0.002444 0.752327
v 0.217215 0.118970 0.885549
v 0.284447 0.371699 0.695207
v 0.253306 0.371795 0.695289
v 0.125501 0.390925 0.690312
v 0.400730 0.421883 0.633965
v 0.525370 0.343259 0.499604
v 0.331486 0.366305 0.486765
v -0.003451 0.391299 0.514456
v -0.518803 0.374840 -0.450821
v -0.469324 0.074411 -0.653802
v 0.473195 0.003655 0.147084
v 0.091029 0.060294 0.908421
v 0.003226 0.109391 0.903353
v 0.076525 0.109551 0.904579
v 0.245810 0.168807 0.848770
v 0.357392 0.422213 0.634606
v 0.177084 0.377397 0.504291
v -0.530788 0.401805 0.353637
v 0.407100 0.358524 0.469658
v -0.345107 0.339971 -0.660139
v -0.468251 0.031177 -0.624381
v 0.483020 0.001869 0.471598
v 0.156355 0.104022 0.895139
v 0.203707 0.135390 0.873627
v 0.284003 0.195898 0.816787
v 0.191649 0.371970 0.695192
v 0.451659 0.419048 0.632372
v 0.475764 0.347908 0.527628
v -0.454383 0.107899 -0.660223
v 0.535373 0.340351 0.487255
v 0.448516 0.360167 0.469159
v -0.471490 0.356116 -0.653881
v 0.462706 0.000824 0.595103
v 0.155838 0.409551 0.691268
v 0.407100 0.359866 0.469099
v 0.406317 0.359195 0.468875
v 0.405535 0.359866 0.469210
vn -0.9999 -0.0018 -0.0172
vn -0.9999 0.0092 -0.0049
vn -1.0000 0.0074 -0.0024
vn -1.0000 0.0054 -0.0014
vn -0.9941 0.0295 -0.1046
vn -1.0000 0.0028 -0.0007
vn -1.0000 0.0050 -0.0048
vn -1.0000 0.0042 -0.0013
vn -0.9977 -0.0674 0.0013
vn -0.1574 0.6015 0.7832
vn -0.1308 0.6115 0.7804
vn -0.1010 0.5581 0.8236
vn 0.1768 -0.8021 0.5704
vn 0.9424 0.2705 0.1967
vn -0.0480 0.5497 0.8340
vn 0.0063 0.6491 0.7607
vn -0.0052 0.6146 0.7888
vn -0.0336 0.5748 0.8176
vn -0.0183 0.5988 0.8007
vn 0.0861 0.6334 0.7690
vn 0.0346 0.5750 0.8174
vn 0.1793 -0.8820 0.4359
vn 0.8275 -0.5614 -0.0000
vn 0.8276 -0.5614 -0.0000
vn 0.8270 -0.5622 -0.0000
vn 0.0489 0.5552 0.8303
vn 0.0209 0.5506 0.8345
vn 0.0551 0.5421 0.8385
vn 0.0406 0.5757 0.8166
vn 0.7039 0.5960 0.3863
vn 0.0223 0.5765 0.8168
vn 0.0364 0.5875 0.8084
vn 0.0315 0.4874 0.8726
vn 0.8146 -0.2542 0.5213
vn 0.0097 0.4183 0.9083
vn 0.9058 -0.3700 0.2064
vn -0.0420 0.5723 0.8190
vn -0.0080 0.5247 0.8512
vn -0.2007 0.3518 0.9143
vn 0.9141 0.3936 0.0975
vn 0.9816 0.1788 -0.0663
vn 0.4253 -0.8295 0.3619
vn 0.1160 -0.3545 0.9278
vn -0.0088 0.6158 0.7878
vn -0.0012 0.0796 -0.9968
vn -0.0003 0.0763 -0.9971
vn -0.0003 0.0871 -0.9962
vn 0.0794 0.6023 0.7943
vn 0.0570 0.5469 0.8353
vn 0.0930 0.5614 0.8223
vn -0.0216 0.5738 0.8187
vn -0.0117 -0.3363 0.9417
vn 0.0961 0.5614 0.8219
vn 0.0215 0.6157 0.7877
vn 0.0815 0.5522 0.8297
vn 0.5977 -0.3637 0.7145
vn -0.9057 -0.2854 -0.3136
vn 0.0451 0.6350 0.7712
vn 0.0400 0.6516 0.7575
vn -0.5259 0.6124 0.5903
vn 0.7094 -0.5048 0.4918
vn 0.0053 0.5949 0.8037
vn 0.0015 0.5724 0.8200
vn 0.0080 0.5829 0.8125
vn 0.9785 -0.1244 0.1645
vn 0.0520 0.5885 0.8068
vn 0.1516 0.6084 0.7790
vn 0.1190 0.6054 0.7870
vn -0.0634 0.3021 0.9512
vn -0.0610 0.3835 0.9215
vn -0.0382 0.5289 0.8478
vn -0.1306 0.6047 0.7856
vn -0.0618 0.5517 0.8318
vn 0.0439 0.5974 0.8007
vn 0.1953 -0.4032 0.8940
vn 0.0076 0.5763 0.8172
vn -0.0084 0.5773 0.8165
vn -0.0585 0.6390 0.7669
vn 0.5725 0.4472 0.6873
vn 0.2588 0.8624 -0.4351
vn 0.7945 -0.5522 0.2527
vn 0.0218 -0.8731 0.4871
vn -0.0717 0.5115 0.8563
vn 0.9506 0.2934 0.1011
vn 0.0210 0.5089 0.8606
vn 0.0013 0.4738 0.8806
vn 0.0170 0.5028 0.8642
vn 0.5668 0.1860 0.8026
vn 0.4892 -0.3220 -0.8105
vn -0.0645 0.6234 0.7792
vn -0.0721 0.6134 0.7864
vn 0.0279 0.6553 0.7548
vn -0.2964 0.4103 0.8625
vn -0.0473 0.7007 0.7119
vn -0.0147 0.6721 0.7403
vn 0.0239 0.6128 0.7899
vn -0.1058 0.6204 0.7771
vn -0.0281 0.5748 0.8178
vn 0.0372 0.6415 0.7662
vn 0.0593 0.6034 0.7952
vn -0.1007 -0.9939 0.0455
vn 0.0046 0.5993 0.8005
vn 0.8984 -0.1224 0.4217
vn 0.7198 -0.6132 0.3254
vn 0.9535 -0.2658 -0.1421
vn 0.0451 0.5834 0.8109
vn 0.0130 0.5713 0.8207
vn 0.0078 0.5728 0.8197
vn 0.2458 -0.3209 0.9146
vn -0.0510 0.5764 0.8156
vn 0.9461 0.3227 0.0268
vn 0.0528 0.6429 0.7641
vn -0.0311 0.6122 0.7901
vn 0.0102 0.5895 0.8077
vn 0.1500 -0.7909 0.5932
vn 0.1120 0.6274 0.7706
vn 0.0282 0.6378 0.7697
vn -0.0871 0.5961 0.7981
vn -0.1298 0.4774 0.8691
vn -0.0364 0.5713 0.8199
vn 0.9487 -0.3157 0.0179
vn 0.5461 -0.4256 0.7216
vn 0.5444 -0.4398 0.7143
vn 0.5506 -0.3795 0.7435
vn -0.0015 0.6366 0.7712
vn 0.8349 0.3590 0.4173
vn 0.0431 0.6264 0.7783
vn 0.0367 0.6577 0.7524
vn 0.8416 0.2078 -0.4986
vn 0.5525 -0.3527 0.7552
vn 0.6337 0.7620 -0.1329
vn -0.0373 0.6743 0.7375
vn 0.0060 0.6667 0.7453
vn 0.0012 0.6758 0.7371
vn -0.0017 0.6363 0.7714
vn -0.0023 -0.5146 -0.8574
vn 0.0017 -0.4023 -0.9155
vn 0.0004 -0.2798 -0.9601
vn -0.0089 0.1367 0.9906
vn -0.0000 0.0645 0.9979
vn 0.0197 0.3196 0.9474
vn -0.9924 0.1229 0.0013
vn -0.9614 0.2750 0.0009
vn -0.9925 0.1224 0.0013
vn 0.0238 0.2145 0.9764
vn 0.0027 0.7565 -0.6539
vn 0.0051 0.7566 -0.6539
vn 0.0051 0.7566 -0.6538
vn -0.8332 -0.0106 0.5529
vn -0.7981 -0.0049 0.6025
vn -0.8086 0.0003 0.5883
vn -0.7919 -0.0044 0.6106
vn -0.4797 0.0219 0.8772
vn -0.5055 0.0244 0.8625
vn -0.4179 0.0042 0.9085
vn 0.8434 0.5313 -0.0804
vn -0.8287 -0.5548 -0.0741
vn -0.8346 -0.5462 -0.0714
vn -0.8179 -0.5592 -0.1353
vn -0.8234 -0.5485 -0.1454
vn 0.5766 -0.8144 -0.0649
vn 0.0734 0.9877 0.1378
vn -0.0019 -0.9999 0.0103
vn -0.0014 -0.9999 0.0103
vn -0.0005 -0.9999 0.0115
vn -0.0000 -0.8516 -0.5242
vn -0.0000 -0.8516 -0.5243
vn 0.0172 -0.7341 -0.6788
vn 0.0040 -0.8424 -0.5389
vn -0.0000 1.0000 -0.0000
vn 0.0004 1.0000 -0.0000
vn -0.0028 0.9998 -0.0180
vn -0.0001 1.0000 -0.0038
vn 0.0003 0.1317 -0.9913
vn 0.0015 0.1414 -0.9899
vn 0.0011 0.1574 -0.9875
vn -0.0015 1.0000 -0.0010
vn -0.0000 1.0000 -0.0003
vn 0.0004 1.0000 0.0005
vn 0.0002 1.0000 0.0001
vn 0.0007 1.0000 -0.0007
vn -0.0000 -0.9239 -0.3827
vn -0.0000 -0.9239 0.3827
vn -0.2706 -0.9239 -0.2706
vn 0.2706 -0.9239 0.2706
vn 0.6167 0.7870 -0.0158
vn 0.5724 0.8200 -0.0000
vn 0.5980 0.8015 -0.0091
vn -0.0000 1.0000 0.0099
vn 0.0008 1.0000 -0.0026
vn 0.0007 1.0000 -0.0046
vn 0.0039 1.0000 -0.0034
vn 0.0011 1.0000 0.0002
vn -0.0015 1.0000 0.0002
vn -0.0001 1.0000 0.0001
vn -0.0009 1.0000 0.0009
vn -0.0016 1.0000 -0.0006
vn -0.0013 1.0000 0.0001
vn -0.0010 1.0000 -0.0001
vn -0.0001 1.0000 -0.0001
vn -0.0000 1.0000 -0.0020
vn -0.0000 0.0004 1.0000
vn -0.0001 0.0004 1.0000
vn 0.0019 0.0007 1.0000
vn 0.0008 1.0000 0.0006
vn -0.0002 1.0000 -0.0003
vn 0.0010 1.0000 -0.0017
vn -0.0000 1.0000 0.0036
vn 0.0001 1.0000 0.0045
vn 0.0002 1.0000 0.0004
vn -0.0000 1.0000 0.0008
vn 0.0001 1.0000 -0.0001
vn 0.0003 1.0000 0.0004
vn -0.0001 1.0000 0.0006
vn 0.0002 1.0000 0.0006
vn -0.0031 1.0000 0.0007
vn -0.0000 1.0000 0.0002
vn -0.0023 1.0000 -0.0001
vn 0.0002 1.0000 0.0002
vn -0.0000 1.0000 0.0003
vn -0.0004 1.0000 -0.0003
vn -0.0002 1.0000 0.0008
vn -0.0006 1.0000 0.0016
vn -0.0004 1.0000 0.0016
vn 0.0001 1.0000 0.0006
vn -0.0000 1.0000 0.0019
vn 0.0006 1.0000 0.0011
vn 0.9103 -0.4081 0.0693
vn -0.0199 0.9998 -0.0070
vn 0.0009 1.0000 0.0006
vn 0.0009 1.0000 -0.0000
vn -0.0011 1.0000 -0.0011
vn 0.0008 1.0000 -0.0011
vn 0.0003 1.0000 0.0007
vn 0.0020 1.0000 0.0005
vn 0.0011 1.0000 -0.0000
vn -0.0005 1.0000 0.0003
vn 0.0004 1.0000 0.0009
vn 0.0031 1.0000 0.0015
vn -0.0014 1.0000 -0.0014
vn 0.0007 1.0000 -0.0005
vn 0.0008 1.0000 0.0004
vn 0.0050 1.0000 0.0010
vn 0.0019 1.0000 -0.0046
vn 0.0028 0.9998 0.0189
vn -0.0023 1.0000 -0.0000
vn 0.0012 1.0000 0.0007
vn -0.0006 1.0000 0.0008
vn 0.0007 1.0000 0.0015
vn 0.0001 1.0000 0.0010
vn -0.0007 1.0000 0.0008
vn -0.0004 1.0000 0.0002
vn 0.0009 1.0000 -0.0002
vn 0.0011 1.0000 0.0006
vn 0.0006 1.0000 -0.0002
vn 0.0010 1.0000 0.0007
vn -0.0011 1.0000 0.0007
vn -0.0001 1.0000 0.0004
vn 0.1410 0.9900 -0.0000
vn 0.0628 0.9980 0.0051
vn 0.0143 0.9998 -0.0159
vn -0.0004 1.0000 0.0006
vn -0.0739 0.9972 0.0140
vn -0.0140 0.9998 -0.0136
vn -0.0000 0.9939 -0.1103
vn -0.0006 1.0000 -0.0000
vn 0.0002 1.0000 0.0007
vn -0.0015 1.0000 0.0008
vn 0.0005 1.0000 0.0010
vn 0.0002 1.0000 0.0011
vn -0.0001 1.0000 0.0012
vn -0.0008 1.0000 -0.0001
vn 0.0027 1.0000 0.0008
vn -0.0002 1.0000 0.0007
vn 0.0008 1.0000 0.0024
vn -0.0008 1.0000 0.0024
vn -0.0000 -0.0019 1.0000
vn -0.0000 -0.0004 1.0000
vn -0.0008 -0.0023 1.0000
vn 0.0032 1.0000 0.0010
vn -0.0001 1.0000 0.0003
vn -0.0001 1.0000 0.0007
vn -0.0045 1.0000 0.0019
vn -0.0000 1.0000 -0.0001
vn 0.0002 1.0000 0.0003
vn -0.0026 1.0000 0.0002
vn 0.0002 1.0000 0.0005
vn 0.0004 1.0000 0.0010
vn -0.0000 1.0000 0.0001
vn 0.0003 1.0000 0.0001
vn 0.0037 1.0000 0.0003
vn 0.0010 1.0000 -0.0004
vn -0.0007 1.0000 -0.0003
vn -0.0008 1.0000 -0.0002
vn -0.0003 1.0000 -0.0001
vn 0.0012 1.0000 -0.0005
vn -0.0000 1.0000 0.0005
vn 0.0012 1.0000 -0.0001
vn -0.0002 1.0000 0.0010
vn -0.0002 1.0000 0.0014
vn -0.0004 1.0000 0.0017
vn -0.0001 1.0000 -0.0000
vn -0.0001 1.0000 0.0016
vn 0.0010 1.0000 0.0010
vn 0.0001 1.0000 -0.0000
vn -0.0031 1.0000 0.0006
vn -0.0005 1.0000 -0.0000
vn -0.0072 1.0000 0.0011
vn -0.0000 0.0002 -1.0000
vn -0.0073 0.0011 -1.0000
vn 0.0001 1.0000 0.0003
vn 0.0016 1.0000 0.0004
vn 0.0051 1.0000 0.0069
vn -0.0003 1.0000 -0.0000
vn -0.0003 1.0000 0.0001
vn -0.0001 1.0000 0.0002
vn 0.0001 1.0000 0.0004
vn -0.0006 1.0000 -0.0003
vn 0.0010 1.0000 0.0018
vn 0.0001 1.0000 0.0013
vn -0.0000 0.9999 0.0117
vn -0.0000 -0.0000 -1.0000
vn -0.0002 1.0000 0.0003
vn 0.0003 1.0000 -0.0001
vn -0.0003 1.0000 -0.0006
vn -0.0000 0.0004 -1.0000
vn 0.0002 0.0005 -1.0000
vn -0.0002 -0.0006 -1.0000
vn -0.0002 1.0000 -0.0020
vn 0.0003 1.0000 -0.0000
vn 0.0003 1.0000 0.0002
vn 0.0011 1.0000 0.0003
vn 0.0006 1.0000 -0.0001
vn 0.0001 1.0000 0.0001
vn -0.0000 1.0000 -0.0005
vn -0.0024 1.0000 -0.0006
vn -0.0003 1.0000 -0.0010
vn 0.0019 1.0000 -0.0000
vn 0.0001 1.0000 0.0002
vn 0.0011 1.0000 0.0001
vn 0.0012 1.0000 0.0003
vn 0.0006 1.0000 -0.0005
vn 0.0006 1.0000 0.0002
vn -0.0009 1.0000 -0.0000
vn -0.0017 1.0000 -0.0005
vn -0.0002 1.0000 0.0004
vn 0.0010 1.0000 -0.0002
vn 0.0015 1.0000 0.0006
vn -0.0004 1.0000 -0.0004
vn 0.0076 1.0000 0.0001
vn -0.0001 1.0000 -0.0009
vn 0.0039 0.9999 -0.0159
vn 0.0002 1.0000 -0.0000
vn -0.0288 0.9996 -0.0018
vn -0.0218 0.9997 -0.0106
vn -0.0175 0.9998 -0.0012
vn 0.0067 1.0000 0.0003
vn -0.0016 1.0000 -0.0000
vn 0.0014 1.0000 0.0003
vn 0.0009 1.0000 0.0008
vn -0.0010 1.0000 0.0014
vn -0.0012 1.0000 -0.0005
vn -0.0010 1.0000 -0.0002
vn -0.0001 1.0000 0.0010
vn -0.0005 1.0000 0.0001
vn -0.0014 1.0000 0.0007
vn -0.0020 1.0000 0.0021
vn -0.0019 1.0000 0.0005
vn -0.0032 1.0000 0.0009
vn -0.0005 1.0000 -0.0004
vn 0.0009 1.0000 0.0012
vn -0.0004 1.0000 -0.0002
vn 0.0001 1.0000 -0.0009
vn 0.0019 1.0000 -0.0007
vn -0.0011 1.0000 -0.0009
vn 0.0009 1.0000 0.0001
vn 0.0004 1.0000 0.0006
vn 0.0004 1.0000 -0.0003
vn -0.0027 1.0000 0.0025
vn -0.0001 1.0000 -0.0004
vn -0.0000 1.0000 -0.0004
vn -0.0010 1.0000 -0.0003
vn -0.0001 1.0000 -0.0002
vn -0.0000 -1.0000 -0.0000
vn 0.8035 0.0260 -0.5948
vn 0.7561 0.0082 -0.6544
vn 0.7928 0.0204 -0.6092
vn 0.9487 -0.0080 -0.3162
vn 0.9570 -0.0382 -0.2874
vn 0.9545 -0.0263 -0.2970
vn 0.5752 0.0073 -0.8180
vn -0.0004 1.0000 0.0011
vn -0.0019 1.0000 0.0006
vn 0.0003 1.0000 0.0005
vn 0.0011 1.0000 -0.0009
vn 0.9362 -0.0059 -0.3513
vn -0.0021 1.0000 -0.0009
vn 0.0244 0.9996 0.0169
vn -0.0006 1.0000 0.0005
vn 0.7071 -0.0000 -0.7071
vn 0.6124 0.5000 -0.6123
vn 0.5528 -0.6235 -0.5529
vn -0.0000 1.0000 -0.0002
vn -0.0010 1.0000 0.0008
vn -0.0007 1.0000 -0.0000
vn -0.0027 1.0000 -0.0021
vn 0.0041 1.0000 -0.0012
vn 0.9342 -0.0073 -0.3567
vn 0.0004 1.0000 0.0001
vn -0.0015 1.0000 -0.0012
vn 0.0001 1.0000 -0.0004
vn -0.0008 1.0000 -0.0005
vn -0.0002 1.0000 -0.0001
vn 0.0009 1.0000 0.0005
vn 0.0003 1.0000 -0.0005
vn -0.0011 1.0000 -0.0006
vn 0.0003 1.0000 -0.0003
vn 0.0010 1.0000 0.0005
vn 0.0049 1.0000 0.0031
vn 0.6205 -0.0272 -0.7837
vn -0.0016 1.0000 0.0001
vn -0.0013 1.0000 0.0006
vn -0.0110 0.9999 -0.0004
vn 0.4500 0.0073 -0.8930
vn 0.4670 0.0118 -0.8842
vn 1.0000 0.0054 0.0004
vn 1.0000 0.0039 -0.0005
vn 1.0000 0.0008 -0.0008
vn 0.0002 1.0000 -0.0008
vn 0.0014 1.0000 -0.0001
vn 0.5395 -0.0228 -0.8417
vn 1.0000 0.0006 -0.0017
vn 0.0022 1.0000 0.0015
vn -0.0000 0.0019 1.0000
vn -0.0001 0.0003 1.0000
vn 0.0023 -0.0015 1.0000
vn -0.0009 1.0000 0.0001
vn -0.0000 -0.0000 1.0000
vn -0.0002 1.0000 -0.0002
vn 0.0008 1.0000 -0.0008
vn 1.0000 0.0042 -0.0000
vn 0.3716 0.0089 -0.9284
vn 0.0008 1.0000 0.0010
vn 0.0003 1.0000 0.0015
vn 0.0007 1.0000 0.0009
vn 0.9998 0.0210 0.0004
vn -0.0000 1.0000 -0.0042
vn -0.9749 -0.2226 -0.0000
vn 0.8660 -0.5000 -0.0000
vn -0.0003 1.0000 0.0007
vn 0.9538 -0.0160 -0.3001
vn 0.9719 -0.0065 -0.2354
vn 0.9559 -0.0150 -0.2933
vn 0.1594 0.0440 -0.9862
vn 0.0720 -0.0017 -0.9974
vn 0.1183 0.0921 -0.9887
vn 0.5263 0.0354 -0.8495
vn 0.9742 -0.0050 -0.2256
vn -0.0168 0.0138 -0.9998
vn -0.0144 0.0128 -0.9998
vn -0.0180 0.0142 -0.9997
vn 0.0403 -0.0176 -0.9990
vn -0.9834 -0.0155 0.1808
vn 0.9547 0.0154 -0.2973
vn 0.9567 0.0127 -0.2908
vn 0.9651 0.0259 -0.2607
vn 0.9991 -0.0042 0.0430
vn 1.0000 0.0014 -0.0019
vn 1.0000 0.0008 0.0022
vn 0.2528 0.0619 -0.9655
vn 0.4237 0.3483 0.8362
vn -0.6377 0.7383 -0.2199
vn -0.9979 -0.0555 0.0330
vn 0.5811 -0.8123 0.0507
vn 0.6280 0.7731 -0.0893
vn -0.6419 -0.7655 -0.0432
vn -0.3110 0.9479 0.0687
vn 0.9940 -0.0841 -0.0701
vn 0.1027 0.2501 -0.9628
vn 0.0786 0.3293 -0.9409
vn 0.1536 0.2816 -0.9472
vn -0.3559 -0.6489 -0.6725
vn -0.4086 -0.5918 -0.6948
vn -0.3560 -0.6488 -0.6725
vn 0.1396 0.2087 -0.9680
vn 0.1203 -0.4628 -0.8783
vn 0.1540 -0.4964 -0.8543
vn 0.0595 -0.3997 -0.9147
vn 0.0641 0.3696 -0.9270
vn 0.0642 0.3568 -0.9320
vn 0.0641 0.3707 -0.9266
vn 0.4618 -0.3072 -0.8321
vn 0.8221 0.3950 0.4101
vn -0.1582 -0.4252 0.8912
vn -0.0217 -0.9290 -0.3693
vn -0.0000 0.9967 -0.0816
vn -0.0000 0.9881 -0.1535
vn -0.0304 0.9942 -0.1031
vn -0.0000 0.9868 -0.1622
vn 0.0643 0.2816 -0.9574
vn 0.5478 0.5409 -0.6382
vn -0.0133 0.0123 -0.9998
vn 0.5588 0.0118 -0.8292
vn 0.5689 0.0145 -0.8223
vn 0.4936 -0.0013 -0.8697
vn 0.0356 -0.0200 0.9992
vn 0.0568 -0.0395 0.9976
vn 0.0222 -0.0084 0.9997
vn 0.0059 -0.9997 0.0242
vn 0.0347 -0.9931 0.1124
vn 0.0184 -0.9997 0.0136
vn 0.9162 -0.0106 -0.4005
vn 0.0071 1.0000 0.0043
vn 0.0093 0.9999 -0.0096
vn 0.0186 0.9989 0.0424
vn -0.9755 0.1799 0.1268
vn 0.0765 0.0611 -0.9952
vn -0.0000 -0.1534 -0.9882
vn -0.0000 -0.0813 -0.9967
vn -0.0001 -0.1575 -0.9875
vn -0.0001 0.9875 -0.1578
vn 0.1498 0.9744 -0.1676
vn 0.9970 -0.0015 0.0778
vn 0.9977 -0.0045 0.0671
vn 0.9931 0.0095 0.1170
vn 0.4697 0.0076 -0.8828
vn 0.9711 0.0703 -0.2280
vn 0.9685 0.0435 -0.2454
vn 0.0322 -0.9994 0.0146
vn 0.0202 -0.9998 0.0011
vn 0.9978 0.0659 0.0008
vn -0.0026 1.0000 -0.0005
vn -0.0008 1.0000 0.0002
vn 0.0259 -0.9996 -0.0066
vn 0.0112 -0.9999 -0.0115
vn 0.0111 0.9999 -0.0062
vn 0.0073 0.9999 0.0084
vn 0.0377 0.9956 0.0854
vn 0.0410 0.9985 -0.0352
vn -0.0141 0.9983 0.0569
vn -0.0000 0.9882 -0.1533
vn 0.0088 0.9948 0.1010
vn 0.0135 0.9863 0.1644
vn 0.9921 0.0118 0.1251
vn -0.0010 1.0000 -0.0009
vn -0.0019 1.0000 -0.0000
vn -0.0010 1.0000 0.0011
vn 0.0057 -0.9999 -0.0096
vn 0.0150 -0.9999 -0.0027
vn 0.0302 -0.0136 -0.9995
vn 0.0345 0.0044 -0.9994
vn 0.0317 0.0031 -0.9995
vn 0.0335 0.0039 -0.9994
vn 0.0306 0.0027 -0.9995
vn -0.3127 -0.6910 -0.6517
vn 0.0241 -0.3617 -0.9320
vn -0.0244 0.9996 0.0167
vn -0.0115 0.9997 -0.0223
vn 0.0211 -0.0027 0.9998
vn 0.0259 -0.0008 0.9997
vn 0.0264 0.0275 0.9993
vn 0.0212 0.0438 0.9988
vn 0.9989 -0.0047 0.0465
vn 0.0070 -1.0000 -0.0008
vn 0.0153 -0.9999 -0.0021
vn 0.0068 -1.0000 -0.0000
vn 0.0037 1.0000 0.0004
vn -0.0004 -0.9999 -0.0121
vn 0.0083 -1.0000 -0.0000
vn 0.1423 0.9897 -0.0169
vn 0.0088 0.0003 1.0000
vn 0.9993 0.0383 -0.0001
vn 0.0020 0.0039 -1.0000
vn 0.0034 0.0002 -1.0000
vn 0.0009 0.0030 -1.0000
vn 0.0084 0.0120 -0.9999
vn -0.0092 0.9998 -0.0188
vn 0.0078 -0.0000 1.0000
vn 0.0015 1.0000 0.0001
vn -0.0004 1.0000 -0.0001
vn 0.0041 -0.9999 -0.0161
vn -0.0062 -0.9991 -0.0416
vn -0.9996 0.0038 -0.0279
vn -0.9995 0.0044 -0.0305
vn -0.9996 0.0039 -0.0284
vn -0.0063 0.9997 -0.0228
vn 0.0067 0.2661 -0.9639
vn -0.0015 0.3353 -0.9421
vn -0.0019 0.3383 -0.9410
vn -0.0489 0.9559 0.2897
vn -0.2796 0.9270 0.2500
vn 0.9849 -0.1717 0.0226
vn 0.9845 -0.1712 0.0387
vn 0.9844 -0.1715 0.0388
vn -0.3902 0.9184 0.0653
vn -0.3884 0.9212 0.0213
vn -0.4210 0.9045 0.0682
vn 0.9852 -0.1701 0.0194
vn 0.7547 -0.1299 0.6430
vn 0.7334 -0.0726 0.6759
vn 0.7024 -0.0021 0.7118
vn 0.6867 0.0299 0.7263
vn 1.0000 -0.0005 0.0002
vn 0.0002 -0.0005 -1.0000
vn -0.0000 0.0006 -1.0000
vn -0.9995 0.0046 -0.0310
vn -0.0033 0.9999 -0.0158
vn 0.0016 0.9894 0.1451
vn -0.5121 0.8589 0.0022
vn -0.5348 0.7135 -0.4527
vn -0.5417 0.8404 -0.0183
vn -0.5579 0.8294 -0.0278
vn 0.7031 -0.7056 -0.0885
vn -0.0044 0.0926 0.9957
vn 1.0000 0.0086 0.0029
vn 1.0000 0.0036 0.0007
vn 1.0000 0.0044 0.0008
vn 1.0000 -0.0000 -0.0000
vn 1.0000 0.0027 -0.0001
vn 0.0107 0.9999 -0.0020
vn -0.0003 1.0000 0.0003
vn 0.0283 0.9994 -0.0207
vn 0.0019 -0.0082 -1.0000
vn 0.0038 0.9899 0.1419
vn -0.1566 0.9174 0.3658
vn 0.0139 0.9999 -0.0071
vn 0.4638 0.0109 -0.8859
vn 1.0000 0.0001 -0.0002
vn 0.0011 1.0000 -0.0003
vn 0.0040 1.0000 -0.0004
vn 0.0037 1.0000 0.0005
vn 0.0026 1.0000 -0.0001
vn 0.0016 1.0000 0.0009
vn -0.0006 -0.9998 -0.0208
vn -0.0018 0.1627 -0.9867
vn -0.2981 0.8937 0.3354
vn 0.7010 0.6923 -0.1711
vn 0.9190 -0.3118 0.2412
vn 0.0066 -1.0000 0.0001
vn -0.0004 1.0000 0.0001
vn 0.0007 1.0000 0.0007
vn -0.9999 0.0170 0.0002
vn -1.0000 -0.0000 0.0001
vn -0.9999 -0.0168 -0.0000
vn 0.1465 -0.9892 -0.0000
vn 0.0014 1.0000 -0.0005
vn 0.0001 -0.9999 -0.0164
vn -0.0008 0.9999 -0.0139
vn 0.0550 0.9978 -0.0383
vn 0.3447 0.9114 0.2249
vn 1.0000 0.0021 0.0007
vn 0.9958 0.0914 -0.0002
vn 0.0007 1.0000 -0.0000
vn -0.0004 1.0000 -0.0021
vn 0.0005 1.0000 -0.0002
vn -0.0014 1.0000 -0.0001
vn 0.0007 1.0000 0.0016
vn -0.0008 0.0018 -1.0000
vn 0.0006 0.0021 -1.0000
vn -0.0008 -0.9993 -0.0363
vn 0.0007 -0.9997 -0.0249
vn -0.0008 0.9999 -0.0144
vn 0.1016 -0.8622 -0.4963
vn -0.4065 0.8963 0.1771
vn 0.9901 -0.1355 -0.0368
vn 0.9897 -0.1407 -0.0268
vn 0.5573 -0.7614 0.3312
vn 0.3741 -0.2857 0.8823
vn -0.0001 1.0000 -0.0003
vn -0.0007 -0.0001 -1.0000
vn -0.0024 -0.0004 -1.0000
vn -0.0013 0.0001 -1.0000
vn -0.0032 0.0003 -1.0000
vn -0.0002 0.1532 -0.9882
vn 0.0050 0.8499 0.5269
vn 0.0014 0.8820 0.4712
vn 0.0119 0.8513 0.5246
vn -0.3721 0.8517 0.3688
vn -0.1684 0.9555 0.2420
vn 0.8860 -0.4549 0.0900
vn 0.0201 0.9998 0.0043
vn 0.1482 0.9889 -0.0138
vn 0.0774 0.9968 0.0185
vn 1.0000 0.0078 -0.0004
vn 1.0000 -0.0019 0.0013
vn 0.9982 0.0603 -0.0005
vn 1.0000 0.0056 -0.0006
vn 0.0049 -1.0000 -0.0005
vn 0.0062 -1.0000 0.0001
vn 0.0008 1.0000 -0.0001
vn -0.0022 0.0024 -1.0000
vn 0.0015 0.9878 0.1558
vn 0.0019 0.9887 0.1496
vn 0.0041 0.8130 0.5822
vn 0.0200 0.8603 0.5093
vn 0.0011 0.8016 0.5979
vn -0.0236 0.9990 -0.0374
vn -0.0005 0.9997 -0.0240
vn 0.9656 0.2594 0.0161
vn 0.9672 0.2537 0.0155
vn 0.9898 0.1424 0.0029
vn 0.9999 0.0124 0.0007
vn 0.9860 0.1668 -0.0014
vn 1.0000 -0.0001 0.0016
vn 0.0011 1.0000 0.0015
vn -0.0013 1.0000 -0.0031
vn 0.0017 1.0000 -0.0006
vn -0.0001 1.0000 0.0013
vn -0.0038 0.7830 0.6220
vn 0.0012 0.7924 0.6100
vn 0.0037 0.7941 0.6078
vn 0.9747 -0.2083 -0.0814
vn 0.5763 -0.8167 0.0291
vn 0.5543 -0.8321 0.0179
vn 0.5124 -0.8587 -0.0060
vn 0.2818 -0.8503 0.4445
vn 0.2885 -0.8636 0.4134
vn 0.2668 -0.8194 0.5074
vn 0.2309 0.9721 -0.0406
vn 0.0291 0.9996 -0.0011
vn 0.0049 -1.0000 -0.0004
vn 0.0069 1.0000 0.0062
vn 0.0030 1.0000 0.0005
vn 0.0045 1.0000 0.0053
vn 0.0080 0.9996 0.0273
vn -0.2368 -0.1493 -0.9600
vn 0.0023 1.0000 -0.0022
vn 0.0019 1.0000 0.0001
vn 0.0018 1.0000 0.0027
vn -0.0029 1.0000 0.0009
vn -0.0006 1.0000 0.0007
vn 0.0018 0.9878 0.1560
vn -0.0000 0.0981 -0.9952
vn -0.0008 0.0174 -0.9998
vn -0.0018 -0.0637 -0.9980
vn 0.7957 -0.4191 -0.4372
vn 0.8066 -0.4022 -0.4332
vn 0.8559 -0.3148 -0.4102
vn 0.8698 -0.2862 -0.4020
vn 0.2956 -0.8773 0.3780
vn 0.6868 -0.7269 -0.0027
vn 0.6855 -0.7281 -0.0030
vn 0.6855 -0.7280 -0.0030
vn -0.5024 0.8646 -0.0058
vn -0.5034 0.8641 -0.0059
vn -0.5023 0.8647 -0.0058
vn -0.2981 0.8514 -0.4316
vn 0.8404 0.5419 0.0036
vn 0.9321 0.3623 -0.0000
vn 0.8517 0.5240 0.0033
vn -0.9311 -0.3648 -0.0000
vn -0.9322 -0.3620 -0.0000
vn -0.9318 -0.3629 -0.0000
vn -0.9321 -0.3621 -0.0000
vn -1.0000 -0.0000 -0.0000
vn 0.8151 0.5793 -0.0000
vn 0.8304 0.5572 0.0022
vn 0.0092 1.0000 0.0017
vn 0.8945 0.4470 -0.0033
vn -0.0027 0.0031 -1.0000
vn -0.0007 -0.9999 -0.0150
vn 0.0007 -0.0015 -1.0000
vn 0.0034 0.9999 -0.0130
vn -0.0018 -0.0681 -0.9977
vn -0.0008 0.0129 -0.9999
vn -0.0015 -0.0704 -0.9975
vn -0.0000 0.0591 0.9983
vn 0.0921 0.3052 -0.9478
vn 0.0683 0.3294 -0.9417
vn 0.1791 0.2123 -0.9606
vn -0.0000 -0.7819 -0.6234
vn -0.0000 -0.7817 -0.6236
vn -0.0000 -0.7815 -0.6239
vn -0.0000 -0.7815 -0.6240
vn -0.0000 0.7811 0.6244
vn 0.0084 0.8456 0.5337
vn 0.0037 0.7932 0.6089
vn 0.0084 0.8464 0.5325
vn 0.6236 0.0302 -0.7811
vn 0.5835 -0.8095 -0.0647
vn 0.4074 -0.9105 -0.0703
vn 0.4955 -0.8686 -0.0078
vn -0.2452 0.9694 0.0140
vn 0.9992 0.0393 -0.0057
vn 0.9980 0.0626 -0.0000
vn 0.9964 0.0840 0.0071
vn 0.9965 0.0837 0.0071
vn 0.9783 0.2030 0.0417
vn 0.0075 1.0000 0.0006
vn 0.9973 0.0706 -0.0177
vn 1.0000 0.0066 0.0003
vn 1.0000 0.0007 0.0002
vn 0.8758 0.0059 0.4826
vn 0.9183 -0.0224 0.3953
vn 0.9365 -0.0047 0.3506
vn -0.0003 1.0000 0.0002
vn -0.0007 1.0000 0.0001
vn 0.0007 1.0000 -0.0004
vn 0.0007 1.0000 -0.0011
vn 0.0015 1.0000 -0.0023
vn -0.0007 1.0000 -0.0019
vn 0.0016 1.0000 0.0011
vn 0.0007 1.0000 0.0051
vn -0.0007 0.4056 -0.9141
vn 0.0029 0.7686 0.6397
vn 0.0006 0.1580 -0.9874
vn -0.0070 -0.0440 -0.9990
vn 0.3470 -0.4186 -0.8393
vn 0.6284 -0.6652 -0.4033
vn 0.9711 -0.2227 -0.0858
vn 0.9964 -0.0849 0.0020
vn 0.9963 -0.0859 0.0019
vn 0.9954 -0.0959 0.0005
vn -0.0133 0.9999 -0.0045
vn -0.0297 0.9996 0.0015
vn 0.9080 -0.0358 0.4175
vn 0.8153 0.0241 0.5785
vn 0.9207 -0.0481 0.3872
vn -0.0000 1.0000 0.0034
vn -0.0001 1.0000 -0.0006
vn 0.0008 -0.0021 -1.0000
vn -0.0000 0.0018 -1.0000
vn 0.0003 0.0367 -0.9993
vn -0.0004 0.0749 -0.9972
vn -0.0093 -0.0715 -0.9974
vn -0.5062 0.8624 -0.0020
vn 0.5073 0.8618 0.0020
vn 0.5753 0.8179 0.0018
vn 0.5109 0.8597 0.0022
vn 0.0036 1.0000 0.0008
vn 1.0000 0.0021 0.0052
vn 1.0000 0.0013 0.0026
vn -0.0005 1.0000 -0.0008
vn 0.0011 1.0000 0.0009
vn -0.0127 0.9999 -0.0088
vn -0.0072 0.0078 -0.9999
vn 0.0013 0.9999 -0.0143
vn -0.0029 0.8411 0.5408
vn -0.0055 0.7693 0.6389
vn -0.0074 -0.0728 -0.9973
vn -0.0063 -0.5923 -0.8057
vn 0.0068 -0.4506 -0.8927
vn 0.0191 -0.6168 -0.7869
vn 0.2124 0.1750 -0.9614
vn 0.4781 -0.8660 -0.1463
vn -0.0643 0.9948 -0.0786
vn 0.9881 0.1540 -0.0008
vn -0.9239 -0.0000 0.3827
vn -0.9239 -0.0000 -0.3827
vn -0.9239 -0.2706 0.2706
vn -0.6824 -0.7310 -0.0000
vn -0.9976 -0.0687 -0.0000
vn 0.5726 0.8198 -0.0000
vn 0.5754 0.8179 0.0018
vn 0.6013 0.7990 0.0063
vn 0.6934 0.7205 -0.0000
vn 0.9974 -0.0529 -0.0481
vn 0.9972 0.0739 -0.0084
vn 0.9932 0.1167 -0.0023
vn 0.0080 1.0000 0.0015
vn 0.0032 -0.0025 -1.0000
vn 0.0001 0.9860 0.1665
vn 0.0012 0.9865 0.1637
vn 0.9976 0.0688 -0.0000
vn 0.6823 0.7311 -0.0000
vn 0.8309 0.4780 0.2848
vn 0.8140 -0.3403 -0.4707
vn 0.9974 0.0722 0.0043
vn 0.9848 0.1736 0.0027
vn 0.9972 0.0743 0.0054
vn 0.9600 0.2800 -0.0000
vn 0.6209 0.7837 -0.0174
vn 0.0055 -1.0000 -0.0003
vn 1.0000 0.0065 0.0022
vn 0.5816 -0.0190 0.8132
vn 0.7228 0.0135 0.6910
vn 0.7064 0.0107 0.7077
vn 0.0038 0.0050 -1.0000
vn 0.0008 0.0024 -1.0000
vn 0.0016 0.0641 -0.9979
vn 0.0004 0.8555 0.5178
vn 0.0056 0.8376 0.5462
vn -0.0113 0.8512 0.5247
vn 0.9883 -0.1524 -0.0000
vn 0.9899 -0.1418 -0.0000
vn 0.9897 -0.1433 -0.0000
vn -0.9898 0.1424 -0.0000
vn -0.9896 0.1435 -0.0000
vn -0.9897 0.1431 -0.0000
vn 0.0054 -1.0000 -0.0001
vn 0.8959 -0.0207 0.4437
vn 0.0002 -0.9998 -0.0195
vn 0.0003 0.0010 -1.0000
vn -0.0016 0.9998 -0.0205
vn -0.0019 -0.1245 -0.9922
vn 0.0027 -0.6255 -0.7802
vn 0.1715 -0.7422 -0.6478
vn 0.1054 -0.8487 -0.5183
vn 0.2364 -0.8142 -0.5303
vn 0.0955 -0.9954 0.0074
vn 0.0768 -0.9969 0.0139
vn 0.0771 -0.9969 0.0140
vn 0.9988 -0.0491 -0.0000
vn 0.9950 -0.0994 -0.0004
vn -0.9898 0.1427 -0.0000
vn -0.5072 0.8618 -0.0057
vn -0.0318 0.9995 0.0040
vn 0.9911 0.1332 -0.0012
vn 0.0064 1.0000 -0.0019
vn 0.0329 0.9994 0.0100
vn 0.0076 1.0000 -0.0002
vn 0.9964 0.0848 0.0002
vn 0.0423 0.9973 0.0603
vn -0.0463 0.9989 -0.0065
vn 0.0047 0.0016 -1.0000
vn -0.0026 -0.1245 -0.9922
vn -0.0048 -0.6347 -0.7727
vn 0.2780 -0.9126 -0.2998
vn 0.7380 -0.6748 0.0031
vn 0.9952 -0.0979 -0.0000
vn 0.0979 0.9952 -0.0000
vn 0.0490 0.9988 -0.0000
vn -0.5062 0.8624 -0.0019
vn -0.5034 0.8640 -0.0000
vn -0.5630 0.8264 0.0071
vn -0.5298 0.8481 -0.0007
vn -0.0325 0.9995 0.0021
vn 1.0000 0.0078 -0.0013
vn 0.4655 -0.0017 0.8850
vn 0.0001 1.0000 -0.0005
vn 0.0002 1.0000 -0.0001
vn 0.0003 1.0000 -0.0002
vn -0.0002 1.0000 0.0002
vn 0.0007 0.9999 -0.0110
vn 0.2095 -0.9751 -0.0727
vn 0.3809 -0.9246 -0.0049
vn 0.3813 -0.9244 -0.0034
vn 0.3898 -0.9208 -0.0084
vn -0.0358 0.9994 -0.0004
vn -0.0009 1.0000 0.0015
vn -0.0015 0.4885 -0.8726
vn 0.5125 -0.8578 -0.0384
vn 0.3422 -0.9396 0.0033
vn 0.7465 -0.6654 -0.0009
vn 0.9977 -0.0677 -0.0047
vn 0.9951 -0.0992 0.0018
vn 0.9951 -0.0992 0.0016
vn -0.4968 0.8679 -0.0029
vn -0.0374 0.9993 -0.0016
vn 0.9860 0.1666 0.0009
vn 0.0070 -1.0000 -0.0001
vn 0.0096 -1.0000 0.0009
vn 0.0073 -1.0000 0.0053
vn -0.0001 -0.9999 -0.0120
vn -0.0016 -0.9999 -0.0166
vn -0.0033 -0.1769 -0.9842
vn 0.3846 -0.9231 0.0002
vn 0.9983 -0.0586 -0.0006
vn 0.7723 0.6352 -0.0000
vn -0.5107 0.8598 0.0005
vn 0.0144 0.9999 0.0013
vn 0.0087 -1.0000 -0.0009
vn 0.0010 1.0000 -0.0003
vn -0.0002 1.0000 -0.0000
vn -0.0002 1.0000 0.0001
vn 0.0002 1.0000 -0.0006
vn 0.0013 0.9999 -0.0112
vn -0.0015 0.9874 0.1582
vn 0.0021 -0.6617 -0.7498
vn 0.0037 -0.6621 -0.7494
vn 0.0118 -0.9999 -0.0025
vn 0.0142 -0.9999 0.0036
vn 0.5496 -0.0260 0.8350
vn -0.0009 1.0000 -0.0005
vn 0.0008 1.0000 0.0029
vn 0.0038 1.0000 0.0010
vn 0.0023 1.0000 -0.0000
vn -0.0094 -1.0000 0.0023
vn 0.0067 -0.0047 -1.0000
vn -0.0000 0.9717 0.2360
vn -0.0000 0.4945 0.8692
vn 0.0032 0.7025 0.7116
vn 0.0026 0.7839 0.6209
vn 0.0004 -0.1819 -0.9833
vn 0.1604 -0.9565 -0.2435
vn 0.5789 -0.0334 0.8147
vn -0.0003 1.0000 -0.0036
vn 0.0003 -0.0000 1.0000
vn -0.0003 0.0036 1.0000
vn 0.0015 1.0000 0.0007
vn 0.0006 1.0000 0.0005
vn -0.6913 0.0168 -0.7224
vn -0.5061 0.0143 -0.8624
vn -0.6400 -0.0060 -0.7684
vn -0.0145 0.9999 0.0017
vn -0.0102 0.9999 -0.0128
vn -0.0169 0.9999 -0.0014
vn 0.0005 -0.9999 -0.0135
vn 0.0172 -0.7340 -0.6789
vn 0.0107 -0.8137 -0.5812
vn 0.0095 -0.8101 -0.5863
vn -0.0000 0.8084 -0.5887
vn -0.3059 -0.0833 -0.9484
vn -0.0225 -0.4152 -0.9095
vn 0.0733 -0.3803 -0.9220
vn 0.1025 -0.3691 -0.9237
vn 0.1929 -0.3307 -0.9238
vn 0.0013 0.1542 -0.9880
vn -0.0000 0.1617 -0.9868
vn -0.0079 0.1349 -0.9908
vn -0.0000 -0.1662 -0.9861
vn -0.0000 -0.1670 -0.9860
vn -0.0000 -0.1667 -0.9860
vn -0.0000 -0.1669 -0.9860
vn 0.0163 -0.8232 -0.5676
vn 0.0176 -0.7862 -0.6178
vn 0.0015 0.0012 -1.0000
vn 0.0024 0.9999 -0.0123
vn -0.0028 -0.0964 -0.9953
vn -0.0065 0.1100 -0.9939
vn 0.0001 -0.0153 -0.9999
vn -0.0000 0.5007 0.8656
vn -0.0030 0.8433 0.5375
vn 0.0018 -0.6741 -0.7386
vn 0.3346 -0.9423 0.0111
vn -0.0283 -0.9996 -0.0000
vn 0.9984 -0.0566 -0.0000
vn 0.9943 -0.1056 -0.0141
vn 0.9986 0.0520 -0.0022
vn 0.0138 0.9999 0.0010
vn 1.0000 0.0081 -0.0006
vn 1.0000 0.0053 0.0019
vn 0.0111 -0.9999 0.0035
vn -0.0001 -0.0000 -1.0000
vn 0.0001 -0.0004 -1.0000
vn -0.0004 0.0007 -1.0000
vn -0.0073 -0.8075 -0.5899
vn -0.0034 0.0247 -0.9997
vn 0.0134 0.1645 -0.9863
vn -0.0176 0.0500 -0.9986
vn 0.0050 0.1518 -0.9884
vn 0.0050 0.1519 -0.9884
vn 0.0008 0.1606 -0.9870
vn -0.0088 0.1717 -0.9851
vn 0.0028 0.1452 -0.9894
vn 0.0032 0.1443 -0.9895
vn 0.0013 0.1543 -0.9880
vn -0.0032 0.6747 -0.7381
vn -0.0265 0.3900 -0.9205
vn 0.0027 0.0026 -1.0000
vn -0.0010 0.0020 -1.0000
vn -0.0046 -0.1079 -0.9942
vn 0.0008 -0.1204 -0.9927
vn -0.0000 -0.1184 -0.9930
vn 0.0044 -0.1323 -0.9912
vn 0.0041 -0.9499 -0.3125
vn 0.0021 -0.9087 -0.4174
vn 0.9996 -0.0283 -0.0000
vn 0.7268 0.6869 -0.0000
vn -0.9996 0.0283 -0.0000
vn -0.9239 0.2706 -0.2706
vn 0.7692 0.6390 -0.0000
vn 0.7694 0.6387 -0.0000
vn 0.7696 0.6386 -0.0000
vn -0.0367 0.9993 -0.0006
vn 0.9997 0.0255 0.0006
vn 0.3306 0.0089 0.9437
vn 0.3333 0.0095 0.9428
vn 0.0012 -0.0012 -1.0000
vn 0.0088 -0.0009 -1.0000
vn -0.0004 -0.0017 -1.0000
vn 0.0141 0.8243 0.5659
vn -0.0002 -0.9432 -0.3321
vn 0.5650 -0.8174 -0.1124
vn 0.8689 -0.4950 -0.0022
vn 0.8579 -0.5137 -0.0050
vn 0.8493 -0.5278 0.0050
vn 0.0565 0.9984 -0.0000
vn 0.0283 0.9996 -0.0000
vn 0.7698 0.6383 -0.0000
vn -0.0373 0.9993 -0.0004
vn 1.0000 0.0068 0.0066
vn 0.0090 -0.9999 0.0067
vn -0.0010 1.0000 0.0015
vn -0.0006 1.0000 -0.0001
vn -0.4471 -0.0005 -0.8945
vn -0.3222 0.0103 -0.9466
vn -0.0012 -0.0070 -1.0000
vn -0.0023 -0.9000 -0.4359
vn 0.7711 0.6368 -0.0000
vn 0.0085 1.0000 -0.0008
vn 0.0238 -0.9997 0.0077
vn 0.0002 1.0000 -0.0003
vn -0.0451 0.9990 0.0051
vn -0.0000 -0.0004 -1.0000
vn -0.0003 0.0005 -1.0000
vn -0.0006 0.9999 -0.0112
vn 0.8649 -0.5020 -0.0005
vn 0.8600 -0.5102 0.0039
vn 0.7597 -0.6503 0.0003
vn 0.7708 0.6370 -0.0000
vn -0.5053 0.8630 0.0026
vn 1.0000 0.0053 0.0040
vn 1.0000 0.0061 -0.0025
vn -0.0031 -0.9998 -0.0178
vn -0.0004 -0.0154 -0.9999
vn -0.0006 0.8355 0.5494
vn -0.0044 -0.6440 -0.7650
vn -0.0061 -0.6480 -0.7616
vn -0.0009 -0.9779 -0.2090
vn 0.9999 -0.0017 -0.0102
vn 0.7268 0.6868 -0.0000
vn -0.5054 0.8629 0.0026
vn -0.5107 0.8597 0.0004
vn -0.5107 0.8597 -0.0000
vn -0.0348 0.9994 0.0001
vn 0.0071 1.0000 -0.0002
vn 1.0000 0.0008 -0.0095
vn 1.0000 0.0059 -0.0013
vn 0.8087 -0.0031 0.5882
vn 0.8161 0.0011 0.5780
vn 0.8141 -0.0000 0.5807
vn -0.0098 -0.9997 0.0201
vn 0.0001 1.0000 -0.0029
vn 0.0007 1.0000 0.0004
vn -0.0027 0.4778 -0.8784
vn -0.0010 0.9999 -0.0116
vn -0.0019 0.2040 -0.9790
vn -0.0015 0.2034 -0.9791
vn -0.0006 -0.1523 -0.9883
vn -0.0018 -0.1493 -0.9888
vn 0.8115 -0.5844 -0.0018
vn 0.8082 -0.5890 -0.0003
vn 0.9983 -0.0586 -0.0007
vn 0.9999 -0.0016 -0.0102
vn 0.9895 -0.1442 0.0112
vn 0.3061 -0.9520 -0.0000
vn -0.5109 0.8596 0.0012
vn -0.5247 0.8513 -0.0012
vn -0.5295 0.8483 0.0001
vn -0.5506 -0.8348 -0.0000
vn 0.9364 -0.3510 0.0026
vn 0.9963 -0.0864 0.0039
vn 0.8811 0.4730 -0.0000
vn 0.8815 0.4722 -0.0000
vn 0.8810 0.4731 -0.0000
vn 0.0181 -0.9991 -0.0384
vn -0.9809 0.0034 -0.1943
vn -0.9247 0.0051 -0.3807
vn -0.9652 -0.0080 -0.2613
vn -0.7850 -0.0074 -0.6194
vn 0.0023 -0.9997 -0.0260
vn -0.0026 0.0008 -1.0000
vn 0.3527 -0.9357 0.0059
vn 0.9982 -0.0606 0.0005
vn -0.5070 0.8619 -0.0011
vn 0.9957 0.0930 0.0031
vn 0.9925 0.1218 0.0050
vn 0.9958 0.0912 0.0026
vn 0.9981 0.0614 -0.0000
vn 0.8809 0.4733 -0.0000
vn 0.8980 0.4399 -0.0009
vn 0.8925 0.4510 -0.0005
vn 0.8924 0.4512 -0.0005
vn 0.9999 0.0115 -0.0012
vn 0.4376 0.0026 -0.8992
vn 0.4244 -0.0043 -0.9055
vn 0.4326 -0.0000 -0.9016
vn 0.4192 -0.0071 -0.9079
vn 0.9997 0.0013 0.0250
vn 0.9999 0.0155 0.0004
vn 0.9999 0.0082 0.0132
vn 0.4638 0.0054 0.8859
vn 0.4473 0.0105 0.8943
vn 0.4432 0.0118 0.8964
vn 0.0093 -0.9999 -0.0137
vn -0.0016 1.0000 -0.0004
vn -0.0007 1.0000 -0.0001
vn 0.0018 0.9786 0.2056
vn 0.0049 0.9807 0.1952
vn 0.0004 0.8379 0.5458
vn 0.6001 -0.7795 -0.1797
vn 0.8769 -0.4807 0.0051
vn 0.9870 -0.1602 -0.0084
vn 0.9980 0.0630 0.0003
vn 0.9988 0.0497 -0.0022
vn -0.4947 -0.8691 -0.0000
vn 0.3051 -0.9523 -0.0000
vn -0.5102 0.8601 -0.0002
vn -0.0348 0.9994 0.0004
vn -0.0309 0.9995 -0.0000
vn 0.8829 0.4696 -0.0000
vn 0.0079 1.0000 0.0008
vn 0.9993 -0.0062 0.0381
vn -0.0003 -0.9999 0.0101
vn 0.0014 -0.0008 1.0000
vn 0.0012 -0.0011 1.0000
vn 0.0011 -0.0005 1.0000
vn -0.0007 1.0000 0.0026
vn -0.0023 1.0000 -0.0009
vn -0.0040 -0.9998 -0.0198
vn -0.0021 -0.0729 -0.9973
vn -0.0020 -0.1508 -0.9886
vn 0.0021 -0.0050 -1.0000
vn -0.0005 0.8368 0.5475
vn 0.0005 -0.6553 -0.7554
vn -0.0015 -0.6738 -0.7389
vn 0.0031 -0.8948 -0.4464
vn -0.0035 -0.8467 -0.5321
vn -0.0031 -0.8459 -0.5333
vn 0.0026 -0.8496 -0.5274
vn 0.0332 -0.8849 -0.4646
vn 0.9963 0.0853 -0.0072
vn 0.3895 -0.9210 -0.0080
vn 0.7453 -0.6667 0.0026
vn 0.9965 -0.0841 0.0008
vn 0.9980 -0.0639 0.0007
vn 0.9980 -0.0640 0.0007
vn 0.9239 0.2706 0.2706
vn 0.9239 -0.0000 0.3827
vn 0.9239 -0.0000 -0.3827
vn -0.5107 0.8598 -0.0000
vn -0.5046 0.8633 -0.0017
vn 0.9980 0.0627 0.0001
vn 0.9956 0.0940 0.0025
vn 0.9956 0.0932 0.0031
vn -0.1278 0.0213 -0.9916
vn -0.0351 -0.0116 -0.9993
vn -0.0645 -0.0012 -0.9979
vn 0.6359 -0.0028 -0.7717
vn 0.6311 -0.0056 -0.7757
vn 0.6374 -0.0008 -0.7706
vn -0.1547 0.0309 -0.9875
vn 0.6493 0.0042 -0.7605
vn 0.6517 0.0051 -0.7584
vn 0.0017 -0.0006 -1.0000
vn 0.0482 -0.9007 -0.4318
vn 0.9934 -0.1141 0.0108
vn 0.7893 -0.6140 0.0072
vn 0.3309 -0.9437 -0.0001
vn 0.9960 -0.0893 0.0019
vn 0.9523 0.3053 -0.0000
vn -0.0345 0.9994 0.0003
vn 0.0050 1.0000 -0.0001
vn 0.8068 -0.0042 0.5908
vn 0.0031 -0.9999 0.0130
vn 0.0005 -0.0001 1.0000
vn -0.7855 -0.0071 -0.6188
vn 0.0040 0.6916 -0.7223
vn 0.0003 0.8211 -0.5707
vn 0.0040 0.6923 -0.7216
vn 0.0012 0.1769 -0.9842
vn -0.0006 -0.9740 -0.2267
vn 0.7961 -0.6051 0.0095
vn 0.8064 -0.5914 0.0059
vn 0.7702 -0.6378 -0.0043
vn 0.8021 -0.5971 0.0093
vn 0.0042 1.0000 -0.0002
vn 0.4690 0.0038 0.8832
vn 0.4976 0.0198 0.8672
vn 0.7804 0.0042 0.6253
vn -0.0060 0.0002 1.0000
vn -0.0007 0.0080 1.0000
vn -0.0038 0.0031 1.0000
vn 0.0019 0.4933 0.8698
vn -0.0120 -0.9996 -0.0257
vn -0.0042 -1.0000 -0.0080
vn -0.0094 -0.8507 -0.5255
vn 0.0003 0.8215 -0.5702
vn -0.0029 0.5337 0.8456
vn -0.0024 0.5578 0.8299
vn -0.0000 0.6719 0.7407
vn -0.0000 0.6716 0.7409
vn -0.0009 -0.1376 -0.9905
vn -0.0013 -0.6788 -0.7343
vn -0.0005 -0.9069 -0.4213
vn -0.0032 -0.8406 -0.5417
vn 0.8686 0.4955 -0.0017
vn 0.7256 0.6881 -0.0031
vn 0.7623 0.6473 -0.0032
vn 0.9888 0.1484 -0.0159
vn 0.6941 0.7199 -0.0000
vn 0.7249 0.6889 -0.0017
vn 0.6942 0.7198 -0.0000
vn 0.7250 0.6887 -0.0017
vn 0.7665 0.6423 -0.0041
vn 0.7675 0.6410 -0.0041
vn 0.0064 1.0000 -0.0010
vn 0.8890 0.4578 0.0138
vn 0.9108 0.4129 0.0030
vn 0.8629 0.5054 -0.0028
vn 0.0001 -0.0000 1.0000
vn -0.9928 -0.0026 -0.1201
vn -0.4555 -0.0000 -0.8902
vn -0.5699 0.0166 -0.8215
vn -0.0003 0.0071 -1.0000
vn -0.0031 0.0095 -1.0000
vn 0.0021 0.9999 -0.0106
vn 0.0128 0.9998 -0.0155
vn -0.0024 0.5602 0.8284
vn -0.0029 0.5340 0.8455
vn -0.0030 0.5332 0.8460
vn -0.0017 -0.1794 -0.9838
vn 0.0012 -0.0209 -0.9998
vn 0.0035 -0.0944 -0.9955
vn -0.0000 0.6719 0.7406
vn 0.0006 -0.9468 -0.3217
vn -0.0042 -0.7266 -0.6871
vn 0.7385 -0.6742 0.0006
vn -0.0336 0.9994 -0.0002
vn 0.9886 0.1506 -0.0008
vn 0.5685 -0.8179 -0.0882
vn 0.9961 0.0885 -0.0000
vn 0.9944 0.1055 -0.0020
vn 0.9961 0.0886 -0.0000
vn 0.6749 0.7379 -0.0000
vn 0.9244 0.3815 -0.0000
vn 0.9244 0.3814 -0.0000
vn 0.9245 0.3811 -0.0000
vn 0.9245 0.3812 -0.0000
vn 0.9243 0.3817 -0.0000
vn 0.0057 1.0000 -0.0026
vn -0.0177 0.9998 0.0010
vn -0.0105 0.9999 -0.0011
vn 0.0605 -0.0078 0.9981
vn 0.0881 -0.0181 0.9959
vn 0.0099 0.0110 0.9999
vn -0.9999 0.0034 0.0162
vn -0.9999 0.0020 0.0130
vn -1.0000 -0.0005 0.0070
vn -1.0000 -0.0019 0.0037
vn 0.0007 -1.0000 0.0097
vn -1.0000 0.0014 0.0003
vn -1.0000 0.0014 0.0002
vn 0.0016 -1.0000 -0.0034
vn 0.0037 -1.0000 -0.0079
vn -0.7180 -0.0073 -0.6960
vn -0.7365 0.0010 -0.6765
vn -0.7315 -0.0013 -0.6819
vn 0.0014 0.1144 -0.9934
vn 0.0017 0.1721 -0.9851
vn 0.0035 -0.1629 -0.9866
vn 0.0041 -0.1637 -0.9865
vn -0.0000 -0.1628 -0.9867
vn 0.0073 -0.1672 -0.9859
vn 0.0073 -0.1673 -0.9859
vn 0.0011 -0.8383 -0.5453
vn 0.0164 -0.5758 -0.8174
vn -0.0088 -0.5300 -0.8479
vn 0.0021 -0.5381 -0.8429
vn -0.5121 0.8589 0.0001
vn 0.9885 0.1513 -0.0009
vn 0.6750 0.7378 -0.0000
vn 0.9990 0.0444 -0.0000
vn -0.0886 0.9961 -0.0000
vn 0.0001 0.0001 1.0000
vn -0.0443 0.9990 -0.0000
vn 0.9957 0.0922 0.0009
vn 0.9958 0.0920 0.0009
vn 0.9924 0.1228 0.0076
vn 0.3912 -0.9193 -0.0435
vn 0.8910 0.4540 -0.0000
vn 0.9162 0.4008 0.0009
vn 0.9140 0.4057 0.0008
vn 0.9161 0.4010 0.0009
vn 0.9162 0.4007 0.0009
vn 0.9141 0.4055 0.0008
vn 0.0088 1.0000 -0.0041
vn -0.0179 0.0214 0.9996
vn -0.0014 -0.9999 0.0104
vn -0.0008 -1.0000 0.0093
vn -1.0000 0.0011 0.0001
vn -0.9837 0.0368 -0.1761
vn -0.9621 0.0130 -0.2724
vn -0.9877 0.0429 -0.1507
vn -0.7137 -0.0092 -0.7004
vn 0.0049 0.9839 0.1788
vn 0.0009 0.9829 0.1844
vn 0.0083 -0.9048 -0.4257
vn 0.9930 0.1177 0.0038
vn 0.9835 0.1647 -0.0745
vn 0.9929 0.1152 -0.0289
vn 0.9968 0.0798 0.0055
vn 0.9994 -0.0263 0.0220
vn 0.8901 0.4557 -0.0000
vn 0.8595 0.5112 -0.0053
vn 0.1434 0.9733 0.1790
vn 0.1381 0.9726 0.1870
vn 0.1468 0.9738 0.1738
vn 0.0011 -0.0137 0.9999
vn 0.0053 -0.0120 0.9999
vn 0.0101 -0.0271 0.9996
vn -0.0104 -0.1642 0.9864
vn 0.0010 1.0000 0.0021
vn -0.0008 1.0000 -0.0023
vn 0.0018 1.0000 0.0026
vn -0.0003 -0.0000 1.0000
vn -0.0028 -1.0000 -0.0037
vn -0.0085 -1.0000 -0.0026
vn -0.0085 0.9753 0.2207
vn -0.0005 -0.9746 -0.2239
vn 0.9801 -0.1982 -0.0092
vn 0.9794 -0.2018 -0.0092
vn 0.9803 -0.1973 -0.0101
vn 0.9993 -0.0309 0.0227
vn 0.9133 0.4074 0.0011
vn -0.0006 0.0062 1.0000
vn -0.0000 -0.0001 1.0000
vn -0.0006 1.0000 0.0002
vn -0.9481 0.0015 -0.3180
vn -0.0230 0.9967 -0.0774
vn -0.0170 0.9986 -0.0505
vn -0.0178 0.9993 -0.0341
vn -0.0131 0.9998 -0.0141
vn 0.9786 0.1852 -0.0897
vn 0.2064 -0.9711 -0.1198
vn -0.9992 -0.0397 -0.0080
vn 0.2143 0.9398 0.2661
vn 0.1933 0.9120 0.3619
vn 0.2097 0.9344 0.2881
vn 0.0537 0.0064 0.9985
vn 0.1803 0.8917 0.4152
vn -0.4650 -0.8270 -0.3161
vn -0.0007 1.0000 -0.0013
vn 0.0094 0.9999 -0.0095
vn -0.0103 0.9999 0.0071
vn 0.0828 -0.1119 -0.9903
vn -0.0043 -0.1633 -0.9866
vn 0.0042 -0.5010 -0.8654
vn 0.0114 -0.4646 -0.8855
vn 0.7355 -0.6775 0.0007
vn -0.5114 0.8586 0.0350
vn -0.5442 0.8386 -0.0256
vn -0.4872 0.8733 0.0026
vn 0.1532 0.9745 0.1642
vn 0.0005 1.0000 0.0098
vn -0.0136 -0.9999 -0.0042
vn -0.0056 -1.0000 -0.0003
vn -0.0090 -1.0000 -0.0001
vn -0.0057 1.0000 -0.0030
vn -0.0080 -0.7120 -0.7021
vn 0.0173 -0.5532 -0.8328
vn 0.9781 -0.2079 0.0049
vn 0.9728 0.2317 0.0063
vn 0.9954 -0.0953 -0.0019
vn -0.0094 0.9999 -0.0052
vn -0.0097 0.9999 -0.0025
vn 0.0227 0.9997 0.0135
vn -0.0267 -0.2547 0.9666
vn -0.0064 0.0523 0.9986
vn -0.0063 0.0504 0.9987
vn -0.0009 -0.0371 0.9993
vn 0.0027 -0.8385 -0.5449
vn 0.9526 -0.3040 0.0073
vn 0.8234 -0.5674 -0.0022
vn 0.3252 -0.9457 -0.0001
vn -0.4968 0.8679 -0.0048
vn -0.0127 0.4433 0.8963
vn -0.0004 0.0055 1.0000
vn 0.0003 -0.9999 0.0111
vn -0.0038 1.0000 0.0028
vn -0.0008 1.0000 -0.0003
vn -0.7684 0.0117 0.6398
vn -0.7939 -0.0018 0.6080
vn -0.7592 0.0163 0.6506
vn 0.0015 0.8293 0.5587
vn 0.0018 -0.8391 -0.5440
vn 0.9683 0.2496 0.0012
vn 0.9605 -0.2776 0.0172
vn -0.0321 0.9995 -0.0004
vn 0.0103 -0.0490 0.9987
vn 0.0003 -0.0001 1.0000
vn 0.0008 1.0000 0.0002
vn -0.0152 -0.9999 -0.0026
vn -0.0108 -0.9999 -0.0007
vn -0.8012 -0.0057 0.5984
vn -0.9842 -0.0087 0.1766
vn -0.2500 0.1949 -0.9484
vn -0.1807 0.3283 -0.9271
vn -0.2047 0.2670 -0.9417
vn -0.8589 -0.4755 -0.1901
vn -0.0028 0.8343 0.5513
vn 0.0014 0.8254 0.5645
vn 0.0017 -0.7301 -0.6833
vn -0.0008 -0.9742 -0.2256
vn -0.0003 -0.8411 -0.5408
vn -0.0012 -0.6218 -0.7832
vn -0.0093 -0.5866 -0.8098
vn -0.0043 -0.5769 -0.8168
vn 0.0067 -0.4503 -0.8929
vn 0.9717 0.2363 0.0036
vn -0.0050 1.0000 0.0079
vn -0.5426 0.8393 0.0340
vn -0.0004 0.9999 0.0152
vn -0.0001 -0.9999 0.0107
vn -0.0245 0.9957 -0.0894
vn -0.6185 0.1341 -0.7742
vn -0.4818 -0.0661 -0.8738
vn -0.6169 0.1131 -0.7789
vn -0.5338 -0.0454 -0.8444
vn -0.3984 -0.1187 -0.9095
vn -0.3226 0.2569 -0.9110
vn -0.3093 0.2339 -0.9218
vn 0.1554 0.7545 -0.6376
vn 0.0171 0.9939 -0.1089
vn 0.0390 -0.0629 -0.9973
vn 0.0009 0.9821 0.1882
vn -0.0000 0.9904 -0.1379
vn -0.0000 0.9983 -0.0588
vn 0.0019 0.9614 -0.2750
vn -0.0000 0.9931 -0.1171
vn 0.0031 0.9671 -0.2545
vn 0.0031 0.9289 -0.3704
vn 0.0022 0.9162 -0.4007
vn 0.0019 0.9613 -0.2756
vn -0.0020 0.3755 0.9268
vn 0.0025 -0.4007 0.9162
vn 0.0104 -0.1470 -0.9891
vn 0.0072 -0.7194 -0.6946
vn 0.0089 0.1156 -0.9933
vn 0.0111 0.1143 -0.9934
vn 0.0087 0.1277 -0.9918
vn 0.7205 0.6934 -0.0055
vn 0.9616 -0.2739 0.0184
vn 0.8229 -0.5681 -0.0026
vn 0.7421 -0.6703 0.0026
vn 0.7348 -0.6783 0.0007
vn -0.0086 1.0000 -0.0021
vn -0.0139 -0.1682 0.9857
vn 0.1166 -0.1602 -0.9802
vn -0.0070 0.8325 0.5540
vn -0.0000 0.8802 -0.4746
vn -0.0202 -0.9998 -0.0000
vn 0.0031 -0.2567 -0.9665
vn -0.0000 -0.1192 -0.9929
vn -0.0000 -0.0597 -0.9982
vn -0.0000 -0.1145 -0.9934
vn -0.0000 -0.1685 -0.9857
vn 0.0033 -0.1635 -0.9865
vn -0.0042 -0.1631 -0.9866
vn 0.0094 -0.9534 -0.3017
vn -0.0020 -0.8424 -0.5388
vn -0.0018 -0.6274 -0.7787
vn -0.0071 0.1366 -0.9906
vn -0.0206 0.1131 -0.9934
vn 0.9657 0.2597 0.0070
vn 0.8649 0.5017 -0.0157
vn 0.6360 0.7717 0.0023
vn 0.9880 0.1545 -0.0039
vn 0.3266 -0.9452 -0.0000
vn 0.9953 -0.0963 -0.0025
vn -0.6264 0.7795 0.0018
vn -0.0091 0.9987 -0.0495
vn -0.0109 -0.9999 -0.0003
vn -0.0028 0.9859 0.1675
vn -0.0047 -0.1699 -0.9855
vn -0.0317 -0.2318 -0.9723
vn -0.0000 -0.1686 -0.9857
vn 0.6875 0.7261 0.0092
vn 0.6911 0.7228 0.0086
vn 0.9911 0.1329 -0.0099
vn -0.0024 0.9882 -0.1534
vn -0.0536 0.9986 -0.0008
vn -0.0519 0.9986 -0.0051
vn 0.0003 0.9998 -0.0217
vn -0.0022 0.9998 -0.0205
vn 0.0006 0.0342 0.9994
vn -0.0030 1.0000 0.0038
vn -1.0000 0.0012 -0.0007
vn 0.1063 0.9941 0.0221
vn 0.0603 0.9963 0.0616
vn 0.0690 0.9753 0.2099
vn 0.0108 0.9958 0.0904
vn 0.0024 -0.1365 -0.9906
vn 0.0051 -0.1235 -0.9923
vn 0.0011 -0.0052 -1.0000
vn 0.2465 0.9691 0.0006
vn 0.2391 0.9710 0.0023
vn 0.2186 0.9758 -0.0075
vn 0.9282 -0.3721 0.0010
vn 0.3263 -0.9453 -0.0001
vn -0.0084 0.9874 -0.1581
vn 0.0004 0.9998 0.0173
vn -0.0012 0.0072 1.0000
vn 0.0002 -1.0000 0.0099
vn -1.0000 0.0003 0.0073
vn -0.9999 0.0046 0.0124
vn -1.0000 0.0003 0.0051
vn -0.0009 -0.9635 -0.2676
vn 0.0113 -0.0126 -0.9999
vn 0.0080 0.1304 -0.9914
vn 0.9932 0.1163 -0.0004
vn 0.0042 0.9334 -0.3589
vn -0.0055 0.9484 -0.3171
vn -0.0006 0.9998 -0.0194
vn 0.0010 0.0624 0.9980
vn -0.0003 0.0002 1.0000
vn -1.0000 0.0041 0.0009
vn -0.0251 0.9997 0.0064
vn 0.0059 1.0000 0.0055
vn -0.0038 1.0000 0.0073
vn -0.8609 0.4968 -0.1096
vn -0.9926 0.0613 0.1052
vn 0.2630 0.9510 0.1626
vn 0.1653 0.9019 0.3991
vn -0.0060 0.9292 0.3695
vn -0.0011 -0.8431 -0.5378
vn -0.0051 -0.6180 -0.7861
vn 0.2155 0.9765 -0.0084
vn 0.1893 0.9819 -0.0043
vn 0.7517 -0.6595 -0.0046
vn -0.5538 0.8327 0.0019
vn -0.5561 0.8311 0.0022
vn -0.5473 0.8303 -0.1053
vn -0.0020 0.9998 -0.0190
vn 0.0006 0.9998 -0.0204
vn -0.0003 -1.0000 0.0094
vn -0.0002 -1.0000 0.0089
vn -0.0005 0.0006 1.0000
vn -0.0282 0.9991 0.0305
vn -0.3794 -0.0056 0.9252
vn -1.0000 0.0010 -0.0011
vn -1.0000 0.0034 0.0007
vn -0.9512 -0.3085 0.0004
vn -0.0266 0.9996 0.0064
vn -0.0089 -0.3287 -0.9444
vn 0.0029 -0.8380 -0.5457
vn 0.6833 0.7301 0.0102
vn -0.0773 0.9127 0.4012
vn -0.4962 0.6951 0.5201
vn 0.9976 -0.0617 -0.0307
vn 0.9986 -0.0400 -0.0357
vn 0.9771 -0.2130 0.0029
vn -0.4967 0.8453 -0.1970
vn 0.0006 0.0061 1.0000
vn 0.0004 -0.3508 0.9365
vn -0.0020 -1.0000 0.0004
vn 0.0030 0.8203 0.5719
vn 0.0014 -0.5756 -0.8178
vn -0.0053 -0.0800 -0.9968
vn 0.0118 -0.0209 -0.9997
vn -0.1882 0.9821 0.0078
vn -0.2709 0.9626 -0.0047
vn -0.0989 0.9939 0.0483
vn 0.7616 0.6480 0.0023
vn 0.7407 0.6718 -0.0070
vn -0.3871 0.8106 -0.4394
vn -0.4539 0.8184 -0.3525
vn 0.0183 0.9428 -0.3328
vn -0.0004 0.0733 0.9973
vn -0.0038 0.0132 0.9999
vn -0.8234 0.0341 0.5665
vn -0.1727 -0.9850 -0.0024
vn -0.3116 -0.9502 -0.0010
vn -0.4737 -0.8807 -0.0018
vn -0.4654 -0.8851 0.0052
vn -0.4284 -0.9036 -0.0002
vn -0.2900 -0.9569 0.0132
vn -0.4392 -0.8984 0.0010
vn -1.0000 0.0055 0.0002
vn -0.8958 0.4444 -0.0065
vn 0.5756 0.7972 -0.1822
vn 0.5469 0.8316 -0.0967
vn 0.5299 0.8465 -0.0514
vn 0.4876 0.8723 0.0382
vn 0.5127 0.8586 0.0042
vn 0.0112 0.8760 0.4821
vn 0.0057 0.7719 -0.6357
vn -0.0123 0.6632 -0.7483
vn 0.0040 0.6927 -0.7213
vn 0.6918 0.7220 0.0122
vn 0.7204 -0.6936 -0.0029
vn 0.9650 -0.2620 -0.0076
vn 0.9945 -0.1047 0.0049
vn 0.9931 -0.1176 0.0038
vn 0.0064 0.9410 -0.3383
vn 0.0019 0.9457 -0.3249
vn 0.0009 0.9999 0.0121
vn 0.0007 -0.9999 0.0123
vn -0.0004 -0.0000 1.0000
vn -0.5605 -0.0458 0.8269
vn -0.8446 0.0689 0.5310
vn -0.7177 -0.6963 -0.0041
vn -0.2380 -0.9713 0.0001
vn -0.5099 0.8602 -0.0000
vn -0.5751 -0.8180 0.0108
vn -0.6689 -0.7433 -0.0110
vn -0.6600 -0.7513 -0.0049
vn -0.9865 -0.1573 -0.0448
vn -0.9841 -0.1711 -0.0473
vn -0.9983 0.0586 -0.0041
vn 0.1419 0.9898 0.0095
vn 0.2228 0.9749 -0.0028
vn 0.4550 0.8849 0.0998
vn 0.3848 0.8846 0.2633
vn -0.0012 0.8208 0.5712
vn 0.0091 -0.6599 -0.7513
vn -0.0039 -0.6896 -0.7242
vn 0.0177 0.4662 -0.8845
vn 0.0204 0.4595 -0.8879
vn 0.0103 0.5212 -0.8534
vn -0.0016 0.7052 -0.7090
vn 0.1621 0.9868 -0.0059
vn 0.1772 0.9842 -0.0020
vn 0.9962 0.0868 0.0048
vn 0.9938 0.1107 0.0138
vn 0.9934 -0.1144 -0.0063
vn 0.9932 -0.1162 -0.0065
vn 0.7945 -0.3008 -0.5275
vn -0.0070 0.9225 -0.3859
vn 0.0004 0.9996 -0.0275
vn -0.0040 -0.0094 0.9999
vn -0.3222 0.0380 0.9459
vn -0.3329 0.0225 0.9427
vn -0.2600 0.9656 0.0016
vn -0.8175 0.5746 0.0390
vn -0.4821 -0.8745 0.0531
vn -1.0000 0.0056 0.0012
vn -0.2049 0.9770 -0.0595
vn -0.9862 -0.1618 0.0340
vn -0.9889 -0.1453 0.0306
vn -0.9996 -0.0261 0.0063
vn 0.0105 -0.3566 -0.9342
vn -0.0030 -0.9578 -0.2875
vn 0.0033 -0.1848 -0.9828
vn -0.0031 -0.1606 -0.9870
vn -0.0060 0.7984 -0.6021
vn 0.7856 0.6187 0.0077
vn 0.7729 0.6346 0.0022
vn 0.9544 -0.2985 0.0004
vn 0.5747 0.1897 -0.7961
vn 0.0058 0.9247 -0.3805
vn -0.0027 0.9486 -0.3166
vn -0.0010 1.0000 0.0091
vn 0.0002 0.0042 1.0000
vn -1.0000 0.0015 0.0035
vn -1.0000 0.0056 0.0017
vn -1.0000 0.0077 0.0015
vn -0.0366 0.9993 0.0006
vn -0.0385 0.9993 -0.0003
vn -0.7902 -0.3984 0.4658
vn -0.9369 -0.0674 0.3430
vn 0.2903 0.8716 0.3950
vn -0.0004 -0.9773 -0.2119
vn 0.0059 -0.5970 -0.8022
vn 0.0039 -0.5981 -0.8014
vn 0.0042 0.8702 -0.4926
vn 0.8101 -0.5863 -0.0071
vn 0.3426 -0.9395 0.0069
vn 0.4219 -0.2127 -0.8813
vn -0.3672 0.7635 -0.5312
vn 0.0034 0.7568 -0.6536
vn 0.0004 0.9996 -0.0289
vn -1.0000 -0.0006 0.0048
vn -1.0000 0.0011 0.0030
vn -1.0000 0.0006 0.0060
vn -0.2439 -0.9698 -0.0004
vn -0.9999 0.0100 0.0064
vn 0.0611 0.9981 0.0074
vn 0.0655 0.9969 -0.0445
vn 0.0895 0.9958 -0.0217
vn -0.7457 0.1944 -0.6373
vn -0.0001 -0.2404 -0.9707
vn 0.0075 -0.1830 -0.9831
vn -0.0176 -0.8117 -0.5838
vn -0.0145 -0.9452 -0.3263
vn 0.0018 -0.8376 -0.5463
vn -0.0031 -0.5664 -0.8242
vn 0.0125 0.5404 -0.8413
vn -0.0039 0.7091 -0.7051
vn -0.5028 0.8644 -0.0015
vn -0.4631 0.8863 0.0065
vn -0.5325 0.8464 0.0060
vn 0.9899 0.1417 0.0030
vn 0.6151 -0.7885 0.0015
vn 0.0011 0.7592 -0.6508
vn -0.0015 0.7552 -0.6555
vn -0.0008 0.0659 0.9978
vn 0.0008 -0.3099 0.9508
vn -0.0013 -0.0057 1.0000
vn -0.8390 -0.5441 -0.0004
vn -0.8769 -0.4806 -0.0008
vn -0.8766 -0.4812 -0.0008
vn -1.0000 0.0078 -0.0000
vn -0.9999 0.0100 0.0035
vn -0.9999 0.0135 -0.0002
vn -0.7782 -0.4691 -0.4176
vn 0.1202 0.8502 0.5126
vn 0.0188 0.3549 -0.9347
vn 0.0076 0.3351 -0.9422
vn 0.0157 0.3393 -0.9406
vn -0.0057 0.9758 -0.2185
vn 0.0110 0.9578 -0.2873
vn 0.0171 0.9577 -0.2872
vn -0.3916 0.9201 0.0093
vn 0.1690 0.9856 -0.0047
vn 0.7423 -0.6701 0.0029
vn 0.9456 -0.2221 0.2378
vn 0.9529 -0.0868 0.2906
vn 0.9402 -0.2182 0.2615
vn -0.0219 0.9068 -0.4210
vn 0.0004 -0.9999 0.0115
vn -0.0013 0.0021 1.0000
vn -0.3978 0.9173 -0.0190
vn -0.8183 -0.5747 -0.0000
vn -0.8320 -0.5547 -0.0004
vn -0.0498 0.9988 0.0006
vn -0.9999 0.0133 0.0003
vn 0.2471 0.9690 -0.0060
vn -0.6153 -0.7043 0.3542
vn -1.0000 0.0048 0.0054
vn -0.9887 0.0144 -0.1490
vn -0.0036 -0.8458 -0.5334
vn 0.0009 0.9835 -0.1811
vn 0.2194 0.9756 0.0080
vn 0.2448 0.9696 -0.0022
vn 0.2610 0.9653 -0.0011
vn 0.8668 0.4986 0.0026
vn 0.8501 0.5267 -0.0051
vn 0.9165 -0.3351 0.2183
vn 0.5659 -0.0835 0.8202
vn 0.5856 -0.0354 0.8098
vn 0.5366 -0.1486 0.8307
vn -0.0013 0.7535 -0.6574
vn -1.0000 0.0067 0.0006
vn -0.9910 0.1332 -0.0100
vn -0.9882 0.1523 -0.0152
vn -0.9937 0.1015 -0.0474
vn -0.9815 0.1907 -0.0189
vn -0.9965 0.0839 -0.0027
vn -0.9859 0.1672 -0.0017
vn -0.9973 -0.0734 0.0021
vn -1.0000 0.0086 -0.0008
vn -0.9986 0.0532 0.0020
vn 0.0152 0.8016 0.5976
vn 0.0138 -0.1985 -0.9800
vn -0.0028 -0.8470 -0.5316
vn 0.0097 0.7424 -0.6699
vn -0.0149 0.6769 -0.7359
vn -0.0183 0.9955 -0.0931
vn -0.0686 0.9957 0.0616
vn -0.4984 0.8669 -0.0029
vn 0.9599 -0.2803 0.0065
vn 0.3084 -0.8126 -0.4945
vn 0.3095 -0.8152 -0.4896
vn 0.3078 -0.8110 -0.4975
vn 0.6362 -0.6681 -0.3860
vn 0.5175 -0.1876 0.8349
vn 0.0006 0.0065 1.0000
vn 0.0008 -0.9999 0.0106
vn 0.2568 -0.9437 0.2084
vn 0.2305 -0.9698 0.0801
vn 0.3129 -0.9498 0.0029
vn -0.7026 0.7116 -0.0000
vn -0.7524 -0.6565 -0.0538
vn -0.6255 -0.7784 -0.0527
vn -0.6304 -0.7745 -0.0528
vn -0.6234 -0.7802 -0.0527
vn 0.2379 -0.9418 0.2374
vn 0.3174 -0.9483 0.0006
vn 0.3167 -0.9485 0.0008
vn 0.2882 -0.9572 -0.0267
vn -0.0112 -0.9999 -0.0101
vn -0.0055 -1.0000 0.0067
vn -0.0058 -1.0000 0.0053
vn -0.5671 -0.8237 -0.0000
vn -0.3361 -0.9418 -0.0044
vn -0.4721 -0.8816 -0.0000
vn -0.3442 -0.9387 0.0199
vn -0.3893 -0.9210 0.0130
vn -0.0517 0.9987 0.0007
vn -0.0037 -0.5824 -0.8129
vn 0.0064 -0.0024 -1.0000
vn -0.4313 0.9022 0.0011
vn 0.3071 -0.8094 -0.5006
vn 0.0012 0.7583 -0.6520
vn -0.0003 0.7598 -0.6501
vn -0.0004 0.0001 1.0000
vn -0.0015 -0.9999 0.0138
vn 0.0030 -0.9999 0.0134
vn 0.5722 -0.8198 -0.0235
vn -0.0019 -1.0000 0.0003
vn -0.4763 -0.8793 -0.0041
vn -0.6549 -0.7557 -0.0000
vn 0.0689 0.9976 -0.0000
vn 0.0700 0.9975 -0.0000
vn 0.0433 0.9991 0.0007
vn -0.8610 -0.5085 -0.0084
vn -0.8659 -0.5002 -0.0100
vn -0.9136 -0.4056 -0.0288
vn -0.8966 -0.4413 -0.0371
vn -0.8977 -0.4390 -0.0372
vn -0.8964 -0.4418 -0.0345
vn -0.0913 -0.2355 -0.9676
vn -0.0216 0.0377 -0.9991
vn -0.0087 -0.0629 -0.9980
vn -0.0000 0.3022 0.9532
vn 0.0230 0.9900 0.1390
vn -0.0000 -0.2395 -0.9709
vn -0.0052 -0.0926 -0.9957
vn -0.0031 0.9510 0.3091
vn -0.0020 0.9528 0.3036
vn -0.0037 0.9558 0.2941
vn -0.0122 0.9659 0.2586
vn -0.4466 0.8601 0.2467
vn -0.4604 0.8454 0.2709
vn -0.4486 0.8580 0.2503
vn -0.6267 0.7793 -0.0019
vn 0.9922 0.1247 -0.0033
vn 0.9960 0.0868 -0.0201
vn 0.9547 -0.2977 -0.0011
vn 0.8114 -0.5845 0.0024
vn 0.3305 -0.9438 0.0027
vn 0.6106 -0.7919 -0.0043
vn 0.5692 -0.8221 0.0098
vn 0.6036 -0.7973 -0.0028
vn 0.7345 -0.6777 0.0339
vn 0.6870 -0.7261 0.0282
vn 0.8467 -0.4933 0.1995
vn -0.0046 0.0137 0.9999
vn 0.0309 -0.1442 0.9891
vn 0.0246 -0.1173 0.9928
vn 0.0003 0.9996 -0.0298
vn 0.0021 0.0046 1.0000
vn 0.0009 -0.9999 0.0119
vn 0.0001 -0.9999 0.0139
vn -0.0080 -0.0236 0.9997
vn -0.0407 -0.9992 -0.0034
vn -0.6500 -0.7600 0.0058
vn -0.5944 -0.8042 0.0029
vn -0.0081 1.0000 0.0020
vn 0.0492 0.9988 0.0007
vn -1.0000 0.0047 -0.0006
vn 0.1688 0.9856 -0.0008
vn 0.1966 0.9805 -0.0026
vn 0.1960 0.9806 -0.0020
vn 0.1974 0.8479 -0.4920
vn 0.1969 0.8482 -0.4917
vn 0.1892 0.8523 -0.4875
vn -1.0000 0.0052 0.0055
vn -0.4391 -0.2969 -0.8480
vn -0.3081 0.0631 -0.9493
vn -0.0189 -0.1480 -0.9888
vn 0.0288 -0.1085 -0.9937
vn -0.0101 -0.1332 -0.9910
vn 0.0018 -0.1271 -0.9919
vn -0.0052 -0.0887 -0.9960
vn -0.0000 -0.2330 -0.9725
vn 0.0002 -0.1505 -0.9886
vn -0.0000 0.7984 0.6021
vn 0.0027 0.0221 -0.9998
vn 0.0005 -0.0778 -0.9970
vn -0.0008 0.0236 -0.9997
vn 0.0052 0.0691 -0.9976
vn 0.0152 0.9543 -0.2984
vn -0.0154 0.9092 -0.4160
vn 0.0213 0.9586 -0.2840
vn -0.0584 0.9934 0.0990
vn -0.3430 0.9393 -0.0063
vn -0.3519 0.9360 0.0010
vn 0.5672 0.8235 -0.0083
vn 0.5701 0.8215 -0.0077
vn 0.5673 0.8234 -0.0079
vn 0.7556 0.6551 0.0041
vn 0.9607 -0.2776 0.0077
vn -0.0039 0.0348 0.9994
vn 0.0014 0.0149 0.9999
vn 0.0035 0.0151 0.9999
vn 0.0014 0.7450 -0.6671
vn 0.0003 0.7478 -0.6639
vn -0.0114 -0.9998 -0.0148
vn -0.0106 -0.9999 -0.0020
vn -0.9886 -0.1506 -0.0005
vn -0.9718 -0.2358 -0.0021
vn -0.9511 -0.3089 0.0016
vn -0.6505 -0.7595 0.0058
vn -1.0000 0.0037 -0.0003
vn 0.2050 0.8437 -0.4961
vn -0.5668 -0.8239 0.0002
vn -0.5736 -0.8191 0.0017
vn -0.5327 -0.8462 -0.0121
vn -0.5129 -0.8165 -0.2649
vn -0.5286 -0.7662 -0.3655
vn -0.3644 -0.7981 -0.4799
vn -0.0000 -0.0669 -0.9978
vn 0.0022 -0.0713 -0.9975
vn -0.0007 -0.7908 -0.6121
vn -0.0057 -0.6545 -0.7561
vn 0.0077 -0.8141 -0.5807
vn 0.0034 -0.9163 -0.4005
vn 0.0117 -0.9663 -0.2571
vn 0.0096 -0.6558 -0.7548
vn -0.0130 -0.5972 -0.8020
vn 0.0032 -0.6621 -0.7494
vn -0.0182 0.5208 -0.8535
vn 0.0024 0.9459 0.3245
vn -0.4359 0.8705 0.2285
vn 0.5577 -0.8300 0.0120
vn -0.0070 -0.7506 0.6607
vn 0.0024 -0.6389 0.7693
vn -0.0046 -0.7430 0.6693
vn 0.0004 0.0403 0.9992
vn 0.0015 0.0374 0.9993
vn 0.0096 0.9220 -0.3872
vn -0.0037 0.9228 -0.3853
vn 0.0006 0.9202 -0.3915
vn -0.9122 0.0219 0.4092
vn -0.9133 0.0211 0.4068
vn -0.9177 0.0181 0.3968
vn -0.9191 0.0172 0.3936
vn 0.3146 -0.9092 0.2726
vn -0.0139 -0.9999 -0.0009
vn -0.0118 -0.9999 -0.0011
vn -1.0000 0.0047 -0.0009
vn 0.2109 0.9775 0.0009
vn 0.1156 0.9925 -0.0392
vn -0.3472 -0.0622 0.9357
vn -0.3426 -0.0719 0.9367
vn -0.3327 -0.0919 0.9385
vn -0.1086 -0.2639 -0.9584
vn 0.0036 0.8967 0.4427
vn -0.4537 0.8911 -0.0075
vn -0.3480 0.9374 0.0152
vn 0.2389 0.9710 0.0073
vn 0.1991 0.9800 -0.0004
vn 0.7558 0.6546 -0.0120
vn 0.8082 -0.5889 -0.0043
vn -0.0001 0.9999 0.0164
vn -0.9957 0.0210 -0.0902
vn -0.9939 0.0263 -0.1067
vn -0.9914 0.1304 -0.0104
vn -0.8270 -0.0026 -0.5622
vn -0.8253 -0.0015 -0.5647
vn -0.8308 -0.0049 -0.5565
vn -0.0019 -1.0000 -0.0003
vn -0.9347 0.3553 0.0006
vn -1.0000 -0.0065 0.0042
vn -0.0619 0.9981 0.0025
vn -0.9999 -0.0040 -0.0154
vn -0.9999 -0.0042 -0.0145
vn 0.9878 0.1516 -0.0360
vn -0.3678 -0.9298 -0.0123
vn -0.3739 -0.6474 -0.6641
vn -0.2386 -0.7402 -0.6286
vn -0.0147 0.5371 -0.8434
vn -0.0094 0.8007 -0.5990
vn -0.0024 0.9758 -0.2188
vn -0.0200 0.9961 -0.0861
vn 0.0053 0.8076 0.5897
vn -0.0082 0.7410 0.6715
vn -0.0009 0.7190 0.6950
vn -0.3139 0.9494 -0.0111
vn -0.3031 0.9529 0.0010
vn 0.4426 -0.7960 0.4129
vn 0.4334 -0.7914 0.4312
vn 0.4740 -0.8096 0.3462
vn 0.4022 -0.7740 0.4891
vn -0.0004 0.9996 -0.0271
vn -0.0034 0.9998 0.0200
vn 0.0027 0.0033 1.0000
vn -1.0000 0.0069 -0.0023
vn -0.0393 0.9992 -0.0024
vn -0.0642 0.9979 0.0011
vn -0.3272 -0.1030 0.9393
vn -0.4092 -0.9087 -0.0825
vn -0.4120 -0.8887 -0.2011
vn -0.0087 0.0742 -0.9972
vn -0.0067 0.0743 -0.9972
vn 0.1938 0.9810 -0.0007
vn 0.9978 0.0656 -0.0038
vn -0.0087 -0.0316 0.9995
vn 0.0005 0.7452 -0.6669
vn 0.0009 0.0274 0.9996
vn -0.0239 -0.0019 0.9997
vn -0.0750 0.0444 0.9962
vn -0.0289 0.0416 0.9987
vn -1.0000 0.0092 -0.0019
vn -0.2702 -0.8114 0.5183
vn -0.2811 -0.8214 0.4963
vn -0.3040 -0.8410 0.4476
vn -0.1179 -0.8484 -0.5160
vn -0.0569 -0.7506 -0.6583
vn 0.0159 -0.6385 -0.7694
vn -0.0081 -0.9397 -0.3419
vn -0.0051 -0.7482 -0.6634
vn 0.0012 -0.8414 -0.5404
vn 0.0038 0.8102 0.5862
vn -0.0657 0.7811 0.6209
vn -0.0130 0.7244 0.6892
vn -0.3893 0.7847 0.4824
vn -0.4648 0.6951 0.5485
vn -0.4628 0.6135 0.6398
vn 0.3172 -0.9484 -0.0028
vn 0.1903 -0.9815 -0.0204
vn 0.0068 -0.7822 0.6230
vn -0.0099 -0.5568 0.8306
vn -0.0253 -0.5806 0.8138
vn -0.0199 -0.5623 0.8267
vn -0.0005 0.7438 -0.6684
vn -0.0009 0.9997 -0.0262
vn 0.0007 0.0276 0.9996
vn -0.9991 0.0350 -0.0234
vn -0.8323 -0.0059 -0.5542
vn 0.2927 0.9557 -0.0316
vn 0.9239 -0.2706 -0.2706
vn -0.9989 0.0466 -0.0000
vn -0.9988 0.0477 -0.0050
vn -0.9997 0.0152 -0.0187
vn -0.9902 0.1380 0.0199
vn -0.9988 0.0477 -0.0051
vn -0.9942 -0.1071 0.0001
vn -0.9953 -0.0964 0.0048
vn -0.9828 -0.1842 0.0162
vn 0.0768 -0.9964 -0.0351
vn 0.1468 -0.9890 0.0168
vn 0.3175 -0.9467 0.0544
vn 0.1473 -0.9848 0.0919
vn -0.0077 -0.8312 0.5559
vn 0.0018 -0.8268 0.5624
vn 0.0040 -0.0511 0.9987
vn -0.0008 0.7422 -0.6702
vn 0.0030 0.7172 -0.6969
vn 0.0003 0.9999 0.0124
vn -1.0000 0.0065 0.0010
vn -0.0423 0.9991 -0.0018
vn 0.3302 -0.9439 -0.0014
vn 0.2092 -0.9779 -0.0050
vn 0.2352 -0.9719 -0.0042
vn 0.3551 0.9334 0.0523
vn 0.8405 -0.5417 -0.0000
vn -0.9995 -0.0016 -0.0331
vn 0.9989 -0.0466 -0.0000
vn -0.9991 -0.0058 0.0411
vn -0.2429 -0.7847 0.5703
vn 0.0009 0.8230 -0.5681
vn -0.7660 0.5697 0.2979
vn -0.7300 0.6072 0.3137
vn -0.7421 0.5951 0.3086
vn -0.8217 0.5691 0.0315
vn -0.8139 0.5805 0.0243
vn -0.7942 0.6077 0.0055
vn -0.7943 0.6076 -0.0014
vn -0.8176 0.5758 0.0035
vn 0.1960 0.9806 -0.0006
vn 0.0237 -0.8743 0.4848
vn 0.0134 0.0238 0.9996
vn -0.0028 0.0887 0.9961
vn 0.0034 0.7217 -0.6922
vn 0.0005 0.9395 -0.3426
vn 0.3853 -0.0195 0.9226
vn -0.1040 0.0048 0.9946
vn -1.0000 0.0079 0.0033
vn -1.0000 0.0066 0.0020
vn -0.9999 0.0129 -0.0079
vn -0.9971 0.0762 0.0017
vn 0.9121 0.4100 -0.0029
vn 0.9562 0.2927 -0.0000
vn 0.9520 0.3063 -0.0000
vn -0.8732 -0.4874 -0.0000
vn -0.8728 -0.4880 -0.0000
vn -0.8731 -0.4875 -0.0000
vn -0.8733 -0.4872 -0.0000
vn 0.3341 -0.9425 -0.0013
vn 0.2219 0.9751 0.0047
vn 0.2247 0.9744 0.0038
vn -0.9962 -0.0868 0.0008
vn -0.9960 -0.0890 0.0013
vn -0.0034 -0.6233 -0.7820
vn 0.0087 -0.2044 -0.9788
vn 0.0197 -0.2103 -0.9774
vn 0.0076 -0.2082 -0.9781
vn -0.0099 0.5406 -0.8412
vn 0.0074 0.9261 0.3772
vn -0.0085 0.5916 0.8062
vn 0.0053 0.6100 0.7924
vn 0.0241 0.6696 0.7423
vn 0.2048 0.9788 0.0031
vn 0.9974 -0.0724 0.0057
vn 0.0098 -0.8343 0.5513
vn 0.0095 -0.8365 0.5478
vn 0.0077 -0.8171 0.5765
vn 0.0006 0.9394 -0.3429
vn -0.0005 -0.0271 0.9996
vn 0.0249 -0.1952 0.9804
vn 1.0000 -0.0023 0.0047
vn 1.0000 -0.0002 -0.0001
vn 1.0000 0.0037 -0.0089
vn 0.9999 0.0058 -0.0136
vn -0.5850 0.0166 0.8109
vn -0.7098 -0.0140 0.7043
vn -0.5466 0.0252 0.8370
vn -0.9746 0.2238 0.0035
vn -1.0000 -0.0007 0.0002
vn -1.0000 0.0002 -0.0000
vn -1.0000 0.0001 -0.0000
vn -0.9701 -0.2429 -0.0000
vn -0.9703 -0.2419 -0.0000
vn -0.9702 -0.2424 -0.0000
vn -0.9704 -0.2416 -0.0000
vn -0.9993 0.0367 0.0027
vn -0.9991 0.0419 0.0012
vn -0.9989 0.0474 -0.0000
vn 0.9002 0.4356 -0.0035
vn 0.8996 0.4366 -0.0035
vn 0.8776 0.4794 -0.0000
vn -0.9971 -0.0022 0.0766
vn -0.0231 0.0724 -0.9971
vn 0.0032 0.9847 -0.1742
vn -0.7129 0.6237 0.3206
vn -0.8191 0.5736 0.0055
vn -0.4624 0.8867 0.0069
vn 0.9916 -0.1289 -0.0101
vn 0.0283 -0.8880 0.4590
vn -0.0055 -0.7748 0.6322
vn -0.0052 0.9933 -0.1154
vn 0.0009 0.9648 -0.2629
vn -0.0052 0.9931 -0.1174
vn -0.0054 0.9997 0.0231
vn -0.0463 -0.0152 0.9988
vn -0.0532 -0.0182 0.9984
vn -0.0511 -0.0512 0.9974
vn -0.7388 -0.0218 0.6736
vn -0.5625 0.8268 -0.0069
vn -0.0269 0.9996 -0.0009
vn -0.0074 1.0000 -0.0051
vn -0.0092 0.9999 -0.0047
vn 0.0254 0.8300 -0.5572
vn -0.1761 0.8288 -0.5311
vn -0.0992 0.8333 -0.5438
vn 0.2904 0.9569 -0.0001
vn 0.4004 0.9163 0.0077
vn 0.2474 0.9689 -0.0017
vn 0.9704 0.2417 -0.0000
vn 0.9703 0.2419 -0.0000
vn 0.9690 0.2469 -0.0000
vn 0.9559 0.2937 -0.0000
vn 0.2252 0.9743 0.0056
vn -0.9495 -0.3138 -0.0012
vn -0.9508 -0.3098 -0.0018
vn -0.1799 -0.9837 0.0016
vn -0.1493 -0.9887 0.0154
vn -0.1573 -0.9875 0.0113
vn -0.2194 -0.9439 -0.2469
vn 0.0021 -0.9745 -0.2242
vn 0.0108 0.7937 -0.6082
vn 0.0183 0.9323 0.3611
vn 0.0155 0.8923 0.4512
vn 0.0014 0.9068 0.4217
vn -0.4752 0.8799 -0.0006
vn -0.3739 0.9275 -0.0018
vn 0.7171 0.6969 0.0097
vn 0.8824 0.4704 -0.0120
vn 0.8819 0.4713 -0.0117
vn 0.8815 0.4722 -0.0073
vn 0.0709 -0.9925 0.0996
vn -0.0008 -0.0543 0.9985
vn 0.1920 0.9812 0.0193
vn 0.0137 0.9927 0.1199
vn 0.0853 0.9931 0.0805
vn 0.0369 0.8290 -0.5580
vn 0.2460 0.9693 -0.0029
vn -0.0091 -0.1501 -0.9886
vn 0.0016 0.5592 0.8290
vn -0.0766 0.7148 0.6952
vn -0.5032 0.5753 0.6448
vn 0.1921 0.9813 0.0099
vn -0.0037 0.7404 -0.6722
vn 0.0715 0.9974 0.0128
vn 0.0308 0.9995 -0.0018
vn 0.0345 0.9994 -0.0056
vn -0.6030 -0.7978 0.0052
vn -0.6447 -0.7644 -0.0047
vn -0.5965 -0.8026 0.0058
vn -0.3079 -0.9501 -0.0509
vn 0.0044 -0.8433 -0.5374
vn -0.0034 -0.7375 -0.6753
vn -0.0000 -0.4091 0.9125
vn -0.0000 -0.4088 0.9126
vn -0.0000 -0.4083 0.9129
vn -0.0000 -0.4090 0.9125
vn -0.0000 -0.4062 0.9138
vn -0.0000 -0.4110 0.9116
vn -0.0000 -0.4053 0.9142
vn -0.0000 -0.4052 0.9142
vn -0.0096 0.3639 0.9314
vn -0.0022 0.4608 0.8875
vn -0.0093 0.3667 0.9303
vn -0.0093 0.3671 0.9301
vn -0.0022 0.4609 0.8874
vn 0.0002 0.4493 0.8934
vn 0.0044 0.4831 0.8756
vn -0.4798 0.4561 0.7495
vn 0.9963 -0.0747 -0.0414
vn 0.9894 -0.1446 -0.0098
vn 0.9955 -0.0879 -0.0359
vn -0.8251 0.5651 -0.0000
vn 0.7911 -0.6117 0.0029
vn -0.0065 0.9340 -0.3572
vn -0.0004 -0.2972 0.9548
vn 0.0114 0.9998 -0.0143
vn -0.9963 -0.0845 0.0141
vn -0.9997 0.0235 0.0017
vn -0.9833 -0.1821 0.0038
vn -0.9894 -0.1449 -0.0043
vn -0.0122 0.7592 -0.6507
vn -0.0076 0.7615 -0.6481
vn -0.0031 0.9911 -0.1329
vn -0.0000 -0.4216 0.9068
vn -0.0000 -0.1229 -0.9924
vn 0.0005 -0.1239 -0.9923
vn -0.0472 -0.0734 -0.9962
vn -0.0014 0.9998 -0.0223
vn -0.0014 0.9997 -0.0228
vn -0.0071 -0.1258 -0.9920
vn -0.0039 -0.1205 -0.9927
vn 0.0006 -0.1239 -0.9923
vn -0.0000 0.9644 -0.2643
vn -0.0000 0.9645 -0.2643
vn -0.0000 0.9980 -0.0637
vn 0.0050 0.4877 0.8730
vn 0.0050 0.4875 0.8731
vn -0.0022 0.4609 0.8875
vn -0.0004 0.4718 0.8817
vn -0.0097 0.4735 0.8807
vn -0.0029 0.6000 0.8000
vn 0.9919 -0.1270 0.0026
vn 0.9986 -0.0526 -0.0030
vn -0.8246 0.5657 -0.0008
vn -0.4063 0.9135 -0.0194
vn 0.1894 0.9818 0.0112
vn 0.0033 -0.9815 0.1915
vn -0.0007 -0.9855 0.1696
vn 0.0028 -0.9846 0.1749
vn -0.0000 -0.9857 0.1684
vn 0.0008 -0.0789 0.9969
vn 0.0062 0.9785 -0.2062
vn -0.0004 -0.0716 0.9974
vn -0.0000 0.9561 -0.2931
vn 0.0014 0.9541 -0.2994
vn 0.0058 0.9996 -0.0291
vn -0.0180 -0.0666 0.9976
vn -0.9960 -0.0885 0.0146
vn -0.6846 -0.7289 0.0015
vn -0.6800 -0.7332 0.0020
vn -0.6640 -0.7476 0.0097
vn 0.0023 -0.6632 -0.7485
vn 0.0072 0.5561 0.8311
vn 0.0006 0.5481 0.8364
vn 0.0006 0.5482 0.8364
vn -0.0000 0.5482 0.8364
vn 0.0063 0.5445 0.8388
vn -0.0000 -0.5142 0.8577
vn -0.0000 -0.5148 0.8573
vn -0.0000 -0.5122 0.8589
vn -0.0000 -0.5167 0.8561
vn 0.0011 -0.1458 -0.9893
vn -0.0000 -0.1405 -0.9901
vn 0.0005 -0.1496 -0.9888
vn 0.0089 -0.1194 -0.9928
vn -0.0006 -0.1328 -0.9911
vn -0.0000 -0.1345 -0.9909
vn -0.0000 -0.2027 -0.9792
vn -0.0000 0.9531 -0.3028
vn 0.0034 -0.1464 -0.9892
vn -0.0031 -0.0781 -0.9969
vn 0.0024 0.2114 0.9774
vn -0.0650 0.6513 0.7560
vn 0.8981 -0.1245 -0.4218
vn -0.8245 0.5659 -0.0008
vn 0.7152 0.6988 0.0141
vn 0.9032 0.4292 0.0095
vn 0.9795 -0.2014 0.0066
vn 0.5406 -0.8413 0.0021
vn 0.0088 0.9995 -0.0303
vn -0.0035 -0.3074 0.9516
vn -0.0346 0.9653 0.2589
vn -0.6540 -0.7565 -0.0033
vn -0.0052 -0.0112 -0.9999
vn -0.0012 0.9916 -0.1290
vn -0.0000 0.8992 -0.4375
vn -0.0000 -0.1046 -0.9945
vn -0.0000 -0.1045 -0.9945
vn -0.0005 -0.1058 -0.9944
vn -0.0000 -0.1044 -0.9945
vn -0.0066 -0.0850 -0.9964
vn -0.0005 -0.1059 -0.9944
vn -0.0013 0.4508 0.8926
vn -0.0013 0.4509 0.8926
vn -0.0000 0.4478 0.8942
vn 0.0134 0.3996 0.9166
vn -0.0000 0.0641 0.9979
vn 0.0394 0.7415 0.6698
vn -0.0225 0.5918 0.8058
vn 0.5441 0.1126 -0.8314
vn -0.3956 0.9184 -0.0004
vn 0.8127 -0.5827 -0.0027
vn -0.0097 -0.7735 0.6337
vn 0.0050 -0.7326 0.6807
vn 0.0063 -0.7312 0.6821
vn 0.0024 -0.7846 0.6200
vn -0.9738 0.2274 0.0014
vn 0.2298 0.9732 0.0015
vn 0.2031 0.9791 -0.0055
vn -0.6862 -0.7274 -0.0000
vn 0.0056 0.9885 -0.1513
vn 0.0060 0.9852 -0.1711
vn -0.0000 -0.9997 -0.0227
vn -0.0000 -0.9997 -0.0230
vn -0.0000 -0.9997 -0.0240
vn -0.0000 -0.9997 -0.0237
vn -0.0000 -0.9997 -0.0235
vn 0.0094 0.6174 0.7866
vn 0.0016 0.5593 0.8290
vn -0.0064 0.5307 0.8475
vn -0.0064 0.5308 0.8475
vn -0.0000 0.5432 0.8396
vn 0.0012 0.5453 0.8382
vn -0.0091 -0.1153 -0.9933
vn -0.0002 -0.1042 -0.9946
vn -0.0000 0.9751 0.2216
vn 0.0001 -0.0620 -0.9981
vn -0.0000 -0.0656 -0.9978
vn -0.0631 0.0789 -0.9949
vn -0.0501 0.2046 -0.9776
vn -0.0247 0.0614 -0.9978
vn -0.0000 0.1648 -0.9863
vn -0.0000 0.1646 -0.9864
vn -0.0000 0.0847 -0.9964
vn 0.4796 0.5882 -0.6512
vn -0.0000 0.5814 0.8136
vn -0.0011 0.9998 -0.0191
vn 0.9988 -0.0483 -0.0046
vn -0.8254 0.5645 -0.0005
vn -0.3891 0.9212 0.0009
vn 0.0071 -0.7946 0.6072
vn -0.0085 -0.8396 0.5431
vn -0.0142 -0.8220 0.5694
vn -0.0000 -0.9836 0.1801
vn -0.0012 0.7440 -0.6682
vn 0.4673 0.8801 -0.0844
vn 0.3966 0.9180 -0.0082
vn 0.5404 0.8408 -0.0304
vn 0.2032 0.9791 -0.0082
vn -0.6461 -0.7632 -0.0096
vn 0.0125 -0.2893 -0.9572
vn -0.0125 -0.3096 -0.9508
vn 0.0267 -0.2776 -0.9603
vn 0.0161 0.4989 -0.8665
vn 0.0176 0.4963 -0.8680
vn -0.0038 0.5205 -0.8539
vn -0.0136 0.7601 -0.6497
vn 0.0051 0.6260 0.7798
vn -0.0000 -0.9997 -0.0225
vn -0.0000 -0.9997 -0.0224
vn -0.0000 -0.0006 1.0000
vn -0.0000 0.0007 1.0000
vn -0.0000 -0.0002 1.0000
vn -0.0000 0.0012 1.0000
vn -1.0000 -0.0001 0.0001
vn 1.0000 0.0001 -0.0001
vn -0.0000 0.9846 0.1750
vn -0.0027 -0.0660 -0.9978
vn 0.0041 -0.0631 -0.9980
vn 0.1211 -0.3897 -0.9129
vn -0.0018 0.5998 0.8002
vn -0.6640 0.6641 0.3436
vn -0.0518 0.1467 -0.9878
vn -0.0351 0.0486 -0.9982
vn -0.0508 0.1238 -0.9910
vn -0.0600 0.1242 -0.9904
vn 0.0465 -0.2637 -0.9635
vn 0.0267 -0.1095 -0.9936
vn 0.0331 -0.1592 -0.9867
vn 0.7355 -0.3275 -0.5931
vn 0.7261 -0.5904 -0.3524
vn 0.9174 -0.3341 -0.2160
vn 0.8189 -0.5666 -0.0911
vn 0.9992 -0.0392 0.0095
vn 0.9982 -0.0608 0.0003
vn -0.8278 0.5610 -0.0023
vn -0.2723 0.9622 -0.0082
vn -0.4148 0.9099 -0.0021
vn -0.3130 0.9498 -0.0004
vn 0.9212 0.3890 0.0055
vn 0.5428 -0.8399 0.0024
vn -0.0004 -0.9849 0.1729
vn -0.0020 0.7432 -0.6691
vn -0.0004 0.7479 -0.6638
vn -0.0019 0.7534 -0.6575
vn 0.0048 0.9990 -0.0441
vn 0.0634 0.9980 0.0062
vn -0.9807 -0.1957 -0.0021
vn -0.8538 -0.5205 -0.0016
vn -0.8603 -0.5097 -0.0053
vn -0.8841 -0.4673 0.0063
vn 0.0026 -0.8554 -0.5180
vn -0.0010 -0.8576 -0.5144
vn 0.0016 0.8953 0.4454
vn -1.0000 -0.0001 -0.0001
vn 1.0000 0.0001 0.0001
vn -1.0000 0.0001 0.0001
vn 1.0000 -0.0001 -0.0001
vn -0.0000 -0.0205 -0.9998
vn 0.0015 -0.0262 -0.9997
vn -0.0002 -0.1695 -0.9855
vn 0.0014 -0.0259 -0.9997
vn -0.0008 -0.0165 -0.9999
vn -0.0001 -0.0198 -0.9998
vn 0.0076 -0.0676 -0.9977
vn -0.0000 -0.0927 -0.9957
vn -0.0014 -0.0961 -0.9954
vn -0.0014 -0.0960 -0.9954
vn -0.0128 -0.6266 -0.7792
vn 0.0055 -0.5055 -0.8628
vn 0.0068 -0.6748 -0.7379
vn -0.0660 0.1455 -0.9872
vn -0.0062 -0.7665 0.6423
vn 0.0064 0.9788 -0.2045
vn 0.0156 0.9994 -0.0306
vn -0.0096 0.9996 -0.0262
vn 0.1076 0.9938 0.0288
vn -0.9857 -0.1682 -0.0017
vn -0.9810 -0.1942 -0.0006
vn -0.9725 -0.2325 -0.0088
vn -0.9264 -0.3766 0.0014
vn -0.8792 -0.4763 0.0120
vn -0.9676 -0.2521 0.0126
vn 0.0006 0.0080 -1.0000
vn -0.0151 0.5077 -0.8614
vn -0.0027 0.8879 0.4600
vn 0.0044 0.8196 0.5729
vn -0.0000 0.9997 0.0225
vn -0.0062 -0.0809 -0.9967
vn 0.0011 -0.0241 -0.9997
vn 0.0240 -0.0888 -0.9958
vn 0.3662 -0.2453 -0.8976
vn -0.4405 0.8976 0.0185
vn -0.0024 -0.9855 0.1694
vn 0.0042 -0.9739 0.2271
vn -0.0096 -0.9811 0.1931
vn -0.0016 -0.0749 0.9972
vn 0.0075 0.9986 -0.0526
vn 0.0029 0.9994 -0.0339
vn -0.9951 -0.0987 0.0033
vn -0.9991 -0.0406 -0.0107
vn -0.9897 -0.1429 -0.0050
vn -0.6839 -0.7296 -0.0015
vn -0.6839 -0.7295 -0.0016
vn -0.7229 -0.6887 -0.0556
vn -0.0351 0.0054 -0.9994
vn 0.0167 0.9713 -0.2371
vn 0.3194 -0.5744 -0.7537
vn 0.7539 -0.6344 -0.1709
vn 0.7485 -0.6631 -0.0103
vn -0.8208 0.5712 -0.0027
vn 0.4395 0.8982 0.0080
vn 0.4688 0.8831 -0.0185
vn 0.4613 0.8872 -0.0108
vn 0.9811 0.1926 -0.0171
vn 0.9691 0.2466 0.0027
vn 0.9926 0.1214 -0.0034
vn 0.0002 -0.8014 0.5981
vn -0.0001 0.0149 0.9999
vn 0.5182 0.8315 0.2003
vn -0.7334 -0.6632 -0.1490
vn -0.7352 -0.6761 -0.0481
vn 0.0067 -0.5805 -0.8142
vn 0.0105 0.6160 -0.7877
vn -0.0061 -0.7937 -0.6082
vn 0.0060 -0.6309 -0.7758
vn 0.8504 -0.5261 0.0027
vn 0.7487 -0.6629 0.0050
vn 0.9704 -0.2413 0.0030
vn -0.0031 -0.7855 0.6189
vn -0.0045 -0.7900 0.6131
vn -0.0199 0.9302 -0.3666
vn -0.0224 0.9272 -0.3739
vn 0.0404 0.9937 -0.1048
vn 0.6095 0.7927 0.0104
vn -0.6889 -0.7248 -0.0016
vn -0.6873 -0.7264 -0.0003
vn -0.9062 -0.4229 -0.0079
vn -0.0058 -0.8625 -0.5060
vn 0.0068 -0.5682 -0.8229
vn -0.0097 -0.6176 -0.7864
vn -0.0267 -0.3211 -0.9467
vn 0.0146 0.9485 0.3163
vn -0.0049 0.9263 0.3767
vn 0.0009 0.6158 0.7879
vn 0.0005 -0.6279 -0.7783
vn 0.5443 -0.6494 -0.5310
vn 0.5974 -0.6671 -0.4450
vn 0.9937 -0.1120 0.0010
vn 0.9941 -0.1085 -0.0014
vn -0.3427 0.9394 -0.0026
vn 0.3785 0.9256 0.0055
vn 0.0101 -0.7167 0.6973
vn -0.0007 -0.7491 0.6625
vn -0.0143 0.0358 0.9993
vn 0.4734 0.8731 -0.1162
vn 0.5019 0.8586 -0.1044
vn 0.6502 0.7105 0.2693
vn 0.2050 0.9787 -0.0107
vn 0.0048 0.9105 0.4134
vn -0.0152 0.8740 0.4858
vn 0.0013 0.6154 0.7882
vn 0.0438 -0.6192 -0.7840
vn 0.0903 -0.8341 -0.5442
vn 0.5260 -0.6571 -0.5400
vn 0.7269 -0.6866 -0.0107
vn 0.8561 -0.5168 0.0027
vn 0.8601 -0.5102 -0.0043
vn 0.0113 -0.6883 0.7253
vn -0.0016 0.7541 -0.6568
vn 0.6389 0.7691 0.0151
vn 0.6179 0.7863 0.0042
vn -0.8674 -0.2889 -0.4052
vn -0.7972 -0.4093 -0.4438
vn -0.8069 -0.3947 -0.4395
vn 0.3033 0.8458 0.4388
vn 0.2808 0.8668 0.4121
vn 0.2328 0.9055 0.3548
vn -0.8616 -0.5076 0.0038
vn -0.8677 -0.4971 -0.0013
vn -0.0077 -0.6361 -0.7716
vn -0.8162 0.5778 0.0003
vn -0.8050 0.5933 -0.0015
vn 0.8172 -0.5764 -0.0038
vn -0.0043 -0.9827 0.1849
vn -0.0105 -0.6779 0.7351
vn -0.9999 0.0110 -0.0003
vn -0.9845 -0.1749 -0.0124
vn -0.0219 0.5385 -0.8424
vn 0.0177 0.5786 -0.8154
vn 0.7444 -0.6677 -0.0063
vn 0.9941 -0.1088 -0.0011
vn 0.9949 -0.1011 -0.0028
vn -0.8029 0.5961 0.0010
vn -0.3674 0.9301 0.0029
vn 0.7027 0.7115 -0.0079
vn 0.7160 0.6981 0.0022
vn 0.7053 0.7089 -0.0056
vn 0.0191 -0.6853 0.7280
vn -0.0194 -0.5613 0.8274
vn 0.0044 -0.5003 0.8659
vn -0.0010 -0.7694 0.6388
vn 0.6635 0.7474 -0.0355
vn -0.9797 -0.2003 -0.0104
vn -0.9940 -0.0983 -0.0486
vn -0.9924 -0.1153 -0.0426
vn 0.2037 0.9253 0.3197
vn -0.6855 -0.7281 0.0002
vn -0.6868 -0.7269 -0.0000
vn -1.0000 -0.0053 0.0016
vn 0.0060 0.1256 -0.9921
vn 0.0343 0.1802 -0.9830
vn 0.0244 0.1683 -0.9854
vn -0.0118 0.9489 -0.3154
vn -0.0019 -0.0887 -0.9961
vn -0.0013 -0.0789 -0.9969
vn 0.0052 -0.1947 -0.9809
vn 0.0017 -0.6594 -0.7518
vn 0.3559 0.9345 0.0059
vn 0.0115 -0.7451 0.6669
vn 0.0339 -0.8218 0.5687
vn 0.0183 -0.7745 0.6323
vn 0.0054 0.0199 0.9998
vn -0.0008 0.7461 -0.6658
vn -0.0027 0.7519 -0.6593
vn -0.9879 -0.1548 0.0012
vn -0.0431 0.5218 -0.8520
vn -0.0039 0.9517 -0.3069
vn 0.8214 -0.5703 -0.0017
vn 0.9693 -0.2460 0.0021
vn 0.0070 -0.8098 0.5867
vn -0.0033 -0.8031 0.5958
vn 0.0027 -0.9857 0.1687
vn -0.0014 -0.8040 0.5946
vn -0.0035 -0.8097 0.5868
vn 0.0009 0.0230 0.9997
vn -0.9858 -0.1677 0.0033
vn -0.2514 0.1070 -0.9619
vn -0.9869 -0.1615 0.0019
vn -0.6939 -0.7201 -0.0006
vn -0.9999 -0.0113 0.0019
vn -0.9999 -0.0117 0.0013
vn -0.9956 0.0937 -0.0092
vn -0.0030 0.0670 -0.9977
vn 0.0105 0.9895 -0.1443
vn 0.0018 0.6162 0.7876
vn -0.0006 0.6121 0.7907
vn 0.0029 -0.9861 0.1660
vn 0.0208 0.7373 -0.6753
vn 0.0719 0.7979 -0.5984
vn 0.0548 0.7751 -0.6295
vn 0.5228 0.7299 -0.4403
vn -0.7539 -0.4688 -0.4603
vn -0.7576 -0.6512 -0.0449
vn -0.7827 -0.6224 0.0029
vn -0.8669 -0.4984 0.0049
vn -0.8726 -0.4884 -0.0006
vn -1.0000 0.0001 -0.0034
vn -0.9997 -0.0211 0.0073
vn 0.0068 -0.5353 -0.8446
vn 0.0005 -0.9143 -0.4050
vn -0.0104 -0.8839 -0.4677
vn 0.0071 -0.9019 -0.4319
vn -0.1481 0.9890 -0.0041
vn -0.0113 -0.2799 0.9600
vn -0.0073 -0.0094 0.9999
vn -0.0075 -0.1687 0.9856
vn -0.0093 -0.1359 0.9907
vn -0.0016 -0.4391 0.8984
vn -0.0002 -0.4300 0.9028
vn 0.0012 0.7353 -0.6777
vn -0.5538 -0.4594 -0.6944
vn -0.8741 -0.4857 -0.0015
vn -0.8671 -0.4982 0.0002
vn 0.0190 -0.5003 -0.8657
vn 0.0388 -0.4708 -0.8814
vn -0.0035 0.9005 0.4348
vn 0.0089 0.6368 0.7709
vn -0.0043 -0.1809 -0.9835
vn 0.0026 -0.6566 -0.7542
vn 0.0924 -0.9131 -0.3972
vn -0.7994 0.6008 -0.0003
vn -0.8000 0.6000 0.0003
vn -0.7616 0.6480 0.0069
vn -0.7249 0.6887 -0.0109
vn -0.0056 -0.6156 0.7880
vn -0.0054 0.0125 0.9999
vn -0.9975 -0.0034 0.0702
vn -0.9855 -0.1689 0.0176
vn -0.9976 -0.0260 0.0634
vn -0.0012 -0.2392 -0.9710
vn -0.9379 0.3467 0.0097
vn -0.9840 -0.1770 -0.0218
vn -0.0052 -0.9050 -0.4253
vn 0.6126 -0.7904 -0.0010
vn 0.6144 -0.7890 -0.0018
vn 0.9844 -0.1757 -0.0050
vn -0.0019 -0.0158 0.9999
vn -0.7914 0.0430 0.6098
vn -0.9715 0.2369 -0.0009
vn -0.6863 0.7273 -0.0040
vn -0.7522 0.6589 0.0014
vn -0.6818 0.7315 0.0044
vn -0.0214 -0.0328 -0.9992
vn -0.0345 -0.0520 -0.9981
vn -0.0016 0.0480 -0.9988
vn 0.1933 -0.9266 -0.3226
vn 0.4033 -0.9150 -0.0138
vn 0.4263 -0.9044 -0.0162
vn 0.3592 -0.9333 -0.0007
vn 0.7835 -0.6214 -0.0035
vn -0.7917 0.6110 -0.0017
vn -0.8215 0.5702 -0.0031
vn 0.0015 -0.7689 0.6394
vn 0.0098 -0.7935 0.6085
vn 0.0258 -0.7997 0.5998
vn -0.0072 -0.8708 0.4916
vn -0.0073 -0.8759 0.4825
vn -0.0061 -0.6312 0.7756
vn -0.0366 -0.7219 0.6910
vn -0.0139 -0.6467 0.7626
vn -0.6854 -0.7281 0.0099
vn -0.5544 -0.8317 -0.0297
vn -0.6661 -0.7457 0.0151
vn -0.7440 -0.6680 -0.0154
vn -1.0000 0.0064 -0.0039
vn -0.7431 0.6692 -0.0094
vn -0.0139 0.8158 -0.5782
vn 0.0383 0.8420 -0.5380
vn 0.0137 0.8343 -0.5511
vn -0.0086 0.9422 0.3351
vn -0.0023 0.9294 0.3691
vn 0.0002 0.6455 0.7637
vn 0.0013 0.2668 -0.9638
vn 0.0088 0.2941 -0.9557
vn -0.0007 0.2321 -0.9727
vn 0.9761 -0.2171 0.0064
vn -0.3728 0.9196 -0.1242
vn 0.1843 0.9827 -0.0156
vn 0.7342 0.6790 0.0001
vn 0.7379 0.6749 -0.0009
vn 0.9746 0.2234 -0.0143
vn 0.0020 -0.6026 0.7980
vn 0.0130 -0.8609 0.5086
vn -0.0097 -0.0301 0.9995
vn -0.5163 -0.3552 0.7793
vn -0.8980 -0.2828 0.3370
vn -1.0000 0.0052 0.0006
vn -1.0000 0.0040 0.0012
vn -0.0172 0.9960 -0.0880
vn -0.0076 0.6405 0.7679
vn -0.0072 -0.1829 -0.9831
vn 0.0061 -0.6376 -0.7703
vn 0.2212 -0.9505 -0.2183
vn 0.0094 0.1271 0.9918
vn 0.0207 0.0982 0.9950
vn 0.0101 0.0256 0.9996
vn 0.0062 -0.4465 0.8948
vn 0.0032 -0.6884 0.7254
vn -0.0047 -0.6347 0.7728
vn -0.5459 -0.8375 -0.0247
vn -0.5320 -0.8446 -0.0609
vn -0.1215 -0.9048 -0.4081
vn -0.2143 -0.9230 -0.3196
vn -0.1356 -0.9085 -0.3952
vn -0.8649 -0.5020 -0.0024
vn -0.7888 0.6146 0.0039
vn -0.0543 -0.0615 -0.9966
vn -0.0091 0.7652 -0.6438
vn -0.0085 0.9989 0.0462
vn 0.0077 -0.1311 -0.9913
vn 0.0095 0.2971 -0.9548
vn 0.6414 -0.7672 0.0003
vn 0.7945 -0.6072 0.0015
vn 0.6872 -0.7264 -0.0001
vn 0.9917 -0.1283 0.0017
vn 0.9933 -0.1159 -0.0016
vn -0.4056 0.9092 -0.0935
vn -0.0114 -0.1722 0.9850
vn -0.0175 -0.6527 0.7575
vn -0.0002 -0.9886 0.1505
vn -0.0778 -0.8912 -0.4468
vn -0.6800 -0.7332 -0.0010
vn -0.0029 0.7561 -0.6544
vn -0.0036 0.6369 0.7709
vn 0.0033 -0.6483 -0.7614
vn -0.0040 -0.6251 -0.7805
vn -0.0002 -0.9170 -0.3988
vn 0.3821 -0.9241 -0.0096
vn 0.3383 -0.9410 -0.0037
vn 0.4613 -0.8873 0.0001
vn 0.0045 0.2206 0.9753
vn 0.0084 0.0943 0.9955
vn -0.0093 0.1150 0.9933
vn -0.0258 -0.4285 0.9032
vn 0.0015 -0.9869 0.1616
vn 0.0070 -0.8692 0.4944
vn -0.0300 0.0523 0.9982
vn -0.0325 0.0631 0.9975
vn -0.6404 -0.7680 0.0078
vn -0.8638 -0.5039 0.0037
vn -0.9999 0.0154 -0.0009
vn -0.7874 0.6164 0.0019
vn -0.5299 0.8481 0.0020
vn -0.6458 0.7635 0.0014
vn 0.0030 0.8654 0.5011
vn 0.0035 -0.1198 -0.9928
vn 0.0013 0.2269 -0.9739
vn 0.0027 0.0301 -0.9995
vn 0.0002 0.0231 -0.9997
vn 0.0004 0.0273 -0.9996
vn 0.0224 0.2547 0.9668
vn 0.0137 0.2495 0.9683
vn 0.0013 0.2723 0.9622
vn -0.0086 -0.6684 0.7438
vn 0.0118 -0.8099 0.5864
vn 0.0146 -0.8221 0.5692
vn -0.6526 -0.7215 0.2313
vn -0.5889 -0.8043 0.0792
vn -0.6156 -0.7730 0.1536
vn -0.9994 -0.0328 0.0124
vn -1.0000 0.0097 -0.0002
vn -0.8331 0.5531 0.0040
vn -0.7818 0.6235 0.0029
vn -0.0003 0.9999 -0.0120
vn -0.0038 0.9998 -0.0185
vn 0.0002 0.9990 -0.0452
vn 0.3226 -0.9465 -0.0005
vn 0.1726 0.9848 -0.0171
vn 0.0184 0.1993 0.9798
vn -0.0199 -0.7374 0.6752
vn -0.0010 -0.9889 0.1485
vn -0.0155 -0.5014 0.8651
vn -0.1906 -0.8292 0.5255
vn -0.3498 -0.7417 0.5723
vn -0.1784 -0.9251 0.3352
vn -0.9984 -0.0563 0.0021
vn -0.8722 0.4891 -0.0093
vn -0.5307 0.8474 0.0180
vn 0.0378 0.2774 -0.9600
vn 0.0112 0.3884 -0.9214
vn 0.0329 0.2987 -0.9538
vn -0.0030 -0.7208 0.6932
vn -0.0014 -0.6343 0.7731
vn -0.0030 -0.7201 0.6938
vn -0.0014 -0.6341 0.7733
vn -0.0000 -0.5567 0.8307
vn -0.0000 -0.5577 0.8300
vn -0.0000 -0.5582 0.8297
vn -0.0073 -0.0560 -0.9984
vn 0.0002 -0.9160 -0.4013
vn 0.0004 0.9999 -0.0116
vn 0.0193 0.9978 -0.0640
vn -0.0073 -0.7725 0.6350
vn 0.0022 -0.8716 0.4901
vn -0.8341 0.5515 0.0039
vn 0.0067 0.4069 -0.9135
vn 0.0085 0.9918 -0.1278
vn 0.0104 0.9943 -0.1059
vn 0.0022 0.6388 0.7693
vn -0.0000 0.9011 -0.4336
vn -0.0000 -0.0294 -0.9996
vn 0.0031 -0.0546 -0.9985
vn -0.0000 -0.5558 0.8313
vn 0.0006 -0.9146 -0.4043
vn 0.0070 -0.0853 -0.9963
vn 0.0004 -0.0887 -0.9961
vn 0.0103 -0.0820 -0.9966
vn 0.0004 0.9999 0.0127
vn 0.0003 0.9999 0.0137
vn 0.0017 0.9999 0.0137
vn 0.8270 -0.5622 -0.0051
vn 0.9775 -0.2108 0.0059
vn 0.9927 -0.1207 -0.0019
vn 0.9744 -0.2248 -0.0022
vn 0.9940 -0.1096 0.0013
vn -0.0028 0.7441 0.6680
vn 0.0118 0.7207 0.6932
vn 0.0141 0.7286 0.6848
vn 0.0069 -0.8020 0.5972
vn -0.8116 0.5842 -0.0047
vn -0.3242 0.9460 0.0031
vn -0.3680 0.9298 0.0041
vn -0.3719 0.9282 -0.0162
vn -0.3609 0.9323 -0.0231
vn -0.3628 0.9316 -0.0226
vn 0.0149 0.8493 0.5277
vn -0.0082 -0.2327 -0.9725
vn 0.0074 -0.0114 -0.9999
vn -0.0000 -0.0293 -0.9996
vn -0.0044 -0.0349 -0.9994
vn -0.0011 0.2326 -0.9726
vn 0.0004 0.0252 -0.9997
vn 0.0001 0.9999 0.0141
vn 0.0040 0.0340 -0.9994
vn 0.3086 -0.0959 -0.9463
vn 0.0625 0.9958 -0.0674
vn 0.4415 -0.8973 0.0008
vn -0.0190 0.7161 0.6977
vn -0.0237 0.7035 0.7103
vn 0.0662 0.0979 0.9930
vn 0.0193 0.0642 0.9977
vn 0.0024 -0.0704 0.9975
vn 0.0053 -0.1902 0.9817
vn -0.0056 -0.2308 0.9730
vn 0.0024 -0.7593 0.6507
vn 0.0028 -0.9318 0.3629
vn -0.0545 -0.9167 0.3959
vn -0.1129 -0.9912 -0.0686
vn -0.0850 -0.9958 -0.0334
vn -0.0872 -0.9960 -0.0205
vn -0.0013 -0.6464 -0.7630
vn -0.0040 -0.6399 -0.7684
vn 1.0000 -0.0012 0.0005
vn 1.0000 -0.0021 0.0048
vn 1.0000 -0.0019 -0.0006
vn 1.0000 0.0013 0.0005
vn 1.0000 0.0026 0.0011
vn 1.0000 -0.0009 -0.0001
vn 1.0000 0.0081 0.0054
vn 1.0000 -0.0032 0.0053
vn 1.0000 -0.0011 -0.0008
vn 1.0000 -0.0074 0.0041
vn 1.0000 0.0082 -0.0003
vn 1.0000 0.0086 -0.0011
vn 1.0000 -0.0064 -0.0009
vn 0.9809 0.0022 -0.1945
vn 0.8635 0.0103 -0.5042
vn 0.9507 0.0113 -0.3100
vn 0.9870 -0.0998 -0.1260
vn 1.0000 -0.0074 -0.0066
vn 0.9047 -0.0048 -0.4261
vn 0.8769 -0.1346 -0.4614
vn 0.7224 0.6228 -0.3003
vn 1.0000 0.0038 -0.0002
vn 1.0000 0.0010 -0.0002
vn 0.9998 -0.0183 -0.0122
vn 0.8694 0.4941 -0.0009
vn 0.8595 0.5110 -0.0088
vn 0.8948 0.4460 -0.0198
vn 0.8702 0.4032 -0.2830
vn 0.9999 -0.0127 -0.0012
vn 0.8983 0.4388 -0.0209
vn 0.6705 0.3915 -0.6302
vn 0.6861 0.3623 -0.6308
vn 0.6051 0.4974 -0.6217
vn 1.0000 -0.0070 -0.0021
vn 0.8703 0.4925 0.0015
vn 0.9982 0.0599 -0.0055
vn 0.9982 0.0593 -0.0069
vn 0.9982 0.0594 -0.0069
vn 0.9086 -0.1235 -0.3989
vn 0.7695 0.2977 -0.5650
vn 0.7883 -0.0068 -0.6152
vn 0.9999 -0.0159 -0.0025
vn 1.0000 0.0006 0.0001
vn 1.0000 -0.0097 -0.0011
vn 0.9336 0.1766 -0.3117
vn 0.5906 0.5181 -0.6187
vn 0.7699 -0.1052 -0.6294
vn 0.7546 0.0153 -0.6560
vn 0.8754 0.4834 -0.0006
vn 0.5460 -0.4123 -0.7293
vn 0.9993 -0.0369 -0.0044
vn 0.9987 -0.0508 -0.0038
vn 0.9985 0.0544 -0.0017
vn -0.0192 0.9998 -0.0030
vn -0.0507 0.9982 0.0309
vn -0.0533 0.9983 0.0226
vn 0.7380 0.0123 -0.6747
vn 0.9706 -0.2408 0.0026
vn 0.8672 0.4979 -0.0014
vn 0.8727 0.4882 0.0009
vn -0.0060 1.0000 0.0002
vn -0.0093 1.0000 -0.0013
vn -0.0046 0.9999 0.0122
vn -0.5153 0.1117 0.8497
vn -0.5928 0.1992 0.7803
vn -0.5089 0.0839 0.8568
vn -0.0038 1.0000 0.0079
vn -0.0021 0.9999 0.0100
vn 0.9125 -0.3804 -0.1506
vn 0.9989 0.0473 -0.0010
vn 1.0000 0.0052 -0.0046
vn 1.0000 -0.0089 -0.0006
vn -0.7940 -0.0094 0.6079
vn -0.6089 0.2156 0.7634
vn 0.9999 -0.0104 -0.0015
vn 1.0000 -0.0064 -0.0015
vn 0.8614 0.5080 0.0005
vn 0.9996 0.0276 0.0008
vn -0.9849 0.1730 0.0003
vn -0.9681 0.2343 0.0885
vn -0.9807 0.1953 0.0106
vn -0.6806 0.2169 0.6998
vn 0.1739 0.8643 -0.4720
vn 0.4082 0.3441 -0.8455
vn 0.4423 0.3081 -0.8423
vn 0.3188 0.3610 -0.8764
vn 0.3639 -0.1323 -0.9220
vn 0.4905 -0.1016 -0.8655
vn 0.3372 -0.3347 -0.8799
vn 0.4696 -0.2039 -0.8590
vn -0.1278 0.5250 0.8415
vn -0.0172 0.6416 0.7668
vn -0.0982 0.5578 0.8241
vn 0.1390 0.9706 -0.1965
vn 0.1693 0.9589 -0.2277
vn 0.0351 0.9946 -0.0979
vn 0.6987 -0.3543 -0.6215
vn 0.8627 0.5057 0.0009
vn 0.9998 0.0221 0.0004
vn -0.0144 0.9999 -0.0000
vn -0.0145 0.9999 -0.0000
vn -0.9654 0.1186 0.2322
vn -0.9692 0.1726 0.1755
vn -0.8522 0.3690 0.3709
vn 0.0009 0.6809 0.7323
vn 0.0041 0.0342 -0.9994
vn 0.1143 0.9930 -0.0283
vn 0.1305 0.9914 -0.0090
vn 0.5520 0.8338 -0.0043
vn 0.5521 0.8337 -0.0043
vn 0.5456 0.8380 -0.0044
vn 0.3182 -0.9480 -0.0007
vn 0.3916 -0.9201 0.0021
vn -0.0003 -0.1320 0.9913
vn 0.0102 -0.1026 0.9947
vn 0.0089 -0.8539 0.5203
vn 0.0016 -0.7727 0.6347
vn -0.8034 0.5954 0.0007
vn 0.0021 0.6532 0.7572
vn -0.0143 0.6363 0.7713
vn 0.0023 0.9999 0.0101
vn -0.0014 0.6738 0.7389
vn -0.0706 0.0804 0.9943
vn -0.1816 0.1944 0.9640
vn -0.1800 0.1846 0.9662
vn 0.4653 0.0031 -0.8851
vn 1.0000 -0.0035 -0.0034
vn -0.9961 0.0887 -0.0015
vn 0.4975 0.1160 -0.8596
vn 0.5870 -0.0173 -0.8094
vn 0.5375 0.0594 -0.8412
vn -0.4461 0.8613 -0.2433
vn -0.0052 -0.4578 0.8891
vn -0.0106 -0.4530 0.8914
vn -0.9990 -0.0454 -0.0024
vn -0.9997 -0.0153 -0.0170
vn 0.3131 0.9497 0.0003
vn 0.1677 0.9858 -0.0049
vn 0.1614 0.9868 -0.0122
vn 0.3799 0.9086 0.1738
vn 0.4204 0.9004 0.1118
vn -0.0077 0.7782 -0.6279
vn -0.0069 0.7748 -0.6322
vn -0.0000 0.9999 -0.0137
vn 0.0002 0.9999 -0.0127
vn -0.0999 0.0813 0.9917
vn 0.8491 -0.5282 -0.0016
vn 0.9999 0.0159 0.0013
vn -0.9956 0.0932 -0.0000
vn 0.0026 1.0000 0.0076
vn 0.6269 -0.0864 -0.7743
vn 0.7131 -0.7011 -0.0025
vn -0.7536 0.6421 -0.1404
vn -0.7718 0.6301 -0.0852
vn -0.0099 0.9747 0.2233
vn 0.0088 0.9798 0.1997
vn -0.0027 0.9696 0.2447
vn 0.0020 0.7291 0.6844
vn -0.0038 0.7243 0.6895
vn 0.0073 0.7151 0.6990
vn 0.0031 0.5190 0.8548
vn -0.4938 0.8696 0.0056
vn -0.5104 0.8599 -0.0035
vn -0.2554 0.9668 0.0064
vn -0.2583 0.9659 0.0159
vn -0.0023 0.9842 -0.1770
vn 0.0020 0.8602 0.5100
vn 0.0052 0.8612 0.5083
vn -0.0157 0.6323 0.7746
vn -0.0120 0.1075 -0.9941
vn -0.0012 0.0671 -0.9977
vn 0.0028 0.6444 0.7646
vn 0.4655 0.0045 -0.8851
vn 0.9931 -0.1176 -0.0008
vn 0.9512 -0.3084 -0.0004
vn 1.0000 -0.0053 -0.0005
vn -0.0177 0.9998 0.0004
vn -0.4491 0.8934 -0.0078
vn -0.4503 0.8929 -0.0090
vn -0.4506 0.8927 -0.0091
vn -0.1649 0.8961 0.4121
vn -0.0024 0.9999 0.0100
vn 0.9215 0.0835 -0.3794
vn 0.9172 0.0980 -0.3862
vn 0.9281 0.0592 -0.3677
vn 0.0581 0.9983 0.0051
vn 0.5369 0.8437 -0.0017
vn -0.0019 0.7370 0.6759
vn -0.0240 -0.1291 0.9913
vn 0.0112 -0.2251 0.9743
vn -0.9998 -0.0118 0.0128
vn -0.8019 0.5975 0.0022
vn 0.2321 0.9723 0.0274
vn 0.2386 0.9710 0.0127
vn 0.4548 0.8905 0.0123
vn 0.0118 -0.2707 -0.9626
vn -0.0022 0.0343 -0.9994
vn -0.0021 0.6369 0.7710
vn -0.0030 0.0888 0.9960
vn -0.0003 0.0847 0.9964
vn 0.0106 0.9762 -0.2165
vn 0.0024 0.9819 -0.1896
vn 0.5876 -0.5129 -0.6258
vn -0.3084 0.9370 0.1642
vn 0.9324 0.0414 -0.3590
vn 0.0455 0.9990 0.0018
vn 0.0270 0.9996 -0.0000
vn 0.3075 -0.9515 -0.0003
vn 0.9891 -0.1474 0.0012
vn -0.6786 0.6718 -0.2971
vn -0.7217 0.6441 -0.2537
vn 0.0060 0.9936 0.1124
vn 0.0057 0.4024 0.9154
vn -0.0053 0.4381 0.8989
vn 0.0006 -0.0656 0.9978
vn 0.0058 -0.3148 0.9492
vn -0.0198 -0.2235 0.9745
vn -0.0059 -0.3045 0.9525
vn -0.0033 -0.9880 0.1547
vn -0.0009 -0.9882 0.1530
vn -0.6639 -0.7478 0.0067
vn -0.9502 0.3117 0.0051
vn -0.9622 0.2721 -0.0062
vn -0.9632 0.2686 -0.0072
vn -0.2941 0.9557 0.0092
vn -0.0125 0.9701 -0.2424
vn 0.0017 -0.6646 -0.7472
vn -0.0022 -0.6152 -0.7883
vn 0.0005 -0.6260 -0.7798
vn 0.4666 0.0053 -0.8845
vn 0.1210 -0.2896 -0.9495
vn 0.8201 -0.4957 -0.2859
vn 0.8302 -0.4580 -0.3180
vn 0.8627 0.5057 0.0007
vn 0.8628 0.5056 0.0009
vn 1.0000 0.0042 0.0001
vn 0.0080 1.0000 0.0037
vn -0.0245 0.9996 0.0124
vn -0.1379 0.8541 -0.5015
vn -0.2975 0.8281 -0.4752
vn -0.1529 0.8594 -0.4880
vn -0.0032 0.9833 0.1818
vn -0.0880 -0.9915 0.0962
vn -0.1776 -0.9839 0.0210
vn -0.9490 0.3152 0.0062
vn -0.7817 0.6237 -0.0059
vn -0.7861 0.6181 -0.0011
vn -0.4733 0.8809 0.0007
vn -0.5054 0.8629 0.0062
vn 0.3688 0.9295 -0.0047
vn -0.0000 0.0885 0.9961
vn -0.0000 0.0882 0.9961
vn -0.0000 0.0918 0.9958
vn -0.0000 -0.7238 -0.6900
vn -0.0000 0.0877 0.9961
vn -0.0000 0.0874 0.9962
vn -0.0000 0.0879 0.9961
vn 0.0231 -0.0844 -0.9962
vn 0.0019 -0.0629 -0.9980
vn 0.0014 -0.9057 -0.4239
vn 0.0008 -0.9076 -0.4199
vn -0.0017 0.0273 -0.9996
vn -0.0039 0.0255 -0.9997
vn 0.0003 0.9998 0.0180
vn -0.0030 0.6706 0.7418
vn -0.0078 0.6647 0.7471
vn -0.0006 0.0288 0.9996
vn -0.0009 0.9999 -0.0163
vn 0.0003 0.9999 -0.0160
vn 0.2062 0.3737 -0.9044
vn 0.5124 -0.5571 -0.6535
vn 0.8218 -0.5527 -0.1384
vn 0.9318 -0.3631 -0.0020
vn 1.0000 -0.0062 -0.0003
vn 0.8594 0.5113 -0.0009
vn -0.0216 0.9998 -0.0002
vn 0.9988 0.0481 -0.0019
vn 0.9990 0.0443 -0.0026
vn 0.9997 0.0258 -0.0015
vn 0.9999 0.0109 -0.0072
vn 0.6882 -0.7256 0.0011
vn 0.5810 -0.8139 0.0026
vn 0.8173 -0.5761 0.0063
vn 0.7272 -0.6864 0.0078
vn 0.0143 0.9792 0.2025
vn 0.0196 0.8435 0.5368
vn 0.0134 0.5178 0.8554
vn 0.0009 -0.0332 0.9994
vn 0.0135 -0.1412 0.9899
vn 0.0227 -0.6361 0.7712
vn -0.0137 0.9687 -0.2479
vn 0.0133 0.6385 0.7695
vn 0.0052 0.6492 0.7606
vn 0.0088 0.5235 0.8520
vn -0.0000 -0.0477 -0.9989
vn -0.0000 0.0876 0.9962
vn -0.0000 0.7238 0.6900
vn -0.0000 0.6900 -0.7238
vn -0.0000 0.0883 0.9961
vn -0.0000 -0.0476 -0.9989
vn 0.0048 0.1405 -0.9901
vn 0.0010 0.0014 -1.0000
vn 0.0136 0.1159 -0.9932
vn 0.0132 0.1117 -0.9937
vn 0.1136 -0.0579 -0.9918
vn 0.0870 -0.5679 -0.8185
vn 0.0254 0.9997 0.0002
vn 0.7026 -0.7115 -0.0083
vn -0.6373 0.5364 -0.5533
vn -0.5454 0.5874 -0.5979
vn -0.4706 0.5805 -0.6646
vn -0.9170 -0.3988 0.0072
vn -0.9449 -0.3274 -0.0078
vn -0.9342 -0.3565 -0.0139
vn -0.9833 0.1822 0.0005
vn -0.1252 0.9921 0.0010
vn 0.4566 0.8896 0.0101
vn 0.4510 0.7726 0.4470
vn -0.0164 0.8396 0.5429
vn 0.0027 0.6173 0.7867
vn -0.0000 0.0873 0.9962
vn -0.0000 0.0899 0.9960
vn -0.0000 0.0862 0.9963
vn -0.0000 0.0917 0.9958
vn -0.0000 0.9289 -0.3703
vn -0.0053 -0.3603 0.9328
vn -0.0000 0.9370 -0.3495
vn -0.0064 -0.0539 -0.9985
vn 0.0187 -0.0783 -0.9968
vn 0.0190 -0.0789 -0.9967
vn 0.0018 0.1234 -0.9924
vn 0.0015 0.9997 0.0226
vn -0.0039 0.6360 0.7717
vn 0.2209 -0.4861 -0.8455
vn 0.8222 -0.5692 -0.0011
vn 0.9312 -0.3645 0.0008
vn 0.9999 0.0106 -0.0010
vn -0.9958 0.0911 0.0004
vn -0.5836 0.8121 0.0020
vn -0.5959 0.8030 0.0067
vn -0.0125 0.9999 0.0006
vn -0.0620 0.9979 0.0167
vn -0.0317 0.9994 0.0169
vn 0.5580 0.8298 0.0009
vn 0.5582 0.8297 0.0010
vn 0.5477 0.8367 -0.0001
vn -0.0119 0.4602 0.8878
vn 0.0032 0.4937 0.8696
vn -0.0041 -0.6324 0.7747
vn -0.9464 -0.3229 -0.0058
vn 0.2343 0.9721 -0.0096
vn 0.2013 0.9795 -0.0063
vn 0.3378 0.9412 -0.0008
vn 0.0106 0.9100 0.4144
vn 0.0227 0.9164 0.3996
vn -0.0048 -0.4222 0.9065
vn -0.0049 -0.4208 0.9071
vn -0.0048 -0.4221 0.9065
vn -0.0000 0.0915 0.9958
vn -0.0000 0.0914 0.9958
vn -0.0000 0.4924 -0.8703
vn 0.0070 0.3459 -0.9383
vn 0.0016 0.4598 -0.8880
vn 0.0071 0.3438 -0.9390
vn -0.0049 -0.1767 -0.9843
vn 0.0149 -0.0167 -0.9998
vn -0.0052 -0.6821 -0.7312
vn 0.0002 0.9999 -0.0102
vn 0.0007 0.9999 -0.0102
vn -0.0005 0.0266 0.9996
vn 0.1060 -0.0025 -0.9944
vn 0.4585 -0.6163 -0.6402
vn 0.6803 -0.7329 -0.0011
vn 0.9420 -0.3302 -0.0605
vn 1.0000 -0.0018 -0.0012
vn 0.8671 0.4982 -0.0026
vn 0.0052 0.9999 -0.0093
vn 0.9997 0.0257 -0.0007
vn 0.3143 -0.9493 0.0021
vn 0.9885 -0.1509 0.0016
vn -0.3651 0.5763 -0.7311
vn -0.0054 0.9978 0.0655
vn 0.0032 0.9997 0.0234
vn 0.0333 0.8445 0.5345
vn 0.0091 0.8739 0.4861
vn -0.0141 0.5900 0.8073
vn 0.0069 -0.8365 0.5479
vn 0.0084 -0.8454 0.5341
vn -0.7171 -0.6970 -0.0078
vn -0.3027 0.9531 -0.0035
vn -0.4732 0.8809 -0.0014
vn -0.4699 0.8827 0.0012
vn 0.3892 0.9210 -0.0149
vn 0.0033 0.6108 0.7918
vn -0.0000 -0.4906 0.8714
vn -0.0000 0.4926 -0.8703
vn -0.0000 0.4921 -0.8705
vn 0.0016 0.4591 -0.8884
vn -0.0000 0.4920 -0.8706
vn -0.0000 0.4909 -0.8712
vn -0.0012 -0.9145 -0.4046
vn -0.0006 0.6681 0.7441
vn 0.0038 0.6629 0.7487
vn 0.0030 0.6474 0.7621
vn 0.0111 0.3905 -0.9205
vn 0.0278 0.4039 -0.9144
vn 0.0828 0.3943 -0.9152
vn 0.2106 -0.0047 -0.9776
vn 0.0026 -0.7288 -0.6847
vn 0.9983 -0.0586 -0.0000
vn -0.0056 1.0000 -0.0009
vn 0.9328 -0.2555 0.2543
vn 0.9338 -0.2459 0.2598
vn 0.9334 -0.2501 0.2574
vn -0.0166 0.9982 -0.0573
vn -0.0241 0.9980 -0.0588
vn 0.0047 -0.2781 0.9605
vn 0.0068 -0.1440 0.9896
vn 0.3395 0.8331 0.4367
vn -0.0075 0.9374 0.3483
vn -0.0165 0.9444 0.3285
vn -0.0021 -0.9151 -0.4031
vn -0.0007 0.0298 0.9996
vn -0.0003 1.0000 0.0014
vn -0.0006 0.0013 -1.0000
vn 0.4581 -0.6184 -0.6385
vn 0.5934 -0.7340 -0.3303
vn 0.5910 -0.7351 -0.3322
vn 0.5217 -0.7873 -0.3285
vn 0.9998 0.0193 -0.0001
vn -0.0220 0.9998 -0.0002
vn 0.9996 0.0286 0.0003
vn 0.0361 0.9993 -0.0007
vn 0.5524 0.8336 -0.0007
vn 0.6129 0.7902 0.0004
vn 0.6919 -0.7219 0.0042
vn 0.6593 -0.7508 0.0401
vn 0.7375 -0.6665 0.1091
vn -0.0194 0.8529 -0.5217
vn 0.0023 0.8597 -0.5107
vn -0.0035 0.8703 -0.4925
vn -0.0082 0.8791 0.4765
vn -0.0028 0.5376 0.8432
vn -0.0263 -0.6047 0.7960
vn -0.6525 0.7577 0.0103
vn -0.8195 0.5731 0.0016
vn 0.7377 0.6328 0.2352
vn 0.7814 0.6147 0.1076
vn 0.7011 0.6594 0.2714
vn -0.0027 0.5427 -0.8399
vn -0.0567 0.6475 -0.7600
vn -0.0647 0.6617 -0.7469
vn 0.8314 -0.5557 -0.0039
vn 0.8147 -0.5799 -0.0007
vn 0.8779 0.4789 0.0005
vn 0.8760 0.4823 0.0009
vn -0.6487 0.7610 0.0020
vn 0.9996 0.0292 0.0003
vn 0.6158 0.7879 0.0026
vn 0.7597 -0.1013 0.6424
vn 0.6935 -0.2235 0.6850
vn 0.7342 -0.1521 0.6616
vn -0.0076 0.8698 -0.4933
vn -0.0069 0.8870 0.4616
vn 0.0033 0.5456 0.8380
vn 0.0078 0.5732 0.8194
vn 0.0209 0.3538 0.9351
vn 0.0008 0.3381 0.9411
vn 0.7921 0.5996 0.1140
vn 0.0056 0.6186 0.7857
vn 0.0053 -0.6773 -0.7356
vn -0.0000 0.9999 -0.0101
vn -0.0003 0.9999 0.0165
vn -0.0002 0.9999 0.0151
vn 0.0006 0.0630 0.9980
vn 0.0005 0.0616 0.9981
vn 0.1437 -0.7546 -0.6403
vn 0.4263 -0.8026 -0.4173
vn 0.9026 -0.4305 0.0003
vn 1.0000 -0.0009 -0.0004
vn 0.9998 0.0216 -0.0003
vn -0.9962 0.0873 -0.0000
vn -0.6589 0.7522 0.0005
vn -0.0106 0.9999 0.0002
vn 0.0265 0.9996 0.0002
vn 0.9324 -0.2584 0.2526
vn -0.0042 0.8668 -0.4986
vn -0.0004 -0.0848 0.9964
vn 0.0108 -0.5473 0.8369
vn -0.0131 -0.8144 0.5802
vn -0.9781 0.2080 0.0034
vn 0.0274 0.9995 -0.0127
vn 0.0228 0.9996 -0.0140
vn 0.0690 0.9976 -0.0011
vn 0.4386 0.8986 0.0146
vn 0.7804 0.6251 0.0107
vn 0.7979 0.6026 0.0151
vn 0.5967 0.5891 0.5449
vn 0.5222 0.6301 0.5747
vn 0.4056 0.7237 0.5584
vn 0.0004 -0.1472 -0.9891
vn -0.0108 -0.1303 -0.9914
vn 0.0020 0.0180 -0.9998
vn 0.0017 0.0184 -0.9998
vn -0.0003 -0.0102 -0.9999
vn -0.0002 -0.0094 -1.0000
vn -0.0021 0.5208 -0.8537
vn 0.0014 -0.0774 -0.9970
vn -0.0008 -0.7157 -0.6984
vn -0.0107 0.9999 -0.0001
vn -0.0103 0.9999 0.0002
vn 0.0256 0.9997 0.0002
vn -0.0069 0.3579 0.9337
vn 0.0767 0.9971 -0.0026
vn 0.2818 0.9594 0.0131
vn -0.0000 0.0538 0.9985
vn -0.0001 0.9999 0.0165
vn 0.0006 0.9999 0.0138
vn 0.1080 -0.8491 -0.5170
vn 0.9917 -0.1227 -0.0376
vn 0.9744 -0.2248 0.0090
vn 0.9427 -0.3337 0.0006
vn 0.9936 0.0874 0.0717
vn 0.9434 -0.3317 -0.0056
vn 0.8547 -0.2149 0.4725
vn 0.8348 -0.3183 0.4492
vn 0.8412 -0.0638 0.5369
vn 0.6734 -0.4496 0.5868
vn 0.9281 -0.3701 -0.0415
vn 0.6410 -0.4631 0.6120
vn 0.8110 -0.0262 0.5844
vn 0.9708 0.2302 0.0673
vn 0.9308 0.2513 0.2654
vn 0.9932 0.0270 -0.1134
vn 0.9642 0.1987 -0.1758
vn 0.8866 -0.3288 -0.3254
vn 0.8717 -0.3363 -0.3564
vn 0.8669 -0.3386 -0.3660
vn 0.4315 -0.0131 0.9020
vn 0.4354 -0.0148 0.9001
vn 0.4208 -0.0086 0.9071
vn 0.3262 -0.9451 -0.0184
vn 0.5450 -0.8383 0.0143
vn 0.5212 -0.8534 0.0105
vn 0.3356 -0.4595 0.8223
vn 0.6707 0.4959 0.5516
vn 0.5979 0.5049 0.6226
vn 0.6583 0.4979 0.5646
vn 0.8362 -0.3510 -0.4214
vn 0.7535 0.4769 0.4526
vn 0.9034 0.2867 -0.3188
vn 0.8995 0.1643 -0.4048
vn 0.3017 -0.9532 -0.0177
vn 0.3748 -0.4235 0.8247
vn 0.3288 -0.3956 0.8576
vn 0.4678 -0.4555 0.7574
vn 0.9027 -0.4304 -0.0027
vn 0.9942 -0.1079 0.0002
vn 0.9565 -0.2916 0.0068
vn 0.9801 -0.0663 0.1873
vn 0.9428 -0.2772 0.1850
vn 0.9611 0.0639 0.2685
vn 0.9217 -0.0580 0.3836
vn 0.9042 -0.2166 0.3683
vn 0.7667 0.1493 0.6245
vn 0.7876 0.1078 0.6067
vn 0.7231 0.2636 0.6384
vn 0.9270 0.2132 0.3086
vn 0.8351 0.3189 0.4483
vn 0.9286 0.1983 0.3135
vn 0.9831 0.0910 0.1590
vn 0.8525 0.3117 0.4196
vn 0.8400 -0.4818 0.2498
vn 0.5094 -0.1320 0.8503
vn 0.6441 -0.0912 0.7595
vn 0.5868 -0.0044 0.8097
vn 0.6521 0.4254 0.6276
vn 0.7275 0.3346 0.5991
vn -0.0920 0.5779 0.8109
vn -0.0988 0.5720 0.8143
vn -0.1609 0.5398 0.8263
vn -0.1965 0.5455 0.8148
vn 0.7712 0.4675 0.4321
vn 0.8907 0.3486 0.2917
vn -0.1495 0.5755 0.8040
vn -0.1523 0.5875 0.7947
vn 0.5275 -0.4674 0.7095
vn 0.5556 -0.4447 0.7026
vn 0.8321 -0.5476 0.0883
vn 0.6624 -0.2695 0.6990
vn 0.5946 0.4220 0.6844
vn 0.5779 0.4136 0.7035
vn -0.2450 0.5635 0.7889
vn -0.1642 0.5782 0.7992
vn 0.9996 -0.0233 0.0136
vn 0.5442 -0.4514 0.7072
vn 0.2256 -0.1457 0.9633
vn 0.4322 0.0208 0.9015
vn -0.2250 0.5501 0.8042
vn -0.2607 0.5133 0.8177
vn -0.8259 -0.2958 0.4799
vn -0.8540 -0.1901 0.4843
vn -0.6794 -0.3252 0.6578
vn -0.0712 0.6042 0.7936
vn 0.4171 -0.0070 0.9088
vn 0.4191 0.3943 0.8178
vn 0.9400 0.3345 -0.0678
vn 0.2985 -0.9542 -0.0169
vn 0.9998 0.0213 -0.0004
vn -0.0140 0.9999 -0.0010
vn 0.9998 0.0195 0.0023
vn 0.3205 -0.9473 0.0006
vn 0.3200 -0.9474 0.0010
vn 0.6655 -0.2671 0.6970
vn -0.3177 0.5241 -0.7902
vn -0.0295 0.6248 -0.7802
vn -0.0322 0.6327 -0.7737
vn -0.0052 0.5783 -0.8158
vn 0.0101 0.9512 0.3085
vn -0.0013 0.7130 0.7012
vn -0.0094 0.3797 0.9251
vn -0.0024 -0.5092 0.8606
vn -0.7383 -0.6744 -0.0143
vn -0.9388 -0.3444 0.0013
vn 0.6796 0.7336 0.0083
vn 0.7858 0.6184 0.0026
vn -0.0008 -0.1819 -0.9833
vn -0.0104 -0.6138 -0.7894
vn 0.0010 -0.6304 -0.7762
vn -0.0004 -0.9140 -0.4057
vn -0.0006 0.9998 0.0187
vn -0.0078 0.0447 0.9990
vn -0.0016 -0.8763 -0.4818
vn 0.6847 -0.7288 -0.0030
vn 0.8593 -0.5097 -0.0430
vn 0.9121 -0.4094 -0.0206
vn 0.8743 -0.4794 -0.0752
vn 0.7366 -0.5195 0.4330
vn 0.3267 -0.2211 0.9189
vn -0.8715 0.1829 0.4550
vn -0.8496 0.1838 0.4944
vn -0.9417 0.1793 0.2847
vn -0.9836 0.0365 0.1768
vn -0.8573 -0.1200 0.5007
vn 0.9999 -0.0054 0.0134
vn 0.8769 0.4808 0.0002
vn -0.9976 0.0694 0.0009
vn -0.5949 0.8038 -0.0079
vn 0.4609 -0.8875 0.0001
vn -0.0314 0.9971 -0.0690
vn 0.0015 0.9530 0.3029
vn 0.0035 -0.0405 0.9992
vn -0.0206 -0.8065 0.5909
vn -0.9907 0.1362 0.0014
vn -0.7012 0.7130 -0.0016
vn 0.0075 0.9999 0.0121
vn 0.2831 0.9589 0.0187
vn -0.7380 -0.0783 -0.6702
vn 0.0200 0.7580 0.6519
vn -0.0017 0.6454 0.7638
vn 0.0077 0.7019 0.7122
vn -0.0008 -0.9156 -0.4021
vn -0.0060 0.0206 -0.9998
vn -0.0004 -0.0070 -1.0000
vn -0.0012 1.0000 -0.0093
vn 0.0035 0.1099 0.9939
vn 0.3462 -0.8508 -0.3953
vn 0.6622 -0.4676 0.5855
vn 0.3402 0.4081 0.8472
vn 0.3385 0.3622 0.8685
vn 0.3358 0.3141 0.8880
vn 0.3410 0.4473 0.8268
vn -0.9474 0.1896 0.2578
vn 0.7710 0.5034 0.3901
vn 0.9889 0.1138 0.0954
vn 1.0000 -0.0043 0.0016
vn 0.9998 0.0199 0.0027
vn 0.7199 -0.6764 0.1555
vn 0.0098 0.8659 -0.5001
vn 0.0092 0.5269 0.8499
vn 0.0073 -0.5159 0.8566
vn -0.2917 0.9565 -0.0003
vn -0.0078 -0.9193 -0.3935
vn -0.0010 0.9998 0.0189
vn -0.0024 0.6378 0.7702
vn -0.0001 0.9998 0.0180
vn -0.0002 0.9998 0.0175
vn 0.0012 -0.0119 -0.9999
vn 0.0006 -0.0190 -0.9998
vn 0.0016 0.5057 -0.8627
vn 0.0001 -0.0000 -1.0000
vn 0.0022 -0.7733 -0.6341
vn 0.0069 -0.6438 -0.7651
vn -0.0047 -0.6409 -0.7676
vn 0.0038 -0.7183 -0.6957
vn 0.5031 -0.8642 -0.0012
vn 0.6072 -0.7945 0.0073
vn 0.4572 -0.8893 -0.0003
vn 0.8328 -0.5536 0.0032
vn -0.6445 -0.3162 0.6962
vn -0.0490 0.5864 0.8085
vn 0.5892 0.7515 0.2966
vn 0.5696 0.6796 0.4623
vn 0.6008 0.6984 0.3888
vn 0.4929 -0.1087 -0.8632
vn 0.6598 -0.4367 -0.6115
vn 0.0586 -0.9816 -0.1820
vn 0.8761 0.4821 0.0004
vn -0.9979 0.0640 -0.0004
vn 0.0194 0.9998 0.0004
vn 0.0210 0.9998 -0.0004
vn 0.0231 0.8593 -0.5110
vn 0.0154 0.9473 0.3199
vn 0.0034 0.9447 0.3280
vn -0.6602 0.7509 -0.0155
vn -0.4138 0.9104 0.0022
vn 0.0018 0.9999 0.0135
vn 0.0015 0.6429 0.7659
vn 0.0041 -0.0154 0.9999
vn 0.0001 0.5066 -0.8622
vn 0.0017 -0.1095 -0.9940
vn -0.0023 -0.3774 -0.9261
vn 0.6102 -0.7922 0.0017
vn 0.6828 -0.7306 0.0008
vn 0.6710 -0.7414 -0.0004
vn 0.8176 -0.5758 -0.0012
vn 0.7133 -0.6950 0.0907
vn -0.0139 0.7476 0.6640
vn 0.0077 0.7660 0.6428
vn -0.0452 0.7220 0.6904
vn -0.1520 0.6352 0.7573
vn -0.0880 0.6482 0.7564
vn -0.1836 0.6338 0.7514
vn -0.7359 0.6036 0.3068
vn -0.2389 0.4668 0.8515
vn -0.9525 0.1703 0.2526
vn -0.9536 0.1705 0.2483
vn 0.9999 0.0026 0.0126
vn 0.5581 0.1436 -0.8173
vn 0.5304 0.1586 -0.8328
vn 0.4420 0.2030 -0.8737
vn 0.6076 0.7942 -0.0001
vn 0.6138 0.7895 0.0021
vn 0.3197 -0.9475 0.0002
vn 0.3781 -0.0898 0.9214
vn 0.3017 -0.1855 0.9352
vn 0.3519 -0.1236 0.9278
vn -0.0104 0.9514 0.3077
vn -0.0165 0.9530 0.3024
vn -0.0142 0.0239 0.9996
vn -0.0108 0.0272 0.9996
vn 0.0280 -0.3497 0.9365
vn -0.0147 -0.3098 0.9507
vn -0.9449 -0.3272 -0.0017
vn -0.8733 -0.4723 -0.1196
vn -0.8961 -0.3721 -0.2419
vn -0.8610 -0.3769 -0.3416
vn 0.0054 -0.6424 -0.7664
vn 0.0012 0.0248 -0.9997
vn 0.0011 0.0248 -0.9997
vn -0.0018 -0.0036 -1.0000
vn 0.0018 0.5056 -0.8627
vn -0.0023 -0.2438 -0.9698
vn -0.0037 -0.6302 -0.7764
vn -0.0039 -0.7121 -0.7021
vn 0.0028 -0.8698 -0.4934
vn 0.2497 -0.4434 0.8609
vn 0.1166 -0.1588 0.9804
vn -0.0702 0.6967 0.7139
vn -0.5513 -0.3790 0.7432
vn 0.0757 -0.3672 -0.9271
vn 0.9999 -0.0107 -0.0004
vn 0.9999 0.0173 -0.0000
vn -0.0200 0.9998 -0.0003
vn 0.9999 0.0140 -0.0003
vn 0.9999 0.0124 0.0009
vn 0.6840 -0.7164 0.1379
vn 0.0089 0.8819 -0.4714
vn 0.0017 0.9527 0.3040
vn -0.0177 0.9997 0.0166
vn 0.0830 0.9964 -0.0143
vn 0.0852 0.9963 -0.0105
vn 0.7996 0.6006 -0.0005
vn -0.9998 -0.0133 -0.0112
vn -0.9909 -0.1345 0.0052
vn -0.9999 -0.0041 -0.0125
vn 0.2666 0.3311 0.9051
vn -0.0061 0.6243 0.7811
vn -0.0010 0.1382 -0.9904
vn -0.0003 1.0000 -0.0090
vn -0.0039 -0.0218 -0.9998
vn -0.0029 0.5276 -0.8495
vn 0.0033 -0.3822 -0.9241
vn 0.7592 -0.6506 -0.0185
vn 0.8145 -0.5801 -0.0038
vn 0.5715 -0.6455 0.5067
vn 0.0399 -0.1478 0.9882
vn 0.0151 -0.1316 0.9912
vn -0.0256 0.5609 0.8275
vn -0.0236 0.5535 0.8325
vn -0.0019 0.4717 0.8817
vn 0.1414 0.8846 0.4445
vn 0.0383 0.8970 0.4403
vn -0.0020 0.8993 0.4374
vn -0.0866 0.8992 0.4289
vn -0.4457 0.8398 0.3101
vn -0.2223 0.4387 0.8707
vn -0.9403 0.2055 0.2714
vn 0.2823 0.7701 0.5720
vn -0.3790 -0.5169 0.7676
vn -0.4596 -0.6284 0.6276
vn -0.4011 -0.5475 0.7344
vn -0.4700 -0.6430 0.6047
vn 0.9591 0.2775 0.0558
vn 0.8997 0.4123 0.1438
vn 0.6507 0.7594 -0.0019
vn 0.6425 0.7663 -0.0004
vn 0.5212 0.8532 0.0199
vn 0.5007 0.8653 0.0232
vn 0.8292 0.5589 0.0002
vn 0.8359 0.5489 0.0073
vn 0.8757 0.4828 0.0012
vn 0.9998 0.0183 0.0002
vn -0.7465 0.6653 -0.0020
vn -0.7359 0.6770 -0.0054
vn -0.7364 0.6765 -0.0053
vn -0.0215 0.9998 -0.0007
vn 0.3257 -0.9455 -0.0009
vn 0.2693 -0.2238 0.9367
vn 0.0118 -0.0013 0.9999
vn 0.0137 0.0088 0.9999
vn -0.0086 -0.1103 0.9939
vn -0.0054 0.5732 -0.8194
vn 0.0022 0.5676 -0.8233
vn -0.0004 0.8859 -0.4639
vn -0.0124 0.7099 0.7042
vn 0.0036 -0.4702 0.8826
vn -0.9928 0.1197 -0.0025
vn 0.0821 0.9965 -0.0151
vn 0.6140 0.7893 0.0034
vn 0.7949 0.6066 0.0112
vn 0.7796 0.6263 -0.0010
vn 0.7815 0.6239 -0.0021
vn -0.8397 -0.4835 -0.2472
vn -0.7964 -0.3996 -0.4540
vn -0.4346 -0.1864 -0.8811
vn 0.0036 -0.2015 -0.9795
vn 0.0025 -0.6449 -0.7642
vn 0.0030 0.1224 -0.9925
vn -0.0008 1.0000 -0.0087
vn -0.0018 0.9998 0.0201
vn 0.0002 0.0343 0.9994
vn 0.0025 -0.0428 -0.9991
vn 0.0001 0.0010 -1.0000
vn 0.6767 -0.7363 0.0002
vn 0.0008 0.4720 0.8816
vn -0.9380 0.2293 0.2598
vn -0.9392 0.2135 0.2690
vn -0.0048 0.5986 0.8010
vn 0.0666 0.6408 0.7648
vn 0.0041 0.5935 0.8048
vn 0.0052 0.5533 0.8330
vn 0.0108 0.6128 0.7901
vn 0.0079 0.5808 0.8140
vn 0.0028 -0.5562 0.8310
vn -0.0545 -0.5964 0.8009
vn -0.0170 -0.4750 0.8798
vn 1.0000 0.0091 0.0030
vn 0.9999 0.0134 0.0007
vn 0.3970 0.2239 -0.8901
vn 1.0000 0.0009 -0.0037
vn 0.9990 0.0443 0.0004
vn 0.9992 0.0402 -0.0012
vn -0.0064 1.0000 -0.0004
vn 0.9999 0.0144 -0.0007
vn 0.0245 0.9997 0.0002
vn 0.0031 0.5692 -0.8222
vn -0.0079 0.1543 0.9880
vn 0.8012 0.5983 -0.0022
vn -0.0032 -0.2327 -0.9725
vn 0.0007 -0.9063 -0.4227
vn -0.0018 0.6255 0.7802
vn 0.0025 0.0577 0.9983
vn -0.0000 0.9999 0.0151
vn 0.0019 0.5318 -0.8469
vn -0.0002 0.5331 -0.8461
vn 0.0013 0.5325 -0.8464
vn 0.0370 -0.9694 -0.2427
vn 0.0087 -0.9777 -0.2100
vn 0.6443 -0.7648 0.0071
vn 0.3880 -0.7159 0.5806
vn 0.2426 -0.5972 0.7645
vn 0.0128 -0.1222 0.9924
vn -0.8899 0.4532 0.0511
vn -0.9374 0.2307 0.2609
vn 1.0000 0.0046 -0.0004
vn 0.9814 0.1921 0.0002
vn -0.0070 1.0000 -0.0005
vn -0.4843 0.8748 0.0139
vn 0.5454 0.8382 -0.0004
vn 0.4633 -0.7035 0.5390
vn 0.5335 -0.6553 0.5347
vn 0.4456 -0.7145 0.5394
vn -0.0062 0.8943 -0.4475
vn 0.0195 0.9226 0.3852
vn -0.0102 0.5662 0.8242
vn -0.0201 0.5537 0.8324
vn 0.4169 0.9089 -0.0040
vn 0.5321 0.8466 -0.0084
vn 0.4265 0.9045 -0.0049
vn 0.5551 0.8316 -0.0176
vn 0.8070 0.5906 0.0065
vn -0.2803 0.1049 -0.9542
vn 0.0029 -0.6400 -0.7684
vn 0.0003 0.0259 -0.9997
vn -0.0005 0.9998 0.0213
vn -0.0006 0.0173 0.9999
vn -0.0003 -0.0220 -0.9998
vn 0.0010 -0.0135 -0.9999
vn -0.0060 -0.3341 -0.9425
vn 0.0044 -0.6537 -0.7567
vn -0.0027 -0.6375 -0.7704
vn 0.0019 -0.7394 -0.6732
vn 0.6779 -0.7352 0.0011
vn 0.0013 0.4633 0.8862
vn -0.3344 0.8969 -0.2895
vn -0.2853 0.9402 -0.1860
vn -0.3007 0.9285 -0.2179
vn -0.6049 0.7643 -0.2235
vn -0.6173 0.7751 -0.1350
vn -0.6086 0.7677 -0.2003
vn -0.6196 0.7768 -0.1129
vn -0.8479 0.5094 -0.1471
vn -0.0091 0.5563 0.8310
vn -0.0104 0.5637 0.8259
vn -0.0174 0.5913 0.8063
vn -0.0604 -0.6154 0.7859
vn 0.6585 0.5919 -0.4649
vn 0.8271 0.5620 -0.0029
vn -0.0167 0.9978 0.0644
vn -0.1082 0.9900 0.0903
vn -0.0788 0.9935 0.0821
vn -0.9987 0.0504 0.0002
vn -0.4782 0.8781 0.0151
vn 0.9935 0.1140 -0.0026
vn 0.0213 0.9998 0.0011
vn 0.5437 0.8393 -0.0012
vn 0.3331 -0.9429 -0.0035
vn -0.0258 -0.0921 0.9954
vn -0.0099 0.8953 -0.4453
vn -0.0205 0.8836 0.4677
vn -0.0152 0.8656 0.5006
vn 0.0122 0.9298 0.3680
vn -0.7743 -0.6314 -0.0424
vn 0.0008 0.9999 -0.0107
vn 0.0014 0.0277 -0.9996
vn 0.0011 0.6315 0.7754
vn 0.0004 0.9999 0.0152
vn -0.0019 -0.0163 -0.9999
vn -0.0090 -0.3283 -0.9445
vn -0.0004 -0.7260 -0.6877
vn 0.3703 -0.9289 -0.0064
vn 0.3486 -0.9373 -0.0000
vn 0.4840 -0.8751 0.0002
vn 0.6875 -0.7262 -0.0035
vn -0.0013 0.9933 0.1152
vn 0.0058 0.9916 0.1288
vn 0.0048 0.9788 0.2046
vn 0.0065 0.9747 0.2235
vn -0.0089 0.8662 -0.4997
vn -0.0387 0.8191 -0.5723
vn -0.0339 0.8275 -0.5605
vn -0.0085 0.5779 0.8161
vn 0.0323 0.6078 0.7934
vn 0.0131 0.5938 0.8045
vn 0.4311 0.5982 -0.6755
vn 0.9886 0.1498 0.0176
vn -0.7443 0.6678 0.0012
vn -0.0192 0.9998 0.0005
vn -0.0201 0.9998 -0.0000
vn 0.3420 -0.9397 0.0009
vn 0.0041 0.8814 -0.4723
vn 0.0040 0.8809 -0.4732
vn -0.5281 -0.6893 -0.4959
vn -0.4671 -0.8041 -0.3678
vn -0.5020 -0.7707 -0.3923
vn 0.0032 -0.9044 -0.4267
vn -0.0043 0.6318 0.7751
vn -0.0003 1.0000 0.0054
vn 0.0030 0.5294 -0.8483
vn -0.0003 0.0019 -1.0000
vn -0.0020 -0.0504 -0.9987
vn 0.0045 -0.3609 -0.9326
vn 0.0025 -0.7614 -0.6482
vn -0.0021 -0.6523 -0.7580
vn -0.0040 -0.8820 -0.4713
vn 0.0035 -0.9622 -0.2722
vn -0.0031 -0.9608 -0.2772
vn 0.0228 -0.9976 -0.0654
vn 0.3295 -0.9441 0.0022
vn 0.6881 -0.7218 -0.0744
vn -0.0049 -0.1635 0.9865
vn -0.3425 0.8879 -0.3072
vn -0.0019 0.6272 0.7788
vn 1.0000 0.0047 -0.0014
vn 0.9997 0.0246 0.0056
vn -0.0197 0.9998 0.0006
vn -0.0189 0.9998 -0.0022
vn -0.0187 0.9998 -0.0005
vn -0.0976 0.9952 0.0067
vn 0.9999 0.0145 -0.0012
vn 0.9999 0.0124 -0.0000
vn 0.3759 -0.9214 0.0986
vn 0.0065 -0.2119 0.9773
vn -0.0005 0.5899 -0.8075
vn 0.0001 0.5926 -0.8055
vn 0.0064 0.1953 0.9807
vn -0.0000 0.9932 -0.1163
vn -0.0181 0.9998 -0.0035
vn -0.9839 -0.1787 -0.0044
vn -0.0042 -0.2364 -0.9717
vn 0.0001 -0.9075 -0.4201
vn 0.0001 0.5169 -0.8560
vn 0.0242 0.2090 -0.9776
vn 0.1531 -0.9882 -0.0040
vn 0.6349 -0.7632 -0.1205
vn 0.3876 -0.5727 0.7224
vn 0.3880 -0.5790 0.7171
vn 0.3679 -0.5420 0.7556
vn 0.0944 -0.0259 0.9952
vn -0.0105 0.3705 0.9288
vn -0.0026 0.5950 0.8037
vn 0.1216 0.5867 0.8007
vn 0.0052 0.5739 0.8189
vn -0.0141 0.2632 0.9647
vn -0.0013 0.4263 0.9046
vn -0.0272 0.5066 0.8617
vn 0.8743 0.4712 0.1160
vn 0.8452 0.5345 -0.0013
vn 0.0162 0.9999 0.0001
vn 0.1049 -0.6571 0.7465
vn 0.0653 -0.6480 0.7588
vn 0.0854 -0.6623 0.7443
vn 0.0021 0.8848 -0.4660
vn -0.0144 0.5611 0.8277
vn 0.0182 0.6719 0.7404
vn -0.7366 0.6762 -0.0094
vn -0.3289 -0.6208 -0.7116
vn -0.0031 0.0368 -0.9993
vn -0.0018 0.5204 -0.8539
vn 0.0025 -0.3872 -0.9220
vn -0.0027 -0.4080 -0.9130
vn -0.0031 -0.6433 -0.7656
vn -0.0053 -0.6416 -0.7670
vn 0.0024 -0.9357 -0.3529
vn 0.6966 -0.7096 -0.1057
vn 0.4943 -0.8681 0.0457
vn 0.4633 -0.7853 0.4107
vn -0.0175 -0.5161 0.8564
vn -0.0117 -0.5540 0.8324
vn 0.0677 -0.5437 0.8366
vn 0.0037 -0.1876 0.9822
vn 0.0430 0.5746 0.8173
vn 0.0424 0.5704 0.8203
vn -0.0162 0.2588 0.9658
vn 0.0047 1.0000 -0.0018
vn -0.9987 0.0515 0.0005
vn 0.5451 0.8383 -0.0004
vn 0.0168 -0.6089 0.7931
vn 0.0064 -0.5876 0.8091
vn -0.0021 -0.0845 0.9964
vn -0.0022 -0.0757 0.9971
vn 0.0021 0.8867 -0.4623
vn -0.0019 0.8820 -0.4712
vn -0.0046 0.8838 -0.4679
vn 0.0142 0.9999 -0.0043
vn 0.0108 0.9999 -0.0108
vn -0.0063 0.9989 -0.0454
vn 0.0035 0.0619 0.9981
vn 0.0136 0.0261 0.9996
vn 0.4607 0.8875 0.0049
vn 0.4445 0.8957 0.0077
vn 0.5578 0.8299 0.0115
vn 0.8349 0.5504 0.0011
vn 0.8407 0.5415 -0.0038
vn 0.0039 0.1506 -0.9886
vn -0.0070 0.0714 -0.9974
vn -0.0003 0.0265 -0.9996
vn -0.0022 0.9997 0.0230
vn -0.0017 0.9997 0.0248
vn 0.0032 0.0593 -0.9982
vn 0.0046 -0.1888 0.9820
vn -0.0051 0.8445 -0.5355
vn -0.0005 0.8521 -0.5233
vn -0.0229 0.5989 0.8005
vn 0.0129 0.5473 0.8368
vn -0.0075 0.5749 0.8182
vn -0.0065 0.5988 0.8009
vn -0.0007 0.6267 0.7792
vn -0.0023 -0.4874 0.8732
vn 0.6371 0.7505 0.1758
vn 0.9666 -0.1136 0.2296
vn 0.9875 0.1565 0.0187
vn -0.9996 0.0287 -0.0022
vn -0.0117 0.9999 -0.0047
vn -0.0146 0.9999 0.0007
vn 0.9761 0.2172 -0.0031
vn 0.0150 0.9999 0.0002
vn 0.5438 0.8392 -0.0009
vn 0.3070 -0.9517 -0.0007
vn -0.0047 -0.1101 0.9939
vn -0.0000 0.5800 -0.8146
vn 0.4824 0.8759 0.0074
vn 0.5466 0.8372 -0.0148
vn -0.0201 -0.6392 -0.7688
vn 0.0004 0.9999 -0.0101
vn -0.0003 0.5300 -0.8480
vn -0.0003 0.0013 -1.0000
vn -0.0049 -0.1010 -0.9949
vn 0.0019 -0.1378 -0.9905
vn -0.0052 -0.3785 -0.9256
vn 0.0052 -0.8906 -0.4547
vn 0.0079 -0.8671 -0.4980
vn 0.3927 -0.5392 0.7450
vn 0.4175 -0.8128 0.4062
vn 0.1087 -0.7226 0.6826
vn 0.0061 0.3344 0.9424
vn 0.0108 0.9788 0.2047
vn -0.0060 0.9697 0.2443
vn 0.0073 0.4654 0.8851
vn 0.9996 0.0282 0.0098
vn 0.0075 1.0000 -0.0013
vn -0.9946 0.1036 -0.0116
vn -0.7687 0.6396 0.0010
vn -0.7655 0.6434 0.0002
vn 0.9999 0.0140 0.0001
vn 0.4854 0.8742 -0.0065
vn 0.3788 -0.7523 0.5390
vn 0.0062 -0.6202 0.7844
vn 0.0148 -0.6128 0.7901
vn -0.0007 0.6060 -0.7954
vn 0.0061 0.5940 -0.8045
vn 0.0018 0.8890 -0.4579
vn -0.9940 -0.1098 -0.0001
vn -0.8046 -0.5938 -0.0048
vn -0.6757 -0.7340 -0.0684
vn -0.0484 -0.6606 -0.7492
vn -0.0010 0.0296 -0.9996
vn -0.0007 0.9996 0.0271
vn 0.0106 -0.6573 -0.7536
vn 0.4732 -0.8790 -0.0586
vn 0.5045 -0.8634 0.0117
vn 0.1342 -0.8303 0.5409
vn 0.0077 0.3676 0.9299
vn 0.0034 0.5798 0.8148
vn 0.0070 0.5661 0.8243
vn 0.0190 0.5625 0.8266
vn -0.3288 -0.4011 0.8550
vn -0.1642 0.5859 0.7936
vn -0.0007 0.6293 0.7772
vn -0.0070 0.5890 0.8081
vn -0.9913 0.0683 0.1123
vn -0.9968 0.0216 0.0770
vn -0.9988 0.0418 0.0258
vn -0.9997 -0.0255 -0.0017
vn -0.9931 -0.1009 -0.0590
vn -0.9950 -0.0876 -0.0483
vn 0.0078 -0.4531 0.8914
vn 0.4910 0.8595 0.1419
vn 0.7093 0.1980 0.6766
vn 0.7104 0.0551 0.7016
vn 0.6925 0.1323 0.7092
vn 0.7572 -0.0341 0.6523
vn 0.7824 -0.0815 0.6175
vn -0.0126 0.9999 -0.0053
vn 0.9999 0.0134 -0.0000
vn -0.0041 -0.1080 0.9941
vn 0.0262 0.6841 0.7289
vn -0.7492 0.6622 -0.0131
vn 0.1894 0.9819 0.0015
vn -0.9877 -0.1563 0.0074
vn -0.9892 -0.1467 0.0057
vn -0.9884 -0.1518 0.0059
vn -0.6963 -0.7178 0.0025
vn -0.0629 -0.6775 -0.7328
vn 0.0019 1.0000 -0.0076
vn -0.0006 0.9996 0.0281
vn -0.0006 0.9996 0.0279
vn 0.0001 0.6759 0.7370
vn -0.0011 0.0692 0.9976
vn -0.0004 0.5312 -0.8472
vn -0.0003 0.5308 -0.8475
vn -0.0040 0.0053 -1.0000
vn 0.0041 -0.5597 -0.8287
vn -0.0012 -0.9962 -0.0870
vn -0.0270 -0.5687 0.8221
vn 0.0050 0.3766 0.9263
vn -0.0041 0.8389 -0.5442
vn 0.0048 0.8548 -0.5190
vn -0.1398 -0.8449 0.5164
vn 0.0549 0.6061 0.7935
vn -0.9796 0.1447 0.1394
vn -0.9998 0.0142 0.0128
vn -1.0000 0.0015 0.0012
vn -1.0000 0.0049 -0.0031
vn -0.9998 -0.0167 -0.0083
vn -0.0022 -0.4197 0.9076
vn 0.0074 0.8504 0.5261
vn 0.0460 0.9273 0.3714
vn 0.0075 0.9329 0.3601
vn 0.0542 0.9268 0.3717
vn 0.1710 0.9648 0.1998
vn 0.0023 0.9983 0.0590
vn -0.9936 0.1124 -0.0127
vn -0.0217 0.9998 -0.0001
vn 0.0233 0.9997 -0.0002
vn 0.0232 0.9997 -0.0003
vn 0.5493 0.8355 -0.0159
vn 0.5447 0.8385 -0.0152
vn 0.2443 -0.9487 0.2009
vn 0.2412 -0.9525 0.1861
vn -0.0002 0.5877 -0.8091
vn -0.0071 0.9268 0.3754
vn 0.0040 0.9328 0.3603
vn -0.0052 0.9736 0.2281
vn 0.0361 0.6943 0.7187
vn 0.8574 0.5146 0.0004
vn -0.0115 0.1449 -0.9894
vn -0.0011 1.0000 -0.0051
vn -0.0045 0.0418 -0.9991
vn -0.0004 -0.0021 -1.0000
vn 0.0010 0.0011 -1.0000
vn -0.0022 -0.9224 -0.3862
vn -0.0032 -0.9962 -0.0866
vn 0.0011 -0.5553 0.8317
vn 0.0044 0.8547 -0.5192
vn -0.0360 0.5044 -0.8627
vn -0.0351 0.5136 -0.8573
vn -0.0067 0.6801 -0.7330
vn -0.9748 0.1598 0.1555
vn -0.9993 0.0336 0.0155
vn -0.0003 0.4993 0.8664
vn 0.9516 0.3072 0.0012
vn 0.8991 0.4358 0.0410
vn 0.8689 0.1344 0.4764
vn -0.7402 0.6724 -0.0010
vn -0.7647 0.6442 0.0143
vn -0.0167 0.9999 -0.0011
vn 0.2439 -0.9653 0.0932
vn -0.0063 -0.5687 0.8225
vn 0.0003 -0.5772 0.8166
vn 0.0043 -0.5423 0.8402
vn 0.0014 -0.1418 0.9899
vn -0.0000 0.5865 -0.8100
vn 0.8355 0.5494 0.0048
vn 0.8326 0.5539 0.0026
vn -0.5506 -0.8347 -0.0090
vn -0.0018 0.0672 0.9977
vn 0.0042 0.9989 0.0475
vn 0.0031 -0.0358 -0.9994
vn -0.0014 0.5376 -0.8432
vn -0.0009 -0.9851 -0.1717
vn -0.0072 -0.9780 -0.2083
vn 0.2728 -0.9621 0.0031
vn 0.4498 -0.8908 -0.0639
vn 0.5857 -0.8101 -0.0258
vn 0.3665 -0.9303 0.0111
vn 0.0285 0.4861 -0.8734
vn -0.0058 -0.6740 0.7387
vn -0.0013 -0.6906 0.7232
vn -0.0064 -0.6717 0.7408
vn -0.0005 -0.6770 0.7360
vn 0.0046 -0.5824 0.8129
vn 0.3920 0.8799 0.2686
vn -0.0107 0.9999 0.0005
vn -0.7677 0.6406 0.0167
vn 0.9994 0.0336 -0.0009
vn -0.0070 -0.5725 0.8199
vn 0.0064 -0.1268 0.9919
vn -0.0003 0.5868 -0.8098
vn -0.0049 0.8705 -0.4921
vn -0.0063 0.8694 -0.4941
vn -0.0052 0.9919 -0.1270
vn 0.4994 0.8652 -0.0452
vn 0.4821 0.8744 -0.0546
vn 0.7908 0.6121 0.0014
vn 0.8108 0.5852 -0.0106
vn -0.8767 -0.4811 -0.0076
vn -0.7525 -0.6586 0.0004
vn -0.4266 -0.8572 -0.2884
vn -0.0149 -0.8907 -0.4544
vn 0.0013 0.9992 0.0398
vn -0.0005 0.9951 0.0987
vn 0.0039 0.6817 0.7316
vn 0.0001 0.5401 -0.8416
vn 0.0011 -0.0705 -0.9975
vn -0.0030 -0.2318 0.9728
vn -0.0069 -0.1668 0.9860
vn 0.0049 0.9757 0.2193
vn -0.0024 0.5612 0.8277
vn -0.7825 -0.5903 0.1983
vn -0.8936 0.0943 0.4389
vn -0.8188 0.5237 -0.2350
vn -0.8134 0.5381 -0.2208
vn -0.8147 0.5348 -0.2241
vn -0.1545 0.8934 -0.4219
vn 0.6477 0.7611 0.0358
vn 0.9555 0.2950 -0.0008
vn 0.0101 0.8729 -0.4877
vn 0.0798 0.9548 -0.2862
vn 0.0627 0.9156 -0.3973
vn 0.0854 0.9804 0.1776
vn 0.0584 0.9906 0.1240
vn 0.0007 -0.1060 0.9944
vn -0.0002 0.5875 -0.8092
vn 0.0395 0.6983 0.7147
vn 0.0247 0.9973 -0.0690
vn 0.8243 0.5662 0.0015
vn -0.9960 -0.0891 0.0006
vn -0.9845 -0.1756 -0.0015
vn -0.9834 -0.1811 -0.0079
vn 0.0139 0.9998 0.0121
vn 0.0007 0.0013 -1.0000
vn -0.0017 -0.8780 -0.4787
vn -0.0059 -0.9873 -0.1588
vn 0.2764 -0.9610 -0.0000
vn 0.1682 -0.9830 0.0733
vn 0.2178 -0.9631 0.1581
vn 0.0224 -0.8441 0.5357
vn 0.0004 -0.5581 0.8297
vn -0.0032 -0.1722 0.9851
vn -0.0078 0.9784 0.2066
vn -0.8206 0.5189 -0.2396
vn 0.0028 0.6310 0.7758
vn 0.2992 0.9173 0.2628
vn -0.8221 0.1386 -0.5522
vn -0.8601 0.2028 -0.4680
vn -0.8617 0.2408 -0.4466
vn 0.9995 0.0331 -0.0021
vn 0.0330 0.9995 0.0010
vn 0.0002 0.5903 -0.8071
vn 0.0038 0.9780 0.2088
vn -0.9951 -0.0983 -0.0045
vn -0.7678 -0.6406 -0.0030
vn -0.0090 -0.8915 -0.4529
vn 0.0025 0.9997 0.0227
vn -0.0002 0.6687 0.7435
vn -0.0019 0.0647 0.9979
vn 0.0009 -0.0416 -0.9991
vn -0.0041 -0.9423 -0.3347
vn 0.0023 -0.9846 -0.1747
vn 0.0104 -0.9452 -0.3262
vn 0.0120 0.9803 0.1972
vn -0.0253 -0.9149 0.4029
vn -0.0554 0.6527 0.7556
vn 0.8169 0.5743 0.0531
vn 0.0052 0.6045 0.7966
vn -0.9847 -0.0882 -0.1502
vn -0.0128 0.6820 -0.7313
vn -0.5443 0.4742 0.6920
vn -0.0029 0.5733 0.8194
vn -0.0151 0.5563 0.8308
vn -0.0053 0.5736 0.8191
vn -0.0045 0.3630 0.9318
vn -0.0051 0.4723 0.8814
vn 0.0025 -0.6718 0.7408
vn -0.0090 -0.4525 0.8917
vn 0.0011 0.5100 0.8602
vn 0.1109 0.9577 0.2654
vn 0.0658 0.9673 0.2448
vn -0.7952 0.1459 -0.5885
vn -0.4465 0.8913 -0.0787
vn -0.5127 0.8585 -0.0131
vn -0.4898 0.8711 -0.0364
vn 0.2941 -0.9396 0.1749
vn -0.0146 -0.9333 0.3589
vn -0.0332 -0.8938 0.4473
vn -0.0026 -0.9156 0.4022
vn -0.0013 -0.9054 0.4245
vn -0.0088 -0.6440 0.7650
vn 0.0042 -0.6130 0.7901
vn -0.0045 -0.1250 0.9921
vn -0.0116 0.1460 -0.9892
vn -0.0006 -0.8383 0.5452
vn -0.0193 0.5636 0.8258
vn -0.0026 0.5662 0.8242
vn -0.0021 0.5618 0.8273
vn -0.0118 0.5702 0.8214
vn -0.0024 -0.6749 0.7379
vn 0.0001 0.6293 0.7771
vn -0.0004 0.9804 0.1969
vn 0.0185 0.9852 0.1707
vn 0.0126 0.8161 -0.5777
vn -0.7380 0.1994 -0.6447
vn -0.0187 0.9998 0.0010
vn 0.0357 0.9994 0.0012
vn -0.0076 -0.8355 0.5494
vn -0.0130 -0.8512 0.5248
vn -0.0020 -0.1154 0.9933
vn -0.0001 0.5899 -0.8075
vn -0.0000 0.5989 -0.8009
vn -0.0018 0.5965 -0.8026
vn -0.0077 0.9759 0.2179
vn 0.8365 0.5479 0.0071
vn -0.6496 -0.7603 0.0037
vn -0.3802 -0.8848 -0.2693
vn -0.0452 -0.8943 -0.4452
vn -0.0560 -0.9122 -0.4060
vn -0.0776 -0.9198 -0.3846
vn 0.0111 0.9994 0.0323
vn 0.0011 0.5165 -0.8563
vn 0.0864 -0.9963 0.0001
vn 0.1680 -0.9856 -0.0204
vn 0.0009 -0.1605 0.9870
vn -0.0013 -0.1664 0.9861
vn -0.0692 0.8399 0.5383
vn -0.0029 0.9915 0.1301
vn 0.0026 0.8342 -0.5515
vn 0.7265 0.3190 -0.6086
vn -0.0079 0.6082 0.7937
vn -0.0078 0.5693 0.8221
vn -0.0171 0.5674 0.8233
vn -0.0005 0.6324 0.7747
vn 0.0159 -0.3975 0.9175
vn -0.0021 0.9779 0.2089
vn 0.3357 0.9412 0.0390
vn 0.4276 0.6520 -0.6262
vn 0.0626 0.9640 0.2583
vn -0.4791 0.1981 -0.8551
vn -0.5641 0.0940 -0.8203
vn -0.5517 0.1233 -0.8249
vn 0.9975 0.0706 0.0048
vn 0.0010 -0.1400 0.9902
vn -0.0050 0.9915 -0.1299
vn 0.8290 0.5592 0.0005
vn 0.8015 0.5980 0.0021
vn 0.8053 0.5929 0.0004
vn 0.8145 0.5801 -0.0040
vn -0.3816 -0.9243 0.0041
vn -0.3824 -0.9239 0.0083
vn 0.0043 0.9994 0.0347
vn -0.0090 0.6470 0.7624
vn -0.0024 0.0871 -0.9962
vn 0.0001 0.5258 -0.8506
vn 0.0013 0.0015 -1.0000
vn -0.1121 -0.3623 -0.9253
vn 0.3091 -0.9510 -0.0031
vn 0.2718 -0.9598 -0.0697
vn 0.3013 -0.9535 -0.0013
vn 0.3378 -0.9412 0.0059
vn 0.0269 -0.9869 0.1592
vn 0.0034 0.8308 -0.5566
vn -0.0000 0.5791 0.8152
vn 0.0055 0.5929 0.8053
vn -0.5899 -0.2084 0.7801
vn 0.0062 0.6400 0.7683
vn 0.0006 -0.6990 0.7151
vn 0.0031 0.4803 0.8771
vn 0.1263 0.9898 0.0656
vn 0.3951 0.9182 0.0283
vn 0.6959 0.7180 0.0138
vn 0.6024 0.7969 0.0459
vn 0.0289 0.9918 0.1241
vn -0.4169 0.2092 -0.8845
vn -0.4615 0.2151 -0.8607
vn -0.0175 0.9998 0.0016
vn 0.9973 0.0738 0.0053
vn 0.5204 0.7755 0.3575
vn 0.0073 -0.9533 0.3020
vn 0.0068 -0.6123 0.7906
vn -0.0098 -0.6340 0.7733
vn 0.0084 -0.1043 0.9945
vn 0.0002 0.5905 -0.8070
vn -0.0011 0.7740 -0.6332
vn 0.0010 0.9073 -0.4205
vn 0.8239 0.5667 0.0008
vn -0.7505 -0.6608 0.0009
vn -0.7616 -0.6480 -0.0040
vn -0.4849 -0.8745 -0.0026
vn -0.0027 0.0905 -0.9959
vn -0.0367 0.5001 -0.8652
vn -0.0651 0.0062 -0.9979
vn -0.0581 -0.0818 -0.9949
vn -0.0589 -0.5866 -0.8078
vn -0.0035 -0.8773 -0.4799
vn 0.3399 -0.9393 -0.0469
vn 0.1472 -0.9888 -0.0241
vn 0.3267 -0.5601 0.7612
vn 0.2426 -0.6039 0.7593
vn -0.0014 0.8730 -0.4877
vn -0.0047 0.8696 -0.4937
vn -0.9909 -0.0078 -0.1344
vn -0.1074 0.9942 -0.0074
vn -0.0005 0.5684 0.8228
vn 0.0040 0.6122 0.7907
vn -0.0001 0.6339 0.7734
vn 0.0014 -0.9177 0.3973
vn 0.0091 0.3702 0.9289
vn -0.0002 0.9768 0.2141
vn 0.7509 0.6603 -0.0121
vn -0.3497 -0.0741 -0.9339
vn -0.4232 0.9004 -0.1007
vn 0.8925 0.0376 0.4495
vn 0.9035 -0.0013 0.4286
vn 0.8797 0.0763 0.4694
vn 0.0361 -0.9635 0.2653
vn -0.0010 -0.8302 0.5574
vn 0.0054 -0.1005 0.9949
vn -0.0030 -0.1163 0.9932
vn 0.6665 0.6705 -0.3259
vn 0.6042 0.7192 -0.3430
vn 0.5831 0.7402 -0.3348
vn 0.8650 0.5017 -0.0081
vn -0.9924 -0.1229 0.0081
vn -0.3003 -0.9538 0.0078
vn 0.0027 0.9994 -0.0334
vn -0.0086 0.9991 -0.0426
vn -0.0563 -0.9307 -0.3616
vn -0.0008 -0.9752 -0.2215
vn 0.0030 -0.9962 -0.0871
vn -0.0050 0.5077 0.8615
vn -0.0039 0.5279 0.8493
vn -0.0108 0.3988 0.9170
vn 0.2489 0.8807 0.4030
vn -0.8268 -0.5135 0.2295
vn -0.8445 0.4717 0.2537
vn 0.0458 0.8849 -0.4636
vn -0.0011 0.6513 -0.7588
vn -0.0076 0.7901 -0.6129
vn -0.0009 0.3765 -0.9264
vn 0.0046 0.4385 -0.8987
vn 0.0039 0.4304 -0.9026
vn -0.3230 0.8288 -0.4568
vn -0.0077 1.0000 0.0044
vn 0.6923 0.0778 0.7174
vn 0.6097 -0.0424 0.7915
vn 0.6370 -0.0054 0.7709
vn -0.0052 -0.9532 0.3022
vn 0.0034 -0.9043 0.4268
vn 0.0053 -0.5870 0.8096
vn -0.0001 -0.1249 0.9922
vn 0.0041 -0.1188 0.9929
vn -0.9806 -0.1960 -0.0051
vn 0.1270 0.3348 0.9337
vn 0.0401 0.3641 0.9305
vn 0.0937 0.3448 0.9340
vn 0.1803 0.3203 0.9300
vn -0.0962 0.4715 -0.8766
vn 0.2009 -0.6392 0.7423
vn -0.0029 -0.9616 0.2746
vn 0.0032 -0.9782 0.2077
vn -0.0028 -0.8353 0.5498
vn -0.0025 -0.1536 0.9881
vn -0.0042 0.9923 0.1240
vn -0.6363 0.4194 -0.6475
vn 0.0018 0.6460 -0.7633
vn -0.0017 -0.6716 0.7409
vn 0.0080 -0.4075 0.9132
vn 0.0009 1.0000 0.0019
vn 0.9116 -0.0353 0.4096
vn 0.0659 -0.3837 0.9211
vn 0.0244 -0.9396 0.3413
vn 0.0058 -0.5781 0.8159
vn -0.0004 -0.6100 0.7924
vn 0.0441 0.8976 -0.4385
vn 0.6589 0.6731 -0.3359
vn -0.9787 -0.2051 -0.0089
vn -0.8511 -0.5249 -0.0073
vn -0.8753 -0.4834 0.0102
vn -0.1206 -0.0018 -0.9927
vn -0.0644 0.0409 -0.9971
vn -0.0101 0.6443 0.7647
vn 0.0018 1.0000 0.0088
vn -0.1759 -0.5155 -0.8386
vn -0.0101 -0.9960 -0.0889
vn -0.0730 -0.9973 -0.0000
vn 0.0004 -0.7113 0.7029
vn 0.0051 -0.5467 0.8373
vn -0.0024 -0.6458 0.7635
vn -0.0069 0.3760 0.9266
vn -0.0138 0.5578 0.8299
vn -0.0013 0.5773 0.8165
vn 0.0073 0.5800 0.8146
vn -0.1360 0.6495 0.7481
vn -0.0253 0.6204 0.7839
vn -0.0035 0.5851 0.8110
vn 0.0101 0.6254 0.7802
vn 0.0015 0.5514 0.8342
vn -0.0007 0.3000 0.9539
vn 0.0118 0.6769 0.7360
vn -0.0040 0.8850 0.4657
vn -0.0216 0.7652 0.6435
vn 0.0006 0.9770 0.2132
vn 0.0006 0.9450 -0.3271
vn 0.0201 0.9461 -0.3232
vn 0.0251 0.9069 -0.4206
vn 0.0378 0.9495 -0.3114
vn 0.0220 0.8887 -0.4580
vn 0.0097 0.7611 -0.6485
vn 0.5678 -0.0954 0.8176
vn 0.0913 0.6696 0.7371
vn 0.0701 0.6903 0.7201
vn 0.0064 0.7529 0.6581
vn 0.0140 0.3845 0.9230
vn -0.5104 0.3307 0.7938
vn 0.0397 0.7780 0.6270
vn 0.2102 -0.2298 0.9503
vn 0.0032 0.8075 0.5898
vn 0.0036 0.8077 0.5896
vn 0.0008 0.8108 0.5854
vn 0.0197 -0.9652 0.2609
vn 0.0162 -0.8434 0.5371
vn 0.0011 -0.6168 0.7871
vn -0.8053 0.5929 0.0073
vn -0.8430 0.5374 -0.0240
vn -0.8494 0.5269 -0.0298
vn -0.0456 0.9985 -0.0319
vn 0.1827 0.3232 0.9285
vn -0.2996 -0.1153 -0.9471
vn -0.1412 -0.8286 -0.5417
vn -0.0013 -0.8337 0.5522
vn 0.0004 -0.1709 0.9853
vn 0.0055 0.8592 -0.5116
vn 0.0004 0.8520 -0.5235
vn 0.0050 0.5754 0.8178
vn -0.0976 0.6132 0.7839
vn 0.0046 0.5935 0.8048
vn -0.0012 0.6258 0.7800
vn -0.0029 -0.6755 0.7374
vn 0.0254 0.9038 -0.4272
vn 0.0077 0.7699 -0.6381
vn -0.0121 0.7781 -0.6280
vn -0.0412 0.8434 -0.5358
vn -0.0452 0.8522 -0.5212
vn 0.0254 0.9996 -0.0124
vn 0.2321 0.0980 0.9677
vn 0.1287 0.0288 0.9913
vn 0.2036 0.0573 0.9774
vn 0.0059 0.7881 0.6155
vn -0.1356 0.9173 -0.3743
vn -0.0041 0.2781 0.9605
vn 0.0024 -0.1007 0.9949
vn 0.0102 0.6108 -0.7917
vn 0.8595 0.5111 0.0003
vn -0.9945 -0.1050 0.0013
vn -0.9959 -0.0905 0.0078
vn -0.9812 -0.1931 -0.0053
vn -0.7732 -0.6341 0.0010
vn -0.7336 -0.6795 -0.0071
vn -0.1509 -0.2894 -0.9453
vn -0.3495 -0.2839 -0.8929
vn -0.7653 -0.4257 0.4828
vn -0.7656 -0.2911 0.5736
vn -0.7671 -0.3158 0.5585
vn -0.0044 0.6150 0.7885
vn 0.0037 0.6216 0.7834
vn -0.0110 0.6170 0.7869
vn 0.0022 0.6328 0.7743
vn 0.0031 0.9779 0.2090
vn 0.0011 0.9188 -0.3948
vn -0.0001 0.7066 -0.7076
vn -0.0042 0.7455 -0.6665
vn -0.0412 0.8433 -0.5358
vn -0.0087 -0.5557 0.8313
vn 0.0028 -0.5795 0.8150
vn 0.1682 0.8557 -0.4893
vn 0.0765 0.7428 -0.6652
vn 0.1987 0.8418 -0.5018
vn 0.8328 0.5536 -0.0007
vn 0.5310 0.1672 0.8307
vn 0.5462 0.2108 0.8107
vn 0.4911 0.0660 0.8686
vn 0.4707 0.0195 0.8821
vn -0.0001 -0.5475 0.8368
vn 0.0017 -0.3765 0.9264
vn -0.7622 -0.4572 0.4584
vn 0.0008 0.5545 0.8322
vn -0.0017 -0.6804 0.7328
vn 0.0019 -0.5448 0.8386
vn -0.0037 -0.5451 0.8383
vn 0.0408 0.8703 -0.4908
vn 0.0215 0.8434 -0.5369
vn 0.0273 0.7998 -0.5997
vn -0.0026 0.7537 -0.6573
vn -0.0008 0.2903 -0.9569
vn 0.0029 0.3312 -0.9435
vn 0.0031 0.7752 -0.6317
vn -0.0000 -0.7871 0.6169
vn -0.0162 0.7057 -0.7084
vn -0.0197 0.9998 -0.0066
vn -0.0002 0.9996 -0.0286
vn 0.0343 0.0719 0.9968
vn 0.0080 0.7916 0.6110
vn 0.0020 -0.9472 0.3207
vn -0.0035 -0.5956 0.8032
vn -0.0016 -0.1064 0.9943
vn -0.0035 0.6314 -0.7755
vn 0.7460 0.5925 -0.3040
vn -0.4162 -0.9089 0.0247
vn -0.0518 0.9974 -0.0503
vn -0.1963 -0.0626 -0.9785
vn 0.0098 0.9983 0.0569
vn 0.1749 0.8870 0.4273
vn -0.0116 0.9998 -0.0140
vn -0.1821 0.0006 -0.9833
vn -0.3191 -0.7542 -0.5739
vn -0.2401 -0.9655 -0.1008
vn -0.0040 -1.0000 0.0013
vn 0.0003 -0.9912 0.1325
vn 0.0010 -0.5495 0.8355
vn 0.0055 0.8845 0.4664
vn -0.0235 0.8095 0.5866
vn -0.0255 0.8038 0.5943
vn -0.0105 0.8939 -0.4481
vn 0.0023 -0.8179 0.5754
vn -0.1160 -0.5993 0.7921
vn 0.0063 0.5812 0.8137
vn -0.0310 0.5852 0.8103
vn 0.0844 0.1235 -0.9887
vn 0.9579 -0.2862 -0.0220
vn -0.9834 0.1186 -0.1375
vn -0.9782 0.0978 -0.1831
vn -0.9836 0.1802 0.0036
vn 0.2467 0.9689 -0.0182
vn 0.4715 0.6122 -0.6348
vn 0.0023 0.6847 -0.7288
vn 0.0009 0.1730 0.9849
vn -0.0005 0.5713 0.8208
vn 0.0004 0.6354 0.7722
vn 0.0107 0.6727 0.7398
vn -0.0013 0.9093 -0.4162
vn 0.0011 0.7622 -0.6473
vn 0.0109 0.7778 -0.6284
vn 0.0168 0.7168 -0.6971
vn -0.0190 0.7511 -0.6599
vn -0.0088 0.9995 -0.0317
vn 0.0084 0.8686 0.4954
vn -0.0120 0.8847 0.4660
vn -0.0038 -0.9498 0.3127
vn 0.0026 -0.9214 0.3887
vn 0.0061 0.5786 -0.8156
vn -0.9667 -0.2431 0.0797
vn -0.9919 -0.1267 -0.0001
vn -0.9910 -0.1340 0.0023
vn -0.9948 -0.1017 0.0001
vn -0.3891 -0.9212 0.0007
vn -0.0678 0.9976 -0.0130
vn -0.0018 0.9984 0.0564
vn -0.0750 0.9956 -0.0565
vn -0.1658 0.5887 -0.7912
vn -0.1620 0.5712 -0.8046
vn -0.4273 -0.6328 -0.6457
vn -0.0028 -0.9653 0.2610
vn 0.0021 0.9898 0.1425
vn 0.0026 0.0912 0.9958
vn 0.0166 0.6019 0.7984
vn -0.0015 0.5755 0.8178
vn -0.9801 0.1947 0.0383
vn 0.0084 0.8227 -0.5685
vn -0.0027 0.0915 0.9958
vn -0.0136 0.7862 0.6178
vn -0.0088 -0.8220 0.5694
vn -0.0020 -0.8997 0.4365
vn -0.9913 -0.1318 0.0029
vn -0.0006 -0.9981 0.0622
vn 0.0001 0.9088 -0.4172
vn 0.7791 0.2158 -0.5886
vn 0.7799 0.4873 0.3929
vn -0.0016 0.5851 0.8110
vn -0.5918 0.6700 -0.4481
vn -0.5748 0.6485 -0.4991
vn -0.5867 0.6635 -0.4643
vn -0.5718 0.6448 -0.5073
vn -0.0068 -0.5496 0.8354
vn 0.0198 0.6712 0.7410
vn -0.0030 0.8899 0.4562
vn 0.0001 0.9481 -0.3180
vn 0.0070 0.2547 -0.9670
vn -0.0105 0.9989 -0.0463
vn -0.0008 0.8495 0.5277
vn 0.0007 -0.1031 0.9947
vn -0.9803 -0.1955 0.0294
vn -0.3757 -0.9267 0.0054
vn -0.4117 -0.9113 0.0043
vn -0.0043 1.0000 0.0066
vn -0.0231 0.9997 -0.0034
vn -0.6773 -0.1325 -0.7236
vn -0.4911 0.1730 -0.8537
vn 0.0224 0.9983 0.0540
vn -0.1042 0.9912 -0.0821
vn -0.3212 0.2757 -0.9060
vn -0.3257 0.0158 -0.9453
vn -0.4494 0.0057 -0.8933
vn -0.5694 -0.4513 -0.6871
vn -0.5892 -0.4917 -0.6411
vn -0.0045 -0.8376 0.5463
vn -0.0038 -0.2377 0.9713
vn -0.0277 0.6121 0.7903
vn 0.0086 0.6062 0.7952
vn 0.0058 0.5910 0.8067
vn -0.0010 0.7003 -0.7138
vn 0.0011 -0.6583 0.7528
vn -0.0060 0.7376 -0.6752
vn 0.0103 0.9741 -0.2261
vn 0.0011 0.7367 -0.6762
vn -0.0077 0.9996 -0.0272
vn -0.0000 0.0724 0.9974
vn -0.0074 -0.9366 0.3504
vn 0.0081 -0.9373 0.3485
vn 0.0003 -0.8223 0.5690
vn -0.0031 -0.8187 0.5742
vn -0.0066 -0.5877 0.8090
vn 0.0049 -0.5589 0.8292
vn -0.9302 -0.3625 -0.0574
vn -0.7981 0.6024 0.0129
vn -0.9133 0.1916 -0.3594
vn -0.4203 0.0002 -0.9074
vn 0.0058 0.9045 -0.4265
vn -0.7460 -0.5433 0.3851
vn -0.7847 -0.2075 0.5842
vn 0.0030 0.6320 0.7750
vn -0.0002 0.7002 -0.7140
vn 0.0025 -0.5022 0.8648
vn 0.0018 -0.5034 0.8641
vn 0.0013 0.9793 0.2022
vn -0.0012 0.9798 0.2000
vn -0.0020 0.9960 0.0892
vn 0.0088 0.9988 -0.0486
vn -0.0017 0.9964 0.0853
vn -0.0007 0.0733 -0.9973
vn 0.0012 0.9998 -0.0193
vn 0.0009 0.0715 0.9974
vn 0.0018 0.8456 0.5338
vn 0.0039 -0.8052 0.5930
vn -0.9082 0.0129 0.4183
vn -0.8329 -0.5535 -0.0024
vn -0.8351 -0.5501 -0.0031
vn -0.8149 -0.5796 0.0068
vn -0.6305 -0.0208 -0.7759
vn -0.6485 -0.1831 -0.7389
vn -0.0675 -0.9977 -0.0006
vn -0.0007 -0.8261 0.5635
vn -0.0010 -0.7645 0.6446
vn 0.0139 0.4550 0.8904
vn 0.0124 0.4493 0.8933
vn 0.0214 0.6406 0.7676
vn 0.0008 -0.4930 0.8700
vn 0.0034 -0.0797 0.9968
vn -0.0020 0.9460 -0.3242
vn 0.0019 0.7328 -0.6804
vn 0.0025 0.8455 0.5340
vn -0.0008 -0.5407 0.8412
vn -0.0028 -0.5414 0.8407
vn -0.5693 0.1259 0.8124
vn -0.8025 -0.2565 0.5386
vn -0.9520 -0.2821 0.1189
vn -0.7618 -0.6478 -0.0014
vn -0.5300 -0.8476 0.0241
vn -0.5477 -0.8366 0.0093
vn -0.5639 -0.8251 -0.0352
vn 0.4129 -0.5423 0.7317
vn 0.0278 0.9983 0.0505
vn 0.7649 0.0889 0.6380
vn 0.7603 0.0648 0.6463
vn 0.7584 0.0556 0.6494
vn -0.0117 -0.9845 0.1747
vn 0.0148 -0.8609 0.5086
vn -0.0044 0.9285 0.3714
vn 0.0058 0.5860 0.8103
vn 0.0993 0.9917 -0.0821
vn 0.0006 -0.6587 0.7524
vn 0.0130 0.2394 0.9708
vn -0.0115 0.3073 0.9515
vn -0.0088 0.3001 0.9539
vn 0.0001 0.7598 -0.6501
vn -0.0025 0.7621 -0.6474
vn -0.0118 0.7441 -0.6680
vn -0.0020 0.2221 -0.9750
vn 0.0011 0.0596 0.9982
vn -0.0017 0.0553 0.9985
vn 0.0047 0.8385 0.5449
vn 0.0012 0.8321 0.5547
vn -0.0066 -0.9576 0.2881
vn -0.7762 -0.6272 0.0640
vn -0.7954 -0.6061 -0.0080
vn -0.8119 -0.5838 -0.0041
vn -0.5008 -0.8656 0.0045
vn -0.3854 -0.9228 -0.0001
vn -0.9999 -0.0162 0.0038
vn -0.7463 0.6656 -0.0068
vn -0.8738 0.4863 0.0006
vn -0.8670 0.4982 -0.0000
vn -0.8733 0.4872 -0.0000
vn -0.6963 -0.3470 0.6283
vn -0.9998 0.0176 0.0010
vn -0.9914 -0.0723 -0.1092
vn -0.9984 -0.0243 -0.0505
vn -0.9786 -0.1197 -0.1672
vn -0.2585 0.9557 -0.1412
vn -0.3843 -0.9035 -0.1896
vn -0.3890 -0.8957 -0.2153
vn -0.4232 -0.9003 -0.1020
vn 0.0010 -0.6640 0.7478
vn -0.0051 -0.4127 0.9109
vn 0.0266 -0.1046 0.9942
vn -0.0071 0.8646 0.5024
vn 0.0166 0.8522 0.5230
vn -0.9002 -0.2356 -0.3661
vn -0.7003 0.6687 0.2498
vn 0.0063 0.6290 0.7774
vn -0.0023 0.5667 0.8239
vn -0.0013 0.6124 0.7906
vn -0.0155 0.1943 0.9808
vn 0.0111 0.2411 0.9704
vn -0.0086 0.1920 0.9814
vn -0.0061 0.8530 0.5218
vn -0.0016 0.9049 0.4257
vn -0.0024 0.9339 0.3575
vn 0.0006 0.9813 0.1925
vn -0.0023 0.9062 -0.4229
vn 0.0004 0.9962 -0.0872
vn -0.0025 0.9911 -0.1329
vn -0.0023 0.9913 -0.1320
vn -0.0006 0.9999 -0.0131
vn 0.0045 -0.9524 0.3049
vn 0.0002 -0.9540 0.2998
vn -0.0077 -0.8409 0.5412
vn -0.0934 -0.1109 0.9894
vn -0.0598 -0.1136 0.9917
vn 0.0186 0.5546 -0.8319
vn 0.4729 0.4941 -0.7295
vn -0.5150 -0.8572 0.0053
vn -0.6970 0.7171 -0.0004
vn -0.0898 0.9958 0.0152
vn -0.9994 -0.0342 0.0001
vn -0.9770 -0.2086 0.0434
vn -0.9772 -0.2091 0.0375
vn 0.0419 0.9990 0.0170
vn 0.7678 0.1055 0.6319
vn -0.2540 -0.9672 0.0003
vn 0.0084 -0.1795 0.9837
vn -0.0005 0.5802 0.8145
vn -0.0200 0.8444 -0.5353
vn 0.0522 0.6335 0.7720
vn -0.0019 0.6984 -0.7157
vn -0.0024 0.9447 -0.3278
vn -0.0005 0.8179 -0.5753
vn 0.0021 0.7324 -0.6808
vn -0.0071 0.8597 0.5107
vn -0.0021 0.8692 0.4944
vn 0.2661 0.6572 -0.7052
vn -0.3757 -0.9267 -0.0041
vn -0.0477 0.9988 0.0063
vn -0.9979 -0.0649 0.0057
vn -0.9679 -0.2511 -0.0123
vn -0.7789 0.6272 0.0064
vn 0.0304 0.9993 0.0235
vn -0.8463 -0.2810 -0.4526
vn 0.0125 0.5288 0.8487
vn -0.2845 0.1352 -0.9491
vn 0.0018 0.5855 0.8106
vn 0.0001 0.5776 0.8163
vn -0.6508 0.5725 -0.4987
vn -0.0005 0.6878 -0.7259
vn -0.0002 0.5706 0.8212
vn 0.0003 -0.6526 0.7577
vn 0.0027 0.9436 -0.3311
vn 0.0005 0.7537 -0.6572
vn -0.0049 0.7216 -0.6923
vn 0.0004 0.7337 -0.6795
vn 0.0012 0.9999 -0.0125
vn 0.0031 0.0636 0.9980
vn -0.0118 -0.8299 0.5578
vn -0.0074 -0.8399 0.5426
vn 0.0043 -0.5518 0.8340
vn 0.0336 -0.3870 0.9215
vn 0.0128 -0.5834 -0.8121
vn -0.7083 -0.6853 0.1694
vn -0.7769 -0.6296 0.0095
vn -0.9998 -0.0216 0.0054
vn -0.9994 -0.0347 -0.0003
vn -0.9609 -0.2756 -0.0276
vn -0.9679 -0.2510 -0.0123
vn -0.2511 0.9679 -0.0122
vn 0.6271 0.7789 0.0062
vn -0.7789 0.6271 0.0063
vn 0.9999 -0.0000 0.0130
vn 0.1972 -0.9804 -0.0000
vn -0.4707 0.4935 -0.7313
vn -0.4709 0.4078 -0.7823
vn -0.4711 0.4808 -0.7395
vn -0.4702 0.3867 -0.7933
vn -0.0032 -0.8752 0.4838
vn -0.0054 -0.7158 0.6983
vn -0.0092 0.5788 0.8154
vn 0.0001 0.5839 0.8118
vn 0.6801 0.4558 -0.5742
vn 0.0005 0.5705 0.8213
vn -0.0028 0.6264 0.7795
vn -0.0124 0.9454 -0.3256
vn 0.0009 0.7603 -0.6496
vn 0.0006 0.0648 -0.9979
vn 0.0009 0.7223 -0.6916
vn -0.0008 0.7145 -0.6996
vn 0.0005 0.9999 -0.0135
vn 0.0018 0.0666 0.9978
vn -0.0010 0.0488 0.9988
vn -0.1627 -0.1061 0.9809
vn -0.0146 -0.0417 0.9990
vn -0.4592 -0.8883 -0.0038
vn -0.7068 0.7074 0.0002
vn -0.6862 0.7274 -0.0038
vn 1.0000 -0.0059 -0.0008
vn -0.9564 -0.2913 0.0182
vn 0.8264 -0.5631 -0.0000
vn -0.8280 0.5608 -0.0000
vn -0.8265 0.5629 -0.0000
vn -0.8273 0.5618 -0.0000
vn -0.5006 0.8656 0.0132
vn 0.0377 0.9993 0.0029
vn -0.4557 -0.8901 0.0014
vn 0.0012 0.8645 -0.5027
vn -0.0034 0.5881 0.8088
vn -0.4450 -0.8533 0.2715
vn 0.0598 0.3987 0.9151
vn -0.1722 0.6061 0.7766
vn -0.1874 0.6345 0.7499
vn 0.0058 0.6123 0.7906
vn -0.0075 0.6884 0.7253
vn 0.0007 0.6216 0.7834
vn -0.0011 0.9474 -0.3201
vn -0.0104 0.9445 -0.3285
vn -0.0038 0.7856 -0.6188
vn 0.0113 0.1268 -0.9919
vn 0.0067 -0.9404 0.3401
vn -0.0001 0.9292 0.3697
vn -0.0115 0.9461 0.3236
vn -0.0000 -0.9543 0.2987
vn 0.0080 -0.8100 0.5864
vn -0.6696 -0.5689 0.4775
vn -0.6904 -0.6548 0.3076
vn -0.5685 -0.7367 0.3662
vn -0.8076 0.5893 0.0219
vn -0.8138 0.2776 -0.5105
vn -0.4361 0.8999 -0.0000
vn -0.4360 0.9000 -0.0000
vn -0.4502 0.8929 -0.0055
vn -0.4644 0.8855 -0.0111
vn -0.4645 0.8855 -0.0111
vn -0.4679 0.8837 -0.0124
vn 0.0382 0.9993 0.0048
vn -0.5328 -0.0001 -0.8462
vn -0.7112 0.0085 -0.7029
vn 0.0041 -0.8406 0.5416
vn -0.0437 0.3105 0.9496
vn 0.0102 0.4069 0.9134
vn -0.0343 0.3245 0.9453
vn 0.0328 0.8454 0.5332
vn -0.6315 -0.4769 0.6114
vn 0.0038 0.6202 0.7844
vn -0.0031 0.6772 -0.7358
vn 0.0019 0.5720 0.8202
vn -0.0005 0.5650 0.8251
vn 0.0027 -0.6602 0.7511
vn -0.0162 0.1960 0.9805
vn -0.0000 0.8385 0.5449
vn -0.0018 0.9835 0.1809
vn 0.0085 0.9473 -0.3202
vn 0.0012 0.8620 -0.5069
vn -0.0009 0.9999 -0.0148
vn -0.0007 0.9999 -0.0142
vn -0.0031 0.0498 0.9988
vn -0.0032 -0.9588 0.2842
vn 0.0127 -0.5421 0.8402
vn -0.3322 -0.3980 0.8551
vn -0.3169 -0.5200 0.7932
vn -0.1885 -0.5927 0.7830
vn -0.2888 -0.5886 0.7551
vn -0.3098 -0.9508 0.0008
vn 0.0029 1.0000 0.0003
vn -0.0057 1.0000 -0.0003
vn -0.9990 -0.0449 0.0004
vn -0.9995 -0.0301 0.0037
vn 0.0279 0.9996 0.0053
vn -0.5687 -0.0052 -0.8226
vn -0.8450 -0.0522 -0.5321
vn -0.7442 -0.5983 -0.2968
vn -0.6322 -0.7075 -0.3159
vn -0.7367 -0.6567 -0.1609
vn -0.2399 -0.9708 0.0006
vn -0.0147 -0.5605 0.8280
vn -0.0813 -0.3266 0.9417
vn 0.7405 -0.2708 0.6151
vn 0.0074 0.8390 -0.5440
vn -0.0023 0.8595 -0.5110
vn 0.0043 0.5927 0.8054
vn -0.2866 0.5732 0.7677
vn 0.2932 0.9459 -0.1387
vn -0.0052 0.6290 0.7774
vn -0.0065 -0.5916 0.8062
vn -0.0023 -0.5743 0.8186
vn -0.0006 0.9479 -0.3184
vn -0.0008 0.9489 -0.3157
vn 0.0013 0.8156 -0.5786
vn -0.0015 0.7579 -0.6524
vn -0.0001 0.7230 -0.6909
vn 0.0027 -0.8195 0.5731
vn 0.0146 -0.5390 0.8422
vn 0.0237 0.9997 0.0054
vn 0.5913 0.7956 0.1318
vn -0.2675 0.9548 -0.1292
vn -0.0008 -0.8940 0.4481
vn 0.0010 -0.6378 0.7702
vn 0.0023 -0.2452 0.9695
vn 0.0045 0.3219 0.9468
vn -0.0148 0.9951 0.0979
vn -0.0145 0.9952 0.0971
vn -0.0192 0.9956 0.0923
vn -0.0099 0.5879 0.8089
vn 0.0003 0.5868 0.8097
vn -0.0082 0.5762 0.8173
vn 0.1169 0.6523 0.7489
vn 0.8526 -0.3925 0.3450
vn -0.0457 0.5609 -0.8266
vn 0.0032 0.8574 0.5147
vn 0.0064 0.8516 0.5241
vn 0.0025 0.9839 0.1789
vn -0.0038 0.9722 -0.2341
vn -0.0001 0.7339 -0.6793
vn -0.0030 0.7303 -0.6832
vn 0.0018 0.9999 -0.0115
vn -0.0011 0.0702 0.9975
vn -0.0010 0.9215 0.3884
vn -0.0030 -0.9566 0.2914
vn -0.6312 0.7756 0.0006
vn -0.0083 1.0000 0.0004
vn -0.6621 0.7494 0.0042
vn -0.5366 0.8439 0.0013
vn -0.5682 0.8229 0.0020
vn 0.0255 0.9997 0.0068
vn 0.8997 0.2449 0.3613
vn -0.8700 -0.4626 -0.1707
vn 0.0013 -0.9929 0.1187
vn -0.0186 -0.1823 0.9831
vn 0.0073 0.8376 -0.5462
vn 0.0068 0.5790 0.8153
vn -0.0362 0.5642 0.8249
vn -0.9827 -0.1779 -0.0514
vn -0.9042 0.2955 0.3084
vn -0.5806 0.8136 -0.0315
vn -0.0004 0.7469 -0.6649
vn 0.0008 0.0652 -0.9979
vn 0.0108 -0.9656 0.2597
vn -0.4570 -0.8894 0.0052
vn -0.9990 -0.0437 -0.0001
vn -0.9990 -0.0456 0.0003
vn -0.7644 0.3446 -0.5449
vn -0.7603 0.3085 -0.5716
vn -0.7680 0.4049 -0.4963
vn -0.5487 -0.8360 0.0043
vn 0.0603 0.6630 0.7462
vn -0.8638 0.2689 -0.4260
vn 0.0031 0.6437 -0.7653
vn 0.0035 0.9583 -0.2857
vn -0.0008 0.5628 0.8266
vn -0.0011 -0.6708 0.7417
vn 0.0005 0.9435 -0.3314
vn 0.0006 0.9084 -0.4181
vn -0.0038 0.7862 -0.6180
vn -0.0069 0.4256 -0.9049
vn 0.0010 0.9998 -0.0193
vn 0.0012 0.9999 -0.0116
vn -0.0008 0.9208 0.3901
vn -0.0003 -0.8886 0.4588
vn -0.3295 -0.9441 0.0053
vn -0.6910 0.7228 0.0048
vn -0.7678 0.4422 -0.4636
vn -0.7716 -0.6360 0.0057
vn -0.8336 -0.5523 -0.0080
vn -0.0538 0.6123 0.7888
vn 0.8839 0.4200 0.2056
vn 0.9932 0.0360 -0.1103
vn -0.0003 0.6239 0.7815
vn 0.0087 0.6628 -0.7488
vn -0.0001 0.9999 -0.0151
vn 0.0001 0.0705 0.9975
vn 0.0012 -0.6827 0.7307
vn -0.0098 -0.7488 0.6627
vn -0.0015 -0.7217 0.6922
vn -0.0169 -0.7969 0.6038
vn -0.0000 -0.8323 0.5544
vn -0.0000 -0.7472 0.6646
vn -0.0008 -0.9508 0.3098
vn -0.1018 -0.7641 0.6370
vn 0.0055 -0.7817 0.6236
vn -0.4128 -0.8964 0.1614
vn -0.5638 -0.8258 -0.0145
vn -0.5591 -0.8290 -0.0136
vn -0.7339 0.6791 0.0124
vn 0.0133 0.9999 -0.0006
vn 0.9568 0.2895 0.0278
vn 0.9577 0.2868 0.0227
vn 0.9607 0.2767 0.0240
vn -0.6896 -0.7242 -0.0043
vn 0.0056 0.3084 0.9512
vn -0.0316 0.9995 0.0004
vn -0.5828 -0.7853 0.2090
vn -0.0118 0.5856 0.8105
vn -0.0012 0.6164 0.7874
vn 0.0080 0.0534 0.9985
vn -0.0071 0.0159 0.9998
vn 0.0061 0.0485 0.9988
vn -0.0092 0.0108 0.9999
vn 0.0008 0.9999 -0.0138
vn -0.0010 0.7284 -0.6851
vn 0.0014 0.7308 -0.6826
vn -0.0000 0.9999 -0.0144
vn 0.0001 0.9999 -0.0125
vn 0.0015 0.9582 0.2862
vn -0.0001 0.0671 0.9977
vn -0.0170 0.9413 0.3372
vn -0.0077 0.9344 0.3562
vn -0.0031 0.0396 0.9992
vn -0.3914 0.8822 -0.2617
vn -0.0000 0.8679 0.4967
vn -0.0000 -0.8680 -0.4966
vn 0.2218 0.9657 0.1348
vn 0.0215 -0.3599 0.9327
vn 0.0115 0.9999 -0.0008
vn -0.9031 -0.0003 -0.4295
vn -0.9289 -0.1275 -0.3476
vn 0.0023 -0.9914 0.1306
vn -0.6530 0.5536 0.5169
vn 0.0034 0.5718 0.8204
vn 0.0030 -0.6609 0.7504
vn -0.0012 -0.5773 0.8165
vn 0.0040 -0.5659 0.8245
vn -0.0047 0.9838 0.1791
vn -0.0051 0.9844 0.1756
vn -0.0008 0.8180 -0.5753
vn -0.0089 1.0000 0.0001
vn -0.9990 -0.0448 -0.0001
vn 0.6932 0.7206 -0.0143
vn 0.6806 0.7327 -0.0031
vn 0.6968 0.7170 -0.0178
vn 0.9641 -0.0654 0.2572
vn -0.8016 0.0442 -0.5962
vn -0.8429 0.0056 -0.5381
vn -0.8206 0.0273 -0.5709
vn -0.4354 -0.9003 -0.0003
vn -0.0003 -0.9936 0.1129
vn 0.0045 -0.9543 0.2987
vn -0.2143 -0.5646 0.7971
vn 0.0341 0.9771 -0.2100
vn 0.1771 0.9841 0.0143
vn 0.5079 0.3218 -0.7991
vn 0.0026 0.5871 0.8095
vn -0.0066 0.7361 -0.6769
vn 0.0113 0.4546 0.8906
vn -0.0007 0.0818 0.9966
vn 0.0001 0.9636 0.2674
vn 0.0147 0.9119 0.4102
vn 0.0038 0.9051 0.4251
vn -0.0155 -0.9632 0.2683
vn -0.4718 -0.8817 -0.0020
vn -0.5229 -0.8524 0.0104
vn -0.3575 -0.9339 -0.0006
vn -0.8565 0.5162 -0.0024
vn -0.0087 1.0000 0.0007
vn 0.9958 0.0915 0.0010
vn -0.9172 0.0010 -0.3984
vn -0.6399 -0.7684 0.0003
vn -0.2385 -0.9712 0.0004
vn 0.0035 -0.9161 0.4009
vn -0.1495 -0.7747 0.6144
vn 0.0057 0.3077 0.9515
vn 0.9663 0.2344 0.1067
vn -0.1881 0.4475 0.8743
vn 0.2494 -0.6580 0.7105
vn 0.1268 0.6117 0.7809
vn 0.0072 0.6185 0.7858
vn 0.1322 0.6002 0.7889
vn -0.0232 0.6658 0.7458
vn -0.0113 0.6520 0.7581
vn -0.0092 0.5976 0.8018
vn -0.0316 0.5877 0.8085
vn -0.1548 0.6330 0.7586
vn 0.6830 -0.7260 0.0803
vn -0.8963 -0.4416 0.0403
vn -0.0070 0.5969 0.8023
vn -0.0015 0.6226 0.7826
vn -0.0154 0.7734 -0.6338
vn 0.0043 0.9999 -0.0151
vn -0.1924 -0.8205 0.5383
vn -0.1635 -0.9101 0.3807
vn -0.8597 0.5109 -0.0030
vn -0.9511 0.3090 -0.0036
vn -0.9504 0.3110 -0.0025
vn -0.9492 0.3148 -0.0006
vn -0.9485 0.3167 -0.0000
vn -0.3314 0.8834 -0.3314
vn 0.0038 1.0000 0.0039
vn -0.0104 0.9999 0.0029
vn 0.0208 0.9998 -0.0074
vn -0.9997 -0.0261 0.0026
vn -0.9994 -0.0356 -0.0004
vn 0.0140 0.9999 -0.0007
vn -0.0105 -0.1732 0.9848
vn 0.0071 0.8375 -0.5464
vn 0.1549 -0.1119 0.9816
vn -0.0711 0.5987 0.7978
vn 0.8412 0.2579 0.4752
vn 0.0068 0.5839 0.8118
vn -0.9031 0.0182 0.4289
vn -0.9349 0.3508 0.0531
vn -0.3962 0.6625 -0.6357
vn -0.0003 -0.6878 0.7259
vn 0.0138 0.8239 0.5666
vn -0.0034 0.9853 0.1708
vn -0.0013 0.9442 -0.3295
vn -0.0003 0.8175 -0.5760
vn 0.0005 0.7562 -0.6543
vn -0.0004 0.7502 -0.6612
vn 0.0007 0.0649 -0.9979
vn -0.0035 0.6915 -0.7224
vn 0.0020 0.9999 -0.0132
vn -0.0009 0.9053 0.4249
vn -0.0009 0.9052 0.4250
vn -0.0002 0.9360 0.3519
vn 0.0016 0.0884 0.9961
vn 0.0038 -0.9474 0.3200
vn -0.9994 -0.0348 -0.0007
vn -0.9995 -0.0331 -0.0001
vn -0.9996 -0.0284 0.0018
vn -0.3510 0.9364 0.0081
vn 0.0045 1.0000 0.0012
vn 0.0026 1.0000 0.0037
vn 0.0032 1.0000 0.0025
vn -0.2647 0.9566 -0.1221
vn -0.9557 -0.0464 -0.2906
vn -0.1158 -0.8702 0.4790
vn -0.0726 -0.9795 0.1880
vn 0.0130 0.7227 0.6910
vn -0.0224 0.7144 0.6993
vn 0.0444 0.7416 0.6694
vn -0.0004 0.5798 0.8148
vn 0.0062 0.5857 0.8105
vn -0.0711 0.6173 0.7835
vn 0.0143 0.6306 0.7760
vn 0.0054 0.5834 0.8122
vn -0.8626 0.1804 -0.4726
vn -0.5784 0.7667 -0.2785
vn 0.0024 0.6161 0.7877
vn -0.0011 0.6213 0.7836
vn -0.0084 0.7338 -0.6793
vn 0.0066 0.6637 -0.7480
vn -0.0005 -0.6896 0.7242
vn -0.0016 0.3397 0.9405
vn -0.0203 0.3447 0.9385
vn -0.0076 0.3422 0.9396
vn 0.0183 0.8259 0.5636
vn -0.0047 0.8039 0.5948
vn 0.0027 0.9999 -0.0108
vn 0.0010 0.0740 0.9973
vn -0.0016 0.0627 0.9980
vn -0.0019 0.9070 0.4211
vn -0.3478 -0.9376 -0.0024
vn -0.2057 -0.9650 0.1628
vn -0.6805 0.7328 -0.0058
vn -0.5992 0.8005 -0.0155
vn -0.6017 0.7985 -0.0152
vn -0.0113 0.9999 -0.0006
vn 0.6487 0.7611 -0.0022
vn 0.6482 0.7615 -0.0023
vn -0.9068 0.3425 -0.2459
vn -0.9116 0.3175 -0.2611
vn -0.8906 0.4413 -0.1102
vn -0.9715 -0.2365 -0.0164
vn -0.1706 -0.4272 0.8879
vn 0.0189 0.9396 -0.3417
vn 0.8372 -0.1660 -0.5211
vn 0.0042 0.5735 0.8192
vn -0.0116 0.9837 0.1796
vn -0.0012 1.0000 -0.0088
vn -0.0082 -0.9490 0.3153
vn 0.0083 1.0000 -0.0001
vn 0.0096 1.0000 0.0004
vn 0.0137 0.9999 -0.0005
vn -0.0137 0.9999 -0.0005
vn -0.8864 0.4580 -0.0675
vn -0.9875 -0.0060 -0.1572
vn -0.1360 -0.7939 0.5926
vn 0.0320 0.7889 -0.6137
vn 0.0022 0.5676 0.8233
vn -0.0018 0.9098 -0.4151
vn 0.0085 0.9995 0.0318
vn 0.0008 0.0812 -0.9967
vn 0.0007 0.0600 0.9982
vn 0.0251 0.8589 0.5115
vn 0.0183 0.8594 0.5110
vn -0.6285 0.7778 0.0031
vn -0.5994 0.8004 0.0124
vn -0.6178 0.7863 0.0041
vn -0.0099 0.9999 -0.0012
vn -0.9995 -0.0321 -0.0024
vn 0.9963 0.0854 -0.0016
vn -0.0022 -0.9940 0.1092
vn -0.1041 -0.1545 0.9825
vn 0.0065 0.5869 0.8096
vn 0.0017 0.6197 0.7848
vn 0.0004 0.9975 -0.0700
vn 0.0053 0.9997 -0.0253
vn 0.0007 -0.8973 -0.4414
vn -0.8607 0.5091 0.0044
vn -0.0029 1.0000 -0.0003
vn -0.9989 -0.0469 0.0008
vn 0.9951 0.0987 0.0029
vn -0.9977 -0.0680 -0.0061
vn -0.9976 -0.0696 -0.0062
vn -0.9995 -0.0301 -0.0006
vn -0.9621 0.0021 -0.2729
vn -0.9901 0.0031 -0.1406
vn -0.9447 -0.3268 -0.0262
vn 0.5712 0.8164 -0.0847
vn 0.0018 0.5726 0.8198
vn 0.0102 0.5676 0.8232
vn 0.0477 0.3295 0.9429
vn 0.0201 0.3510 0.9362
vn -0.0642 0.9473 0.3137
vn -0.0106 0.8676 0.4971
vn -0.0026 0.9429 0.3330
vn -0.0022 0.9445 -0.3286
vn 0.0057 0.9998 -0.0197
vn -0.0002 0.9361 0.3517
vn 0.0012 1.0000 -0.0075
vn 0.0001 0.9981 0.0616
vn -0.5967 0.8023 0.0137
vn 0.0017 1.0000 0.0006
vn -0.0210 0.9998 0.0008
vn -0.8642 -0.5031 -0.0045
vn -0.8113 -0.3789 0.4452
vn 0.2216 0.5902 -0.7763
vn -0.0008 0.6150 0.7886
vn 0.0022 0.6138 0.7895
vn 0.0347 0.8018 -0.5966
vn 0.0108 0.5700 0.8215
vn 0.0054 0.5122 0.8588
vn 1.0000 -0.0035 0.0005
vn 0.9998 0.0089 0.0191
vn 0.9978 0.0372 0.0553
vn 0.0064 0.5775 0.8164
vn 0.0034 0.5882 0.8087
vn 0.0009 0.7442 -0.6680
vn 0.0003 0.0878 0.9961
vn -0.9440 -0.3299 -0.0000
vn -0.9431 -0.3325 0.0034
vn -0.9360 -0.3517 -0.0164
vn -0.9347 -0.3542 0.0297
vn -0.9987 -0.0506 -0.0000
vn -0.9988 -0.0285 -0.0409
vn -0.9997 -0.0186 -0.0147
vn -0.9931 0.0176 -0.1156
vn -0.9986 -0.0525 0.0019
vn 0.6838 0.7297 0.0026
vn 0.6834 0.7301 0.0026
vn -0.9995 -0.0311 0.0007
vn -0.8117 -0.5841 -0.0011
vn -0.1500 -0.1510 0.9771
vn 0.0711 0.8048 0.5893
vn 0.0689 0.8176 0.5717
vn 0.0056 0.5973 0.8020
vn -0.7495 0.0102 0.6619
vn -0.1977 0.9803 -0.0039
vn 0.0029 0.5959 0.8031
vn 0.0107 0.5748 0.8182
vn -0.0064 0.6058 0.7956
vn -0.0023 0.9818 0.1900
vn 0.0009 0.9072 -0.4207
vn -0.0002 0.8178 -0.5755
vn 0.0007 0.0829 -0.9966
vn 0.0051 0.7794 -0.6265
vn 0.0036 0.9996 -0.0279
vn 0.0286 0.8604 0.5088
vn -0.2829 0.9576 -0.0547
vn -0.9520 -0.3041 -0.0338
vn -0.9576 -0.2861 -0.0329
vn -0.3376 0.9413 0.0082
vn -0.3352 0.9421 0.0072
vn -0.3260 0.9454 0.0033
vn -0.3183 0.9480 -0.0000
vn -0.3180 0.9481 -0.0000
vn -0.4542 -0.4862 0.7465
vn -0.7728 0.3747 -0.5122
vn -0.3184 0.9480 -0.0000
vn -0.3248 0.9458 -0.0021
vn -0.3327 0.9430 -0.0047
vn -0.3326 0.9430 -0.0047
vn -0.3342 0.9425 -0.0052
vn -0.9599 0.2802 -0.0000
vn 0.0092 1.0000 0.0005
vn 0.6504 0.7596 0.0004
vn 0.6515 0.7587 0.0011
vn -0.0059 1.0000 0.0001
vn -1.0000 -0.0049 0.0008
vn 0.0154 0.9333 -0.3589
vn -0.8417 0.1039 -0.5299
vn -0.6626 0.4966 -0.5606
vn 0.1167 0.5718 0.8121
vn 0.0154 0.9798 0.1992
vn 0.0024 0.9421 -0.3352
vn 0.0112 0.7878 -0.6159
vn -0.0043 1.0000 0.0009
vn -0.9999 -0.0164 -0.0040
vn 0.0113 0.9999 0.0012
vn -0.8949 0.4463 -0.0024
vn -1.0000 0.0047 0.0002
vn -1.0000 0.0031 0.0026
vn -0.9970 -0.0362 -0.0678
vn -0.3581 -0.9325 0.0476
vn -0.1781 -0.9840 0.0014
vn -0.3376 -0.6990 0.6303
vn 0.3490 0.8390 -0.4175
vn 0.3500 0.8411 -0.4124
vn 0.3488 0.8385 -0.4185
vn -0.8315 0.4699 0.2962
vn 0.0028 -0.5485 0.8361
vn -0.0050 0.9812 0.1927
vn 0.0033 0.7629 -0.6465
vn -0.0008 0.9964 -0.0845
vn -0.0027 0.9999 -0.0120
vn -0.1791 0.0866 0.9800
vn -0.0795 0.1654 0.9830
vn 0.0018 1.0000 -0.0002
vn -0.9999 -0.0141 -0.0002
vn 0.0115 0.9999 0.0007
vn -0.9997 0.0221 -0.0111
vn -0.9978 -0.0670 -0.0008
vn -0.4508 -0.8926 0.0019
vn -0.2678 -0.9634 -0.0070
vn -0.0125 -0.9999 0.0011
vn -0.3096 -0.9408 0.1380
vn -0.4223 -0.2677 0.8660
vn 0.3503 0.8418 -0.4107
vn 0.0063 0.5921 0.8058
vn -0.0153 0.5766 0.8169
vn 0.0023 -0.5450 0.8385
vn 0.0001 0.9086 -0.4176
vn -0.0004 0.8213 -0.5705
vn -0.0001 0.7447 -0.6675
vn -0.0098 0.9999 0.0075
vn -0.0116 0.9999 0.0048
vn 0.9992 0.0403 -0.0014
vn -0.9089 0.4170 -0.0070
vn -1.0000 0.0003 -0.0096
vn -0.9602 -0.2795 -0.0007
vn -0.7227 -0.6912 -0.0000
vn -0.7370 -0.6759 -0.0003
vn -0.6649 -0.7468 0.0103
vn -0.2755 -0.0911 0.9570
vn 0.6456 0.7189 -0.2578
vn 0.6747 0.6636 -0.3230
vn 0.6517 0.7085 -0.2708
vn 0.6781 0.6561 -0.3312
vn 0.0036 0.5798 0.8147
vn -0.0051 0.6154 0.7882
vn 0.9609 0.2412 0.1358
vn 0.9987 0.0343 0.0369
vn 0.9984 0.0367 0.0435
vn 0.9985 0.0236 0.0497
vn 0.9978 -0.0655 0.0072
vn 0.9925 -0.0451 0.1133
vn 0.9877 -0.0326 0.1529
vn 0.0064 0.7573 -0.6530
vn -0.0084 0.9998 0.0180
vn -0.0035 0.9999 -0.0121
vn 0.0072 1.0000 -0.0046
vn 0.9992 0.0398 -0.0014
vn -0.9305 0.3663 0.0034
vn -0.9965 -0.0833 -0.0030
vn -0.5643 -0.5754 0.5921
vn 0.0059 0.5937 0.8046
vn 0.0023 0.6036 0.7973
vn 0.9993 0.0202 -0.0319
vn 0.9981 0.0396 0.0465
vn 0.9988 0.0169 -0.0450
vn 0.9976 0.0409 0.0565
vn 0.9984 0.0312 0.0477
vn 0.1054 -0.2691 0.9573
vn 0.1041 -0.2487 0.9630
vn 0.1055 -0.2713 0.9567
vn 0.1030 -0.2321 0.9672
vn 0.0636 0.3186 0.9458
vn -0.1372 0.9599 0.2444
vn -0.0004 0.7602 -0.6497
vn 0.0004 0.9963 -0.0861
vn -0.6548 -0.2023 0.7282
vn -0.9999 -0.0147 -0.0001
vn -0.0074 1.0000 0.0009
vn -0.3019 -0.9530 -0.0261
vn 0.3474 -0.8615 0.3702
vn 0.0008 0.9439 -0.3302
vn -0.2000 0.0980 0.9749
vn -0.1834 0.1352 0.9737
vn -0.5218 0.0868 0.8486
vn 0.6549 0.7557 0.0011
vn 0.9963 0.0863 0.0016
vn -0.9999 0.0158 -0.0002
vn -0.9262 -0.3770 -0.0016
vn 0.3610 0.8460 0.3925
vn 0.3550 0.8407 0.4090
vn 0.3429 0.7832 0.5187
vn -0.0015 0.5717 0.8204
vn 0.5464 -0.5276 0.6505
vn 0.5387 -0.5566 0.6324
vn 0.5685 -0.4161 0.7097
vn -0.0835 0.9903 0.1112
vn -0.0020 0.9470 -0.3213
vn -0.0004 0.9085 -0.4179
vn 0.0086 0.7403 -0.6723
vn -0.0026 0.9999 -0.0106
vn -0.0053 0.9999 -0.0143
vn -0.8511 0.0050 0.5249
vn -0.8625 0.0415 0.5043
vn -0.8400 -0.0268 0.5420
vn -0.9981 -0.0608 0.0110
vn -0.9984 -0.0552 0.0100
vn -1.0000 -0.0056 0.0011
vn -0.9999 0.0109 -0.0019
vn -0.2216 0.4102 0.8847
vn -0.1743 0.4115 0.8946
vn -0.2564 0.4177 0.8717
vn 0.4816 0.7388 0.4715
vn 0.7291 0.6832 0.0403
vn 0.0110 0.5713 0.8207
vn -0.0109 0.5831 0.8124
vn 0.5736 -0.3797 0.7259
vn 0.0628 0.4676 0.8817
vn -0.2803 0.8700 0.4057
vn -0.0002 0.7453 -0.6667
vn -0.8710 0.0729 0.4859
vn 0.0242 0.9997 -0.0002
vn 0.9951 0.0990 -0.0004
vn -0.9995 0.0300 0.0021
vn -1.0000 0.0050 -0.0016
vn -0.4748 -0.8737 0.1056
vn -0.3926 -0.8801 0.2670
vn -0.6290 -0.6695 0.3951
vn -0.5302 -0.7059 0.4697
vn -0.5376 -0.0281 0.8427
vn 0.0018 0.5943 0.8042
vn -0.0135 0.5879 0.8088
vn -0.0180 0.5782 0.8157
vn -0.0102 0.5914 0.8063
vn 0.0099 0.9994 -0.0328
vn 0.5864 0.8099 0.0145
vn 0.6367 0.7711 -0.0005
vn -0.0148 0.9999 0.0012
vn -0.9999 0.0106 0.0052
vn -0.8387 -0.5446 0.0013
vn -0.4883 -0.8727 -0.0076
vn -0.6933 -0.3294 0.6410
vn 0.9141 0.4023 -0.0500
vn 0.9204 0.3848 -0.0687
vn 0.8999 0.4359 -0.0132
vn 0.0021 0.5658 0.8245
vn -0.0360 0.5643 0.8248
vn 0.8002 -0.3112 0.5127
vn 0.7972 -0.3410 0.4982
vn 0.7960 -0.3511 0.4930
vn 0.0006 0.9998 -0.0184
vn 0.0237 0.9997 0.0037
vn -0.9430 0.3329 -0.0010
vn -0.2887 -0.4704 0.8339
vn -0.2270 -0.4945 0.8390
vn -0.3017 -0.4714 0.8287
vn -0.6375 -0.7704 0.0052
vn 0.8012 -0.2975 0.5192
vn -0.1812 0.9834 0.0002
vn -0.0160 0.9180 -0.3964
vn -0.0013 0.8239 -0.5667
vn -0.0026 0.9944 -0.1054
vn 0.0908 0.9772 -0.1922
vn 0.0243 0.9989 -0.0392
vn 0.0176 0.9997 -0.0152
vn 0.9917 0.1287 -0.0010
vn -0.9969 0.0789 -0.0005
vn -0.9997 0.0229 0.0025
vn -0.9977 -0.0673 0.0012
vn -0.9799 -0.1995 0.0008
vn -0.3419 -0.9397 0.0035
vn -0.1584 0.7004 0.6959
vn -0.1061 0.6680 0.7366
vn -0.3324 0.8662 0.3730
vn -0.0354 0.9500 -0.3104
vn -0.0030 0.1275 -0.9918
vn 0.0097 0.9999 -0.0090
vn 0.0048 1.0000 0.0009
vn 0.0033 1.0000 -0.0064
vn 0.0077 1.0000 0.0013
vn 0.5820 0.8130 0.0158
vn -0.9436 0.3311 -0.0013
vn -1.0000 0.0011 0.0027
vn 0.5309 0.7201 0.4467
vn 0.8972 0.4416 -0.0069
vn 0.0226 0.5664 0.8238
vn 0.0850 0.6273 -0.7741
vn -0.9982 0.0601 0.0041
vn -0.0189 -0.9998 -0.0102
vn -0.0120 -0.9999 -0.0084
vn -0.8015 -0.4747 0.3636
vn -0.5892 -0.1036 0.8013
vn 0.3191 0.4549 0.8314
vn 0.3234 0.3588 0.8756
vn 0.3276 0.3528 0.8765
vn -0.0157 0.8259 -0.5636
vn 0.1196 0.6281 -0.7689
vn 0.1611 0.6438 -0.7481
vn -0.9993 0.0349 0.0124
vn -0.9979 -0.0648 0.0059
vn -0.9888 -0.1489 0.0005
vn -0.6181 0.7861 -0.0000
vn -0.4452 0.8954 -0.0002
vn -0.6193 0.7851 -0.0000
vn -0.6210 0.7838 -0.0000
vn -0.4837 -0.8717 -0.0792
vn -0.4564 -0.8871 -0.0683
vn -0.4383 -0.8924 -0.1074
vn -0.5741 -0.8184 0.0241
vn -0.3849 0.4141 0.8249
vn 0.3668 0.6509 0.6647
vn 0.0357 0.5953 0.8027
vn -0.0345 0.8877 -0.4592
vn -0.0030 0.7531 -0.6579
vn -0.0009 0.7319 -0.6814
vn -0.0032 0.1293 -0.9916
vn 0.9741 0.2254 -0.0195
vn 0.9337 0.3577 0.0160
vn -0.9123 0.4096 0.0009
vn -0.9884 -0.1518 -0.0053
vn -0.0000 -0.9239 -0.3826
vn 0.4027 -0.9153 -0.0000
vn 0.4024 -0.9155 -0.0000
vn 0.4025 -0.9154 -0.0000
vn -0.4168 0.9090 -0.0003
vn -0.4169 0.9090 -0.0003
vn -0.0422 -0.9990 0.0111
vn -0.7746 -0.6110 0.1637
vn -0.3915 0.4228 0.8173
vn 0.9397 0.2232 0.2591
vn 0.9525 0.1827 0.2438
vn 0.9409 0.2208 0.2570
vn 0.0768 0.5747 0.8148
vn 0.3216 0.4664 0.8241
vn -0.3551 0.7693 0.5312
vn -0.3967 0.7178 0.5721
vn -0.0026 0.9944 -0.1055
vn -0.0339 0.9994 0.0004
vn -0.9884 -0.1519 -0.0054
vn -0.6620 -0.7495 -0.0011
vn 0.9501 0.1971 0.2417
vn 0.9453 0.1927 0.2633
vn 0.9500 0.1788 0.2559
vn 0.1163 0.5597 0.8205
vn -0.4343 0.8998 0.0413
vn -0.5183 0.8493 0.0998
vn -0.6582 0.7518 0.0399
vn -0.9998 0.0068 0.0191
vn -0.3339 -0.4481 0.8293
vn -0.3278 -0.4322 0.8401
vn -0.5257 0.8459 0.0893
vn 0.5993 0.3420 -0.7238
vn 0.3942 0.9166 -0.0665
vn 0.5445 0.8388 -0.0037
vn 0.4181 0.9066 -0.0568
vn 0.6597 0.7515 0.0002
vn 0.7171 0.6969 -0.0098
vn 0.7146 0.6994 -0.0093
vn -0.0418 0.9991 0.0016
vn -0.9780 0.2084 -0.0046
vn -0.9932 0.1159 -0.0114
vn -0.9992 0.0148 0.0370
vn -0.9897 -0.1434 -0.0003
vn 0.6093 0.5682 0.5531
vn 0.9462 0.1933 0.2596
vn 0.4727 0.0527 -0.8797
vn 0.6452 0.7640 -0.0035
vn 0.9295 0.3684 0.0193
vn -0.0551 0.9985 -0.0008
vn -0.9990 0.0437 0.0050
vn -0.9469 -0.3215 0.0031
vn -0.3990 0.4629 0.7916
vn 0.2800 0.5454 0.7900
vn 0.3211 0.5150 0.7947
vn 0.2881 0.5395 0.7911
vn 0.3308 0.5076 0.7956
vn 0.9473 0.1714 0.2707
vn 0.9491 0.1761 0.2611
vn 0.9386 -0.1050 0.3288
vn -0.0590 0.9956 0.0729
vn -0.0701 0.9834 0.1671
vn -0.0735 0.9718 0.2242
vn 0.8321 0.4871 -0.2653
vn -0.4394 -0.8967 -0.0532
vn -0.6482 0.0456 0.7601
vn 0.9443 0.1570 0.2891
vn -0.0560 0.8261 0.5607
vn -0.1126 0.9411 0.3188
vn -0.2173 0.8396 0.4979
vn -0.9996 0.0270 0.0118
vn -0.7443 -0.6677 -0.0154
vn -0.9002 -0.1753 0.3987
vn 0.8344 0.0080 0.5511
vn -0.7140 0.6949 0.0857
vn 0.0170 0.7415 -0.6708
vn -0.4839 -0.8751 -0.0032
vn -0.5015 -0.8651 0.0070
vn -0.8426 -0.5362 0.0502
vn 0.4655 0.5181 0.7176
vn 0.4657 0.5180 0.7175
vn 0.4604 0.5202 0.7193
vn 0.7381 0.5088 0.4431
vn -0.4071 0.6814 0.6082
vn -0.7148 0.6732 0.1893
vn -0.0343 0.8293 -0.5578
vn -0.9311 0.1777 0.3184
vn 0.8273 0.0378 -0.5605
vn -0.9932 0.1162 0.0011
vn -0.9723 0.2335 0.0027
vn -0.9915 0.1298 -0.0092
vn -0.8218 -0.1082 0.5595
vn -0.6312 0.4050 0.6615
vn -0.6300 0.4029 0.6639
vn -0.6285 0.4006 0.6668
vn -0.6327 0.4074 0.6585
vn -0.1906 0.5779 0.7935
vn -0.2046 0.5982 0.7748
vn -0.1407 0.5426 0.8281
vn -0.3030 0.5293 0.7925
vn 0.3584 0.5067 0.7841
vn -0.0037 1.0000 -0.0013
vn 0.9982 0.0592 0.0001
vn 0.9976 0.0688 -0.0018
vn 0.9976 0.0695 -0.0020
vn -0.9962 -0.0872 0.0014
vn -0.8129 -0.5784 -0.0687
vn -0.7360 -0.6735 -0.0686
vn -0.8336 -0.5470 -0.0764
vn -0.0262 0.7932 -0.6084
vn 0.9995 -0.0290 -0.0128
vn 0.9986 0.0537 -0.0021
vn 0.9994 -0.0329 -0.0133
vn 0.9984 0.0558 -0.0007
vn -0.9134 -0.4044 -0.0457
vn -0.3332 -0.4640 0.8208
vn -0.9547 -0.2785 0.1049
vn -0.8691 0.0542 0.4917
vn -0.3021 0.5425 0.7839
vn -0.3303 0.5800 0.7447
vn -0.3141 0.6240 0.7155
vn -0.6976 0.1889 0.6911
vn -0.6970 0.1871 0.6922
vn -0.6973 0.1879 0.6917
vn 0.0119 0.9999 -0.0056
vn -0.0123 0.9999 -0.0019
vn -0.9545 -0.2981 -0.0020
vn -0.8944 0.2339 0.3812
vn -0.8775 0.1368 0.4596
vn 0.4602 0.5203 0.7194
vn -0.6977 0.1889 0.6911
vn 0.0088 1.0000 -0.0001
vn -0.0198 0.9998 0.0003
vn -0.0119 0.9999 -0.0015
vn -0.8606 0.4830 0.1613
vn -0.8528 0.5223 0.0026
vn -0.8157 0.5784 -0.0020
vn -0.0077 0.7716 -0.6360
vn -0.2202 0.8303 0.5120
vn 0.2481 0.7670 -0.5918
vn -0.8512 0.4658 0.2417
vn -0.9990 -0.0449 -0.0038
vn -0.9989 -0.0471 -0.0044
vn -0.9998 -0.0205 0.0023
vn -0.9814 -0.0249 0.1902
vn -0.8724 0.2811 0.3999
vn -0.8274 0.3188 0.4623
vn -0.9156 0.2356 0.3259
vn -0.9311 0.3628 0.0375
vn -0.9001 0.1372 0.4135
vn -0.9996 -0.0263 0.0032
vn -0.9996 -0.0266 0.0032
vn -0.3325 -0.4817 0.8108
vn -0.9066 -0.4218 -0.0099
vn -0.9415 0.1818 0.2838
vn -0.8990 0.3209 0.2981
vn -0.9941 0.1083 0.0073
vn -0.8425 -0.1211 0.5249
vn -0.9900 0.1413 0.0039
vn -0.9268 0.3756 0.0019
vn -0.1577 0.9716 0.1764
vn -0.8020 0.5973 -0.0030
vn -0.8770 0.4802 0.0151
vn -0.7648 -0.6442 -0.0050
vn -0.8129 -0.5823 -0.0061
vn -0.9672 0.2153 0.1350
vn -0.1005 0.9250 -0.3665
vn -0.9910 0.0785 0.1084
vn -0.9259 0.3777 0.0025
vn -0.9671 -0.2540 -0.0179
vn -0.6966 -0.3876 0.6038
vn -0.6809 -0.4026 0.6118
vn -0.6936 -0.3904 0.6053
vn -0.9958 -0.0918 -0.0022
vn -0.9932 0.0645 0.0972
vn 0.0274 0.9911 -0.1299
vn -0.7972 0.6037 -0.0041
vn -1.0000 0.0005 -0.0002
vn -0.9946 -0.1011 -0.0215
vn -0.6780 -0.4053 0.6132
vn -0.9999 0.0119 0.0023
vn -0.9998 0.0171 0.0094
vn -0.9999 0.0101 0.0020
vn -0.9973 -0.0562 0.0470
vn -1.0000 0.0009 0.0078
vn -0.3193 -0.4332 0.8429
vn -1.0000 -0.0037 0.0038
vn -0.9996 0.0282 0.0056
vn -0.9992 0.0404 -0.0023
vn -0.9999 -0.0118 0.0012
vn 0.9998 -0.0182 -0.0035
vn -0.4247 0.1389 0.8946
vn -0.6948 -0.0654 0.7162
vn -0.7169 -0.0655 0.6941
vn -0.7071 -0.0654 0.7041
vn -0.5581 0.4210 0.7150
vn -0.6759 0.7370 -0.0001
vn -0.8009 0.5985 -0.0175
vn -0.6846 0.7289 -0.0012
vn -0.6202 0.5552 -0.5542
vn -1.0000 0.0002 -0.0054
vn -0.9603 -0.2514 0.1206
vn -0.8637 0.3989 0.3081
vn -0.9263 0.3447 0.1521
vn -0.9525 0.2597 0.1593
vn -0.9997 0.0153 -0.0210
vn -0.9966 0.0522 -0.0643
vn -0.7195 -0.6945 -0.0063
vn -0.6391 -0.7691 0.0066
vn -0.6416 -0.7670 0.0062
vn -0.8598 -0.4059 0.3097
vn -0.9265 -0.2637 0.2686
vn -0.8635 -0.4020 0.3046
vn -0.7447 -0.0655 0.6642
vn -0.9030 -0.3266 0.2791
vn -0.7225 -0.6913 -0.0068
vn -0.9532 0.2988 0.0462
vn -0.4341 -0.4575 -0.7761
vn -0.8070 0.5902 -0.0184
vn -0.7780 0.2960 -0.5542
vn -0.7485 0.2722 -0.6047
vn -0.6739 0.1195 -0.7291
vn -0.6594 0.1467 -0.7374
vn -0.3944 -0.0923 -0.9143
vn -0.6942 -0.4094 -0.5920
vn -0.9529 -0.1765 0.2468
vn -0.6289 0.0111 -0.7774
vn -0.9717 0.1956 0.1327
vn -0.9980 -0.0433 -0.0458
vn -0.9993 -0.0360 -0.0044
vn -0.9986 -0.0531 -0.0077
vn -0.8816 -0.2124 -0.4215
vn -0.9072 -0.4208 -0.0015
vn -0.9417 -0.3355 -0.0261
vn -0.9360 -0.3513 -0.0216
vn -0.9713 0.2378 -0.0029
vn -0.9769 0.2136 0.0076
vn -0.9012 -0.4335 0.0022
vn -0.9939 -0.1096 -0.0065
vn -0.9900 -0.1404 -0.0153
vt 0.232444 0.614323
vt 0.237244 0.606930
vt 0.249493 0.609696
vt 0.254364 0.603612
vt 0.227758 0.603950
vt 0.257146 0.596840
vt 0.237211 0.621537
vt 0.257054 0.616978
vt 0.240935 0.595019
vt 0.716722 0.433030
vt 0.718683 0.428783
vt 0.724933 0.430210
vt 0.728341 0.438582
vt 0.727523 0.437529
vt 0.728996 0.433337
vt 0.722400 0.437541
vt 0.732074 0.438313
vt 0.722194 0.431946
vt 0.727107 0.442031
vt 0.734240 0.431935
vt 0.733145 0.440507
vt 0.232691 0.662981
vt 0.232782 0.663043
vt 0.229216 0.663800
vt 0.730787 0.470016
vt 0.732462 0.466026
vt 0.735378 0.469521
vt 0.729826 0.473804
vt 0.725213 0.469489
vt 0.726475 0.468358
vt 0.721956 0.473315
vt 0.727234 0.462709
vt 0.736094 0.472634
vt 0.729177 0.475448
vt 0.735092 0.462883
vt 0.730536 0.462732
vt 0.722890 0.475620
vt 0.738865 0.464261
vt 0.719613 0.466163
vt 0.598712 0.502824
vt 0.603193 0.534959
vt 0.598815 0.515085
vt 0.728459 0.494917
vt 0.734177 0.495981
vt 0.733543 0.499535
vt 0.738038 0.493872
vt 0.732613 0.490686
vt 0.734076 0.489927
vt 0.729022 0.491453
vt 0.739842 0.495673
vt 0.728206 0.489734
vt 0.725435 0.496823
vt 0.736019 0.488393
vt 0.735331 0.500972
vt 0.742370 0.489478
vt 0.743599 0.500902
vt 0.732221 0.523305
vt 0.732558 0.522499
vt 0.737645 0.522077
vt 0.739326 0.524850
vt 0.737240 0.516581
vt 0.732891 0.516164
vt 0.728317 0.525114
vt 0.742383 0.524032
vt 0.740707 0.515872
vt 0.729688 0.518080
vt 0.736645 0.528834
vt 0.742236 0.514620
vt 0.733668 0.512732
vt 0.727823 0.526991
vt 0.748992 0.494915
vt 0.751415 0.509146
vt 0.748390 0.505179
vt 0.740503 0.550757
vt 0.740898 0.552439
vt 0.738134 0.550684
vt 0.736049 0.551458
vt 0.734771 0.547085
vt 0.742452 0.555131
vt 0.744451 0.547627
vt 0.741566 0.546940
vt 0.730965 0.553055
vt 0.736395 0.557031
vt 0.742346 0.557575
vt 0.746884 0.551051
vt 0.733105 0.559013
vt 0.749980 0.560726
vt 0.739160 0.543823
vt 0.740521 0.580857
vt 0.741256 0.581726
vt 0.735178 0.580446
vt 0.742551 0.584186
vt 0.741168 0.575065
vt 0.734033 0.584560
vt 0.735524 0.575032
vt 0.737149 0.587753
vt 0.744528 0.585004
vt 0.744937 0.578089
vt 0.742053 0.572126
vt 0.730347 0.580497
vt 0.729088 0.583574
vt 0.746914 0.579170
vt 0.729935 0.574214
vt 0.985262 0.464819
vt 0.987239 0.460042
vt 0.990819 0.475304
vt 0.098361 0.203756
vt 0.126695 0.202478
vt 0.110997 0.210981
vt 0.027914 0.915813
vt 0.028213 0.915861
vt 0.028465 0.916140
vt 0.939425 0.367711
vt 0.942267 0.392833
vt 0.938469 0.360649
vt 0.575438 0.058784
vt 0.575122 0.059305
vt 0.573414 0.060241
vt 0.530335 0.626084
vt 0.532094 0.639108
vt 0.527784 0.638425
vt 0.546598 0.913150
vt 0.555999 0.921154
vt 0.554588 0.927901
vt 0.549942 0.900030
vt 0.561801 0.919854
vt 0.556308 0.909203
vt 0.579711 0.030499
vt 0.578980 0.030379
vt 0.580520 0.028187
vt 0.581965 0.034016
vt 0.570510 0.028396
vt 0.724860 0.845812
vt 0.736992 0.832375
vt 0.741546 0.836361
vt 0.324971 0.946162
vt 0.324579 0.946165
vt 0.325490 0.945786
vt 0.324031 0.946189
vt 0.606696 0.949650
vt 0.606669 0.950220
vt 0.606212 0.949664
vt 0.606952 0.951277
vt 0.594315 0.948986
vt 0.345076 0.970783
vt 0.336233 0.970293
vt 0.367555 0.968379
vt 0.584492 0.693894
vt 0.542691 0.713340
vt 0.530034 0.712599
vt 0.841961 0.048421
vt 0.851205 0.051158
vt 0.857941 0.066399
vt 0.897489 0.636114
vt 0.897377 0.636505
vt 0.897192 0.636468
vt 0.897259 0.637474
vt 0.897593 0.637191
vt 0.897562 0.637616
vt 0.897253 0.638817
vt 0.592454 0.949494
vt 0.592688 0.949695
vt 0.587101 0.948320
vt 0.790801 0.935951
vt 0.790422 0.935642
vt 0.796461 0.930575
vt 0.817334 0.057754
vt 0.817299 0.057629
vt 0.821540 0.054344
vt 0.825536 0.035922
vt 0.826842 0.036279
vt 0.828902 0.037963
vt 0.735134 0.903573
vt 0.735186 0.903280
vt 0.738356 0.908386
vt 0.741548 0.902236
vt 0.735505 0.913039
vt 0.735114 0.912977
vt 0.348537 0.745081
vt 0.349011 0.744836
vt 0.349457 0.744950
vt 0.345139 0.697534
vt 0.345941 0.709463
vt 0.330627 0.695327
vt 0.460234 0.816760
vt 0.460665 0.816685
vt 0.476811 0.821718
vt 0.333517 0.861798
vt 0.333401 0.861971
vt 0.332975 0.855051
vt 0.443798 0.812879
vt 0.441609 0.813639
vt 0.443859 0.812459
vt 0.376195 0.752099
vt 0.369604 0.694736
vt 0.377279 0.739014
vt 0.338634 0.859858
vt 0.338557 0.859760
vt 0.338247 0.853579
vt 0.446878 0.804513
vt 0.434128 0.807384
vt 0.440592 0.802490
vt 0.393666 0.733199
vt 0.393836 0.733299
vt 0.392732 0.735652
vt 0.384927 0.756488
vt 0.384737 0.756388
vt 0.384980 0.756447
vt 0.406859 0.756725
vt 0.404899 0.751235
vt 0.405117 0.751458
vt 0.460961 0.745607
vt 0.416993 0.742459
vt 0.440365 0.733951
vt 0.409071 0.750139
vt 0.410480 0.745920
vt 0.408360 0.729743
vt 0.407203 0.738776
vt 0.403953 0.762062
vt 0.405086 0.750876
vt 0.404920 0.751050
vt 0.404820 0.751010
vt 0.404544 0.750934
vt 0.407339 0.771233
vt 0.401565 0.748379
vt 0.405688 0.746071
vt 0.405686 0.747063
vt 0.405178 0.746382
vt 0.405193 0.746663
vt 0.404893 0.746466
vt 0.404447 0.746396
vt 0.404895 0.746605
vt 0.403185 0.745648
vt 0.438060 0.794867
vt 0.423077 0.803285
vt 0.401464 0.735087
vt 0.387746 0.748972
vt 0.386450 0.758668
vt 0.397108 0.761585
vt 0.413445 0.790171
vt 0.405641 0.776684
vt 0.412489 0.799879
vt 0.443683 0.793815
vt 0.334581 0.843166
vt 0.349841 0.851125
vt 0.409719 0.781126
vt 0.403765 0.730393
vt 0.403924 0.730297
vt 0.403830 0.730739
vt 0.403586 0.728899
vt 0.403635 0.730188
vt 0.403375 0.730746
vt 0.403611 0.730531
vt 0.386041 0.743468
vt 0.421554 0.710473
vt 0.397276 0.732071
vt 0.381649 0.752462
vt 0.384999 0.756613
vt 0.394116 0.772826
vt 0.418795 0.808366
vt 0.455735 0.791418
vt 0.451910 0.796000
vt 0.382534 0.737189
vt 0.388251 0.766830
vt 0.393160 0.731697
vt 0.455815 0.802732
vt 0.460796 0.796606
vt 0.394157 0.733100
vt 0.393877 0.733163
vt 0.393477 0.733021
vt 0.390481 0.766965
vt 0.390355 0.766620
vt 0.390601 0.766675
vt 0.390918 0.766756
vt 0.390646 0.766530
vt 0.390653 0.766333
vt 0.430655 0.810726
vt 0.377328 0.754604
vt 0.386366 0.767570
vt 0.385528 0.767016
vt 0.386142 0.767381
vt 0.375767 0.778171
vt 0.384386 0.767217
vt 0.384521 0.768205
vt 0.469795 0.810391
vt 0.463751 0.758689
vt 0.465706 0.749243
vt 0.384078 0.768193
vt 0.384639 0.767672
vt 0.336855 0.851176
vt 0.336808 0.851641
vt 0.337090 0.851906
vt 0.336448 0.851763
vt 0.336625 0.851674
vt 0.336845 0.851778
vt 0.462041 0.791807
vt 0.470061 0.748514
vt 0.341497 0.863974
vt 0.389460 0.792029
vt 0.396673 0.780111
vt 0.395986 0.780323
vt 0.396539 0.780106
vt 0.396396 0.780007
vt 0.395998 0.779707
vt 0.491765 0.823496
vt 0.485850 0.814618
vt 0.493609 0.816343
vt 0.483743 0.834756
vt 0.477505 0.815445
vt 0.489254 0.832151
vt 0.489601 0.833317
vt 0.489480 0.832075
vt 0.489562 0.831585
vt 0.506920 0.815119
vt 0.503630 0.847688
vt 0.465378 0.794547
vt 0.323163 0.842877
vt 0.372004 0.767101
vt 0.337686 0.865274
vt 0.338488 0.860536
vt 0.338570 0.860125
vt 0.338708 0.860102
vt 0.500838 0.807249
vt 0.359133 0.875892
vt 0.370330 0.878496
vt 0.405354 0.840342
vt 0.447255 0.828448
vt 0.455800 0.815662
vt 0.472544 0.747419
vt 0.439077 0.813892
vt 0.439532 0.814403
vt 0.439412 0.813919
vt 0.439390 0.814011
vt 0.439240 0.813924
vt 0.449274 0.815663
vt 0.444109 0.813166
vt 0.444097 0.812788
vt 0.461547 0.814366
vt 0.459792 0.814384
vt 0.501316 0.798635
vt 0.428536 0.837407
vt 0.450966 0.811951
vt 0.450398 0.811640
vt 0.461190 0.814593
vt 0.461166 0.814669
vt 0.462170 0.814964
vt 0.461602 0.814716
vt 0.501841 0.839134
vt 0.501525 0.833926
vt 0.522779 0.813852
vt 0.792122 0.032805
vt 0.792618 0.057804
vt 0.782725 0.023740
vt 0.331422 0.863638
vt 0.333210 0.862422
vt 0.333515 0.862115
vt 0.333640 0.862249
vt 0.451166 0.812599
vt 0.451463 0.812596
vt 0.502327 0.833083
vt 0.501981 0.835079
vt 0.792369 0.033231
vt 0.792434 0.033156
vt 0.792591 0.032854
vt 0.792372 0.032934
vt 0.809675 0.033050
vt 0.327199 0.853294
vt 0.459839 0.814843
vt 0.460870 0.816532
vt 0.514226 0.811342
vt 0.336112 0.879465
vt 0.323660 0.858705
vt 0.326998 0.854395
vt 0.327051 0.853984
vt 0.327107 0.854867
vt 0.479285 0.829633
vt 0.480198 0.832262
vt 0.326614 0.854422
vt 0.326832 0.854396
vt 0.326940 0.854585
vt 0.477852 0.829354
vt 0.479160 0.830416
vt 0.477865 0.830607
vt 0.479363 0.831019
vt 0.540666 0.827539
vt 0.526785 0.811951
vt 0.329482 0.871690
vt 0.335010 0.871974
vt 0.354491 0.895233
vt 0.351656 0.754400
vt 0.350833 0.741749
vt 0.369263 0.784938
vt 0.368330 0.809697
vt 0.419806 0.838903
vt 0.420065 0.843595
vt 0.420170 0.839216
vt 0.420522 0.839298
vt 0.420783 0.839013
vt 0.420317 0.839087
vt 0.533278 0.818445
vt 0.351842 0.730860
vt 0.384810 0.814456
vt 0.383730 0.814474
vt 0.384105 0.814680
vt 0.384460 0.814740
vt 0.533621 0.818321
vt 0.533436 0.817938
vt 0.537678 0.817741
vt 0.533143 0.817983
vt 0.347196 0.886070
vt 0.383694 0.816271
vt 0.384153 0.815021
vt 0.492060 0.848031
vt 0.539267 0.822261
vt 0.517631 0.809520
vt 0.489580 0.848812
vt 0.489256 0.855489
vt 0.488426 0.847154
vt 0.515102 0.810663
vt 0.514732 0.810588
vt 0.514217 0.810139
vt 0.514595 0.810675
vt 0.370572 0.790439
vt 0.490039 0.848484
vt 0.489776 0.848204
vt 0.540552 0.824778
vt 0.512304 0.802777
vt 0.350909 0.723180
vt 0.413196 0.858142
vt 0.481123 0.857909
vt 0.530378 0.809670
vt 0.535500 0.812121
vt 0.357441 0.880598
vt 0.355256 0.885709
vt 0.355562 0.886179
vt 0.355648 0.886192
vt 0.730250 0.925344
vt 0.730794 0.925617
vt 0.724551 0.935712
vt 0.745831 0.930625
vt 0.367308 0.866754
vt 0.805392 0.040901
vt 0.805117 0.040996
vt 0.805756 0.040575
vt 0.811308 0.039417
vt 0.817178 0.039131
vt 0.811679 0.029579
vt 0.371341 0.798467
vt 0.372227 0.798502
vt 0.374371 0.800290
vt 0.374442 0.800424
vt 0.374977 0.800079
vt 0.782494 0.963260
vt 0.794436 0.995000
vt 0.775232 0.958480
vt 0.750508 0.936251
vt 0.730925 0.925130
vt 0.730621 0.924942
vt 0.730286 0.920879
vt 0.805457 0.041538
vt 0.805274 0.041101
vt 0.805433 0.041089
vt 0.455028 0.856632
vt 0.334028 0.875839
vt 0.334135 0.876280
vt 0.334141 0.876103
vt 0.334185 0.876111
vt 0.334319 0.875988
vt 0.334168 0.875975
vt 0.372226 0.884947
vt 0.372877 0.885133
vt 0.381871 0.896582
vt 0.339007 0.730969
vt 0.339466 0.750307
vt 0.348190 0.744461
vt 0.348584 0.744814
vt 0.744537 0.923561
vt 0.484071 0.857321
vt 0.548157 0.827370
vt 0.547647 0.822529
vt 0.372213 0.885420
vt 0.372488 0.885196
vt 0.408102 0.895522
vt 0.422360 0.895454
vt 0.351287 0.772862
vt 0.709020 0.916177
vt 0.419167 0.847331
vt 0.483858 0.857795
vt 0.485027 0.858392
vt 0.484032 0.857763
vt 0.484109 0.857680
vt 0.546567 0.814394
vt 0.389517 0.891837
vt 0.419454 0.847984
vt 0.419441 0.847718
vt 0.419392 0.847609
vt 0.496967 0.853870
vt 0.497362 0.853444
vt 0.482829 0.770600
vt 0.479163 0.769119
vt 0.478677 0.768487
vt 0.478693 0.768825
vt 0.459242 0.893980
vt 0.458569 0.906565
vt 0.452051 0.894471
vt 0.462399 0.904234
vt 0.452658 0.909890
vt 0.495103 0.874933
vt 0.498227 0.857637
vt 0.497221 0.854001
vt 0.497307 0.853802
vt 0.813526 0.042763
vt 0.813717 0.043307
vt 0.813732 0.042908
vt 0.813917 0.042533
vt 0.815944 0.049541
vt 0.534239 0.805516
vt 0.520984 0.800657
vt 0.480292 0.780164
vt 0.480402 0.779832
vt 0.479812 0.780143
vt 0.478377 0.769990
vt 0.460954 0.926190
vt 0.795354 0.967306
vt 0.790071 0.971332
vt 0.436963 0.877105
vt 0.523500 0.807898
vt 0.524188 0.807406
vt 0.523834 0.807587
vt 0.523842 0.807245
vt 0.480182 0.779317
vt 0.479980 0.779678
vt 0.321029 0.888954
vt 0.789936 0.970296
vt 0.789956 0.970783
vt 0.789778 0.970545
vt 0.789479 0.970733
vt 0.789744 0.970738
vt 0.333270 0.692257
vt 0.455497 0.922349
vt 0.338293 0.781585
vt 0.787314 0.967256
vt 0.763732 0.951181
vt 0.764092 0.951647
vt 0.763506 0.950976
vt 0.740222 0.919066
vt 0.722577 0.902293
vt 0.529041 0.804951
vt 0.331494 0.886319
vt 0.382152 0.890978
vt 0.381736 0.887865
vt 0.382261 0.887935
vt 0.382281 0.887765
vt 0.336944 0.691473
vt 0.767231 0.951890
vt 0.764688 0.951819
vt 0.764112 0.951465
vt 0.763689 0.951118
vt 0.382246 0.888316
vt 0.382206 0.888029
vt 0.382515 0.888248
vt 0.447047 0.894719
vt 0.516219 0.917275
vt 0.726112 0.914947
vt 0.411347 0.861202
vt 0.411280 0.860910
vt 0.471693 0.867705
vt 0.468106 0.869167
vt 0.332548 0.880321
vt 0.332773 0.880463
vt 0.379389 0.890025
vt 0.448102 0.923310
vt 0.849885 0.651293
vt 0.803101 0.712318
vt 0.818223 0.658843
vt 0.803147 0.979898
vt 0.809028 0.956781
vt 0.734679 0.913103
vt 0.735410 0.913180
vt 0.735741 0.913487
vt 0.725580 0.914440
vt 0.725448 0.914639
vt 0.725089 0.915126
vt 0.725510 0.914722
vt 0.412064 0.861609
vt 0.411988 0.860857
vt 0.470211 0.867389
vt 0.469768 0.867764
vt 0.470683 0.867614
vt 0.498163 0.870209
vt 0.332494 0.880945
vt 0.332590 0.880570
vt 0.379223 0.890343
vt 0.379377 0.890493
vt 0.379141 0.890472
vt 0.446483 0.910036
vt 0.495031 0.861435
vt 0.495716 0.861785
vt 0.802083 0.073506
vt 0.532498 0.799172
vt 0.526470 0.798652
vt 0.311855 0.905495
vt 0.817165 0.599301
vt 0.712870 0.936314
vt 0.712632 0.935795
vt 0.495131 0.861876
vt 0.495278 0.862378
vt 0.495783 0.863086
vt 0.341980 0.893018
vt 0.448305 0.942928
vt 0.444876 0.929811
vt 0.450478 0.940684
vt 0.440746 0.940359
vt 0.440220 0.943190
vt 0.441865 0.930370
vt 0.447383 0.930147
vt 0.452583 0.927154
vt 0.438758 0.936510
vt 0.437331 0.932229
vt 0.220532 0.311280
vt 0.221280 0.312803
vt 0.214840 0.315645
vt 0.920021 0.694489
vt 0.903450 0.696384
vt 0.901263 0.695058
vt 0.505104 0.933138
vt 0.507720 0.936641
vt 0.506190 0.937791
vt 0.508192 0.941191
vt 0.434374 0.970597
vt 0.435101 0.969406
vt 0.439480 0.976869
vt 0.436295 0.969622
vt 0.512025 0.950024
vt 0.511267 0.950406
vt 0.508681 0.940463
vt 0.511121 0.941081
vt 0.509778 0.939834
vt 0.511236 0.939456
vt 0.509906 0.934280
vt 0.516792 0.928511
vt 0.511161 0.935773
vt 0.213488 0.300695
vt 0.215254 0.292703
vt 0.214355 0.304055
vt 0.211530 0.307019
vt 0.503799 0.940156
vt 0.214069 0.296441
vt 0.214062 0.296953
vt 0.213472 0.297626
vt 0.213671 0.297451
vt 0.212078 0.309068
vt 0.455647 0.941233
vt 0.220057 0.310466
vt 0.901744 0.691356
vt 0.905080 0.691075
vt 0.899863 0.698469
vt 0.213425 0.297158
vt 0.213322 0.297433
vt 0.216435 0.308918
vt 0.215471 0.311185
vt 0.209913 0.314170
vt 0.220904 0.308275
vt 0.212151 0.314883
vt 0.210178 0.319044
vt 0.214048 0.321864
vt 0.226629 0.307970
vt 0.817415 0.635393
vt 0.338875 0.799096
vt 0.749314 0.926770
vt 0.711770 0.936657
vt 0.712331 0.936507
vt 0.712645 0.936154
vt 0.712577 0.936391
vt 0.469715 0.870561
vt 0.546676 0.803983
vt 0.503908 0.926083
vt 0.509626 0.920949
vt 0.213679 0.296801
vt 0.211879 0.297260
vt 0.736417 0.898347
vt 0.734733 0.903832
vt 0.734685 0.904103
vt 0.698950 0.953600
vt 0.468697 0.870474
vt 0.468026 0.870702
vt 0.468654 0.870719
vt 0.469294 0.870998
vt 0.469036 0.870738
vt 0.552027 0.806840
vt 0.324171 0.903182
vt 0.429293 0.930980
vt 0.434351 0.946307
vt 0.203540 0.305915
vt 0.922984 0.706049
vt 0.919234 0.692222
vt 0.886537 0.672724
vt 0.899780 0.705627
vt 0.710507 0.934761
vt 0.710641 0.935771
vt 0.824225 0.030717
vt 0.814320 0.024466
vt 0.438725 0.952206
vt 0.816287 0.602947
vt 0.707792 0.937412
vt 0.710373 0.935093
vt 0.710481 0.935517
vt 0.441577 0.842998
vt 0.440760 0.842122
vt 0.443716 0.843402
vt 0.437402 0.955653
vt 0.913404 0.689106
vt 0.327714 0.800858
vt 0.770217 0.939990
vt 0.440871 0.842849
vt 0.443082 0.845655
vt 0.441987 0.843885
vt 0.826781 0.036042
vt 0.826735 0.036121
vt 0.826474 0.036091
vt 0.427894 0.934294
vt 0.430245 0.946331
vt 0.427598 0.959713
vt 0.439484 0.957320
vt 0.201894 0.290497
vt 0.191887 0.338145
vt 0.194062 0.347433
vt 0.192021 0.347564
vt 0.202870 0.315657
vt 0.198642 0.327346
vt 0.193751 0.316225
vt 0.194495 0.337170
vt 0.189478 0.352617
vt 0.191191 0.354610
vt 0.850177 0.621405
vt 0.827600 0.035221
vt 0.383946 0.928887
vt 0.417018 0.949299
vt 0.212183 0.285282
vt 0.197146 0.349332
vt 0.926714 0.694382
vt 0.908048 0.676948
vt 0.827833 0.035116
vt 0.827766 0.034528
vt 0.827674 0.034923
vt 0.821197 0.026924
vt 0.821271 0.027047
vt 0.316066 0.898562
vt 0.435067 0.965792
vt 0.192873 0.297294
vt 0.852454 0.575616
vt 0.795248 0.941144
vt 0.792881 0.937383
vt 0.815491 0.060399
vt 0.817015 0.057482
vt 0.817291 0.057879
vt 0.835421 0.039443
vt 0.826810 0.029510
vt 0.821667 0.027026
vt 0.821421 0.026930
vt 0.821485 0.026843
vt 0.821695 0.026496
vt 0.825563 0.023784
vt 0.404132 0.962053
vt 0.192508 0.303047
vt 0.210727 0.323186
vt 0.864891 0.646262
vt 0.783412 0.918177
vt 0.787948 0.908908
vt 0.787580 0.909158
vt 0.787691 0.908378
vt 0.787517 0.908797
vt 0.787160 0.908828
vt 0.790242 0.885856
vt 0.834632 0.032331
vt 0.555669 0.819249
vt 0.901022 0.667240
vt 0.814412 0.559603
vt 0.805023 0.946990
vt 0.780180 0.906456
vt 0.790177 0.963779
vt 0.790574 0.963399
vt 0.790074 0.963225
vt 0.790128 0.963464
vt 0.730014 0.894259
vt 0.643971 0.973400
vt 0.650420 0.936394
vt 0.335126 0.901893
vt 0.314937 0.929827
vt 0.406006 0.936389
vt 0.395373 0.954097
vt 0.514914 0.955079
vt 0.193287 0.308349
vt 0.191186 0.317311
vt 0.188676 0.349569
vt 0.187584 0.356423
vt 0.764721 0.907581
vt 0.706172 0.900507
vt 0.681135 0.930444
vt 0.812001 0.065800
vt 0.811598 0.066152
vt 0.811957 0.065591
vt 0.822384 0.018445
vt 0.400698 0.964046
vt 0.424014 0.967041
vt 0.191099 0.298678
vt 0.926338 0.662607
vt 0.923677 0.664246
vt 0.918234 0.653909
vt 0.892676 0.653056
vt 0.868402 0.623789
vt 0.870384 0.580140
vt 0.773580 0.897676
vt 0.789657 0.931002
vt 0.705301 0.939644
vt 0.811622 0.067127
vt 0.812217 0.065846
vt 0.812632 0.065738
vt 0.064875 0.988354
vt 0.053271 0.986769
vt 0.055182 0.979935
vt 0.207905 0.280887
vt 0.914790 0.675855
vt 0.910791 0.665489
vt 0.881601 0.639067
vt 0.812915 0.525657
vt 0.810676 0.476151
vt 0.789986 0.935564
vt 0.790127 0.935860
vt 0.790323 0.936041
vt 0.790601 0.935862
vt 0.788572 0.939150
vt 0.705522 0.938977
vt 0.704663 0.938893
vt 0.705064 0.939291
vt 0.629794 0.951331
vt 0.621785 0.967292
vt 0.633927 0.986102
vt 0.823866 0.067693
vt 0.838518 0.036646
vt 0.551738 0.796548
vt 0.522084 0.688378
vt 0.533683 0.704096
vt 0.205707 0.278418
vt 0.191594 0.289828
vt 0.184269 0.354955
vt 0.775019 0.871307
vt 0.777845 0.872572
vt 0.767249 0.872542
vt 0.791163 0.938609
vt 0.791060 0.938830
vt 0.791283 0.938975
vt 0.791136 0.938760
vt 0.836778 0.039661
vt 0.837079 0.039611
vt 0.836583 0.039467
vt 0.836359 0.039218
vt 0.836429 0.039593
vt 0.836209 0.039828
vt 0.555354 0.802097
vt 0.068254 0.983261
vt 0.190428 0.293179
vt 0.190430 0.292611
vt 0.190710 0.293121
vt 0.190990 0.293116
vt 0.191082 0.292839
vt 0.189847 0.301265
vt 0.190784 0.309229
vt 0.189287 0.382927
vt 0.920812 0.666831
vt 0.928561 0.670464
vt 0.911668 0.669711
vt 0.911578 0.669867
vt 0.910792 0.668950
vt 0.911645 0.669440
vt 0.910886 0.668482
vt 0.910516 0.668102
vt 0.909947 0.667890
vt 0.908287 0.666166
vt 0.891514 0.648720
vt 0.556141 0.812054
vt 0.384278 0.938484
vt 0.388714 0.951308
vt 0.373799 0.957286
vt 0.188907 0.294617
vt 0.186639 0.318118
vt 0.186936 0.334759
vt 0.885462 0.618701
vt 0.843687 0.531084
vt 0.776052 0.850413
vt 0.780933 0.837266
vt 0.742308 0.879517
vt 0.734799 0.888491
vt 0.589101 0.936714
vt 0.583130 0.958824
vt 0.593733 0.951771
vt 0.842891 0.043684
vt 0.532286 0.698695
vt 0.384937 0.953610
vt 0.380256 0.955171
vt 0.368432 0.966882
vt 0.193093 0.283805
vt 0.187210 0.305009
vt 0.916848 0.635465
vt 0.772489 0.854813
vt 0.773094 0.888488
vt 0.831157 0.060722
vt 0.571867 0.945224
vt 0.583492 0.940055
vt 0.516848 0.716855
vt 0.517508 0.716083
vt 0.910999 0.645264
vt 0.898600 0.641611
vt 0.716883 0.887911
vt 0.830788 0.061585
vt 0.831064 0.061359
vt 0.831063 0.061703
vt 0.831365 0.062218
vt 0.828071 0.083092
vt 0.592768 0.949367
vt 0.592627 0.949433
vt 0.515798 0.718372
vt 0.517104 0.717259
vt 0.064242 0.975070
vt 0.037952 0.971680
vt 0.050954 0.971736
vt 0.040099 0.969782
vt 0.204723 0.275598
vt 0.188028 0.290094
vt 0.904349 0.652098
vt 0.898011 0.639446
vt 0.897705 0.638963
vt 0.898004 0.638714
vt 0.897759 0.638522
vt 0.898283 0.639349
vt 0.898585 0.636147
vt 0.841437 0.445154
vt 0.830881 0.061881
vt 0.577791 0.965824
vt 0.613928 0.960763
vt 0.355081 0.976566
vt 0.108922 0.991321
vt 0.898128 0.639212
vt 0.896595 0.634134
vt 0.856466 0.528194
vt 0.842724 0.488057
vt 0.771003 0.870291
vt 0.595690 0.939384
vt 0.560325 0.798891
vt 0.361959 0.957722
vt 0.367646 0.956382
vt 0.089300 0.984809
vt 0.916741 0.649533
vt 0.916915 0.649556
vt 0.916747 0.648723
vt 0.916234 0.648696
vt 0.771047 0.842243
vt 0.360839 0.941504
vt 0.050802 0.969773
vt 0.040658 0.967837
vt 0.194994 0.276248
vt 0.180720 0.294347
vt 0.915023 0.643696
vt 0.916465 0.646972
vt 0.915654 0.647393
vt 0.893772 0.620056
vt 0.884149 0.605211
vt 0.666954 0.939366
vt 0.847700 0.037582
vt 0.844908 0.021472
vt 0.541844 0.715269
vt 0.543089 0.713590
vt 0.297215 0.910448
vt 0.189249 0.403690
vt 0.914046 0.641096
vt 0.914646 0.644137
vt 0.908087 0.634739
vt 0.908252 0.620399
vt 0.884991 0.564223
vt 0.768178 0.856665
vt 0.714671 0.895010
vt 0.715017 0.895228
vt 0.714569 0.895386
vt 0.566299 0.970336
vt 0.566779 0.976675
vt 0.561528 0.759641
vt 0.542070 0.715442
vt 0.543043 0.713799
vt 0.543502 0.713724
vt 0.345835 0.958951
vt 0.178695 0.315966
vt 0.178261 0.358228
vt 0.176413 0.333928
vt 0.912712 0.637096
vt 0.913111 0.638902
vt 0.913249 0.640383
vt 0.714644 0.894565
vt 0.699583 0.892589
vt 0.607357 0.952182
vt 0.351759 0.957908
vt 0.191631 0.408721
vt 0.911877 0.635031
vt 0.911917 0.636191
vt 0.893301 0.602061
vt 0.851462 0.457662
vt 0.625127 0.931159
vt 0.994325 0.824144
vt 0.994101 0.824025
vt 0.994360 0.823077
vt 0.994068 0.818703
vt 0.994738 0.818004
vt 0.994681 0.818388
vt 0.994881 0.818144
vt 0.994919 0.820754
vt 0.994972 0.818157
vt 0.623192 0.953274
vt 0.621977 0.955592
vt 0.619130 0.953798
vt 0.619115 0.953702
vt 0.620801 0.954342
vt 0.619305 0.953530
vt 0.619003 0.953669
vt 0.617595 0.953723
vt 0.604941 0.954792
vt 0.606480 0.955137
vt 0.605919 0.954903
vt 0.605911 0.954707
vt 0.606289 0.954578
vt 0.605557 0.954540
vt 0.331253 0.945264
vt 0.180114 0.376881
vt 0.908236 0.605599
vt 0.901065 0.594734
vt 0.470635 0.690293
vt 0.491608 0.657783
vt 0.489424 0.666831
vt 0.766283 0.880606
vt 0.765738 0.880680
vt 0.765325 0.880196
vt 0.765641 0.880802
vt 0.765227 0.881609
vt 0.646105 0.925330
vt 0.622204 0.952674
vt 0.613929 0.945783
vt 0.569434 0.962440
vt 0.053649 0.967373
vt 0.036093 0.963804
vt 0.492876 0.660676
vt 0.483787 0.657345
vt 0.488330 0.652223
vt 0.760790 0.841173
vt 0.765455 0.880702
vt 0.725179 0.888045
vt 0.708893 0.887629
vt 0.693598 0.905249
vt 0.693853 0.904992
vt 0.693851 0.905200
vt 0.594406 0.932943
vt 0.323273 0.945709
vt 0.076598 0.977332
vt 0.083471 0.979127
vt 0.075562 0.977241
vt 0.075234 0.976974
vt 0.064737 0.972693
vt 0.178931 0.309784
vt 0.673303 0.914652
vt 0.693060 0.904968
vt 0.693518 0.905148
vt 0.693480 0.905386
vt 0.606575 0.948020
vt 0.847091 0.028013
vt 0.583803 0.822821
vt 0.595449 0.711098
vt 0.593629 0.703734
vt 0.615343 0.701892
vt 0.589445 0.717749
vt 0.301269 0.947917
vt 0.323074 0.946308
vt 0.324393 0.946369
vt 0.324765 0.946330
vt 0.324993 0.946458
vt 0.325611 0.946640
vt 0.326212 0.946163
vt 0.326263 0.946406
vt 0.326733 0.946409
vt 0.326581 0.946595
vt 0.326932 0.947041
vt 0.326972 0.946519
vt 0.330470 0.961050
vt 0.076826 0.977356
vt 0.075081 0.976813
vt 0.182989 0.398148
vt 0.907669 0.614495
vt 0.907848 0.615548
vt 0.907876 0.616706
vt 0.907968 0.617475
vt 0.890443 0.573857
vt 0.888799 0.561985
vt 0.476139 0.701589
vt 0.467470 0.713192
vt 0.768358 0.835050
vt 0.237485 0.954664
vt 0.235759 0.931213
vt 0.267911 0.946363
vt 0.324531 0.946977
vt 0.326353 0.947769
vt 0.080194 0.976094
vt 0.076580 0.977277
vt 0.075895 0.976971
vt 0.075461 0.976791
vt 0.031449 0.955942
vt 0.015407 0.958031
vt 0.907164 0.609955
vt 0.907365 0.611231
vt 0.907581 0.613181
vt 0.907645 0.615566
vt 0.325348 0.949107
vt 0.325648 0.961172
vt 0.103258 0.983370
vt 0.063346 0.963391
vt 0.175938 0.313674
vt 0.174000 0.349493
vt 0.906413 0.607611
vt 0.906771 0.609206
vt 0.906954 0.611313
vt 0.486194 0.690475
vt 0.566415 0.956848
vt 0.851410 0.042142
vt 0.550410 0.776420
vt 0.549651 0.776750
vt 0.548607 0.776966
vt 0.625231 0.688408
vt 0.320069 0.962107
vt 0.016244 0.948010
vt 0.905773 0.603682
vt 0.906192 0.605428
vt 0.906234 0.607205
vt 0.472699 0.714651
vt 0.762988 0.834769
vt 0.840891 0.016724
vt 0.548901 0.776631
vt 0.597917 0.717830
vt 0.313302 0.962118
vt 0.313070 0.973011
vt 0.175329 0.372696
vt 0.191567 0.430874
vt 0.904752 0.598900
vt 0.905265 0.601742
vt 0.905372 0.602756
vt 0.489046 0.686931
vt 0.586517 0.783063
vt 0.307480 0.963980
vt 0.114525 0.985025
vt 0.074594 0.972031
vt 0.040736 0.952792
vt 0.905507 0.596432
vt 0.904453 0.596624
vt 0.904613 0.597582
vt 0.904342 0.598640
vt 0.485792 0.697560
vt 0.498040 0.662594
vt 0.768327 0.826097
vt 0.755589 0.835649
vt 0.677817 0.942544
vt 0.677316 0.942114
vt 0.677499 0.942460
vt 0.677399 0.942647
vt 0.633041 0.927393
vt 0.633424 0.927292
vt 0.632926 0.927963
vt 0.597604 0.925444
vt 0.312624 0.974506
vt 0.103965 0.981613
vt 0.179230 0.397158
vt 0.905741 0.594934
vt 0.904077 0.595936
vt 0.482778 0.709801
vt 0.456979 0.739727
vt 0.476021 0.716134
vt 0.479740 0.706358
vt 0.478954 0.707307
vt 0.479589 0.706123
vt 0.480247 0.705526
vt 0.748823 0.834838
vt 0.624030 0.920484
vt 0.632962 0.927314
vt 0.632306 0.927234
vt 0.632900 0.927398
vt 0.628938 0.710642
vt 0.277574 0.951416
vt 0.908630 0.594879
vt 0.907807 0.595117
vt 0.907501 0.595548
vt 0.484703 0.701458
vt 0.465600 0.723501
vt 0.479942 0.706109
vt 0.480119 0.705886
vt 0.480403 0.705504
vt 0.480690 0.704995
vt 0.492279 0.683295
vt 0.499152 0.672183
vt 0.505182 0.650665
vt 0.758236 0.825062
vt 0.747629 0.835610
vt 0.565708 0.934570
vt 0.563061 0.948893
vt 0.327831 0.979843
vt 0.351251 0.983410
vt 0.327775 0.987164
vt 0.171517 0.335879
vt 0.171285 0.357691
vt 0.911490 0.594493
vt 0.910388 0.594895
vt 0.909716 0.594844
vt 0.907455 0.594270
vt 0.480681 0.705070
vt 0.480964 0.704696
vt 0.505684 0.643412
vt 0.715369 0.835895
vt 0.704041 0.883886
vt 0.662054 0.926540
vt 0.661897 0.926913
vt 0.661812 0.926304
vt 0.657603 0.925901
vt 0.657968 0.925848
vt 0.657879 0.925717
vt 0.657927 0.925555
vt 0.657729 0.925453
vt 0.657813 0.925660
vt 0.664292 0.897909
vt 0.840377 0.007951
vt 0.593969 0.734860
vt 0.264871 0.954746
vt 0.269028 0.955339
vt 0.297373 0.964329
vt 0.090195 0.975177
vt 0.049453 0.948617
vt 0.032461 0.944263
vt 0.167891 0.334892
vt 0.183888 0.415677
vt 0.194898 0.447939
vt 0.198482 0.460514
vt 0.195883 0.433386
vt 0.911893 0.593887
vt 0.911723 0.593851
vt 0.933792 0.591631
vt 0.662549 0.926865
vt 0.662105 0.926725
vt 0.662218 0.926457
vt 0.557976 0.016905
vt 0.563197 0.029247
vt 0.560194 0.031924
vt 0.248459 0.956709
vt 0.253213 0.957475
vt 0.253518 0.963709
vt 0.554665 0.020104
vt 0.254099 0.970316
vt 0.250322 0.971334
vt 0.281946 0.966058
vt 0.018203 0.944109
vt 0.187310 0.446737
vt 0.762237 0.824561
vt 0.712370 0.849153
vt 0.630667 0.699474
vt 0.290160 0.965262
vt 0.295204 0.976473
vt 0.069413 0.958359
vt 0.172277 0.316799
vt 0.182293 0.423406
vt 0.498066 0.683187
vt 0.752219 0.823270
vt 0.751758 0.823040
vt 0.737899 0.818815
vt 0.345846 0.984397
vt 0.346472 0.984469
vt 0.346612 0.984561
vt 0.107017 0.978622
vt 0.066111 0.952455
vt 0.169477 0.368893
vt 0.165064 0.333669
vt 0.500008 0.680508
vt 0.499942 0.680393
vt 0.499912 0.680259
vt 0.500117 0.679467
vt 0.501170 0.675984
vt 0.506659 0.648319
vt 0.622919 0.923370
vt 0.629458 0.719108
vt 0.282395 0.976397
vt 0.345586 0.984554
vt 0.345726 0.984770
vt 0.346389 0.984688
vt 0.346771 0.984592
vt 0.097936 0.970499
vt 0.020746 0.940550
vt 0.193840 0.457409
vt 0.498178 0.691438
vt 0.506891 0.673821
vt 0.500105 0.680327
vt 0.500374 0.679922
vt 0.500247 0.679839
vt 0.500578 0.679492
vt 0.500702 0.679130
vt 0.500830 0.678747
vt 0.501247 0.677810
vt 0.501500 0.677315
vt 0.501669 0.676863
vt 0.501826 0.676918
vt 0.502145 0.676645
vt 0.502129 0.676297
vt 0.745504 0.821478
vt 0.701447 0.851175
vt 0.622230 0.921749
vt 0.622505 0.922892
vt 0.622270 0.922403
vt 0.622038 0.922409
vt 0.572517 0.926082
vt 0.621640 0.760574
vt 0.551530 0.010035
vt 0.554083 0.034559
vt 0.551709 0.021810
vt 0.268399 0.967973
vt 0.344687 0.986350
vt 0.120314 0.984338
vt 0.042124 0.944258
vt 0.501008 0.678484
vt 0.501304 0.678010
vt 0.501465 0.677727
vt 0.501566 0.677229
vt 0.502368 0.676301
vt 0.503114 0.672806
vt 0.503577 0.673098
vt 0.503823 0.672547
vt 0.503584 0.672689
vt 0.503374 0.672480
vt 0.504535 0.668709
vt 0.686257 0.855213
vt 0.691161 0.839338
vt 0.549291 0.036559
vt 0.547482 0.022662
vt 0.298292 0.983118
vt 0.503662 0.672987
vt 0.510822 0.636033
vt 0.764571 0.821496
vt 0.502204 0.613801
vt 0.506818 0.601363
vt 0.508423 0.613452
vt 0.582853 0.921431
vt 0.549027 0.012284
vt 0.309991 0.982762
vt 0.083624 0.961658
vt 0.176047 0.394418
vt 0.856046 0.033057
vt 0.556875 0.035783
vt 0.564776 0.033989
vt 0.582644 0.027974
vt 0.582296 0.027990
vt 0.589093 0.022526
vt 0.583136 0.032865
vt 0.568074 0.028062
vt 0.562880 0.022114
vt 0.600802 0.011467
vt 0.582905 0.035208
vt 0.609452 0.013065
vt 0.619411 0.012667
vt 0.650106 0.029121
vt 0.656099 0.026014
vt 0.675934 0.023463
vt 0.031581 0.939526
vt 0.200103 0.495325
vt 0.518800 0.664260
vt 0.518064 0.644197
vt 0.520307 0.650556
vt 0.502941 0.571033
vt 0.641342 0.720319
vt 0.050239 0.944003
vt 0.169147 0.318620
vt 0.510485 0.620436
vt 0.505677 0.582783
vt 0.082690 0.955912
vt 0.182147 0.445326
vt 0.505616 0.685533
vt 0.670804 0.828619
vt 0.658674 0.862722
vt 0.548493 0.952516
vt 0.551500 0.986306
vt 0.652989 0.727507
vt 0.656623 0.722954
vt 0.309595 0.989084
vt 0.171768 0.392645
vt 0.180311 0.433824
vt 0.628084 0.911344
vt 0.628771 0.911337
vt 0.627545 0.911465
vt 0.607102 0.902942
vt 0.591659 0.919791
vt 0.641786 0.727571
vt 0.658686 0.718479
vt 0.133991 0.982592
vt 0.106389 0.966698
vt 0.102334 0.959814
vt 0.078364 0.951064
vt 0.063607 0.947118
vt 0.021969 0.937443
vt 0.515879 0.666707
vt 0.524556 0.658496
vt 0.493563 0.546840
vt 0.655410 0.849271
vt 0.628544 0.911174
vt 0.628044 0.910481
vt 0.628160 0.911160
vt 0.556162 0.037284
vt 0.564561 0.035522
vt 0.572479 0.032644
vt 0.621423 0.026026
vt 0.603824 0.033022
vt 0.648828 0.027762
vt 0.648772 0.027682
vt 0.649687 0.027262
vt 0.648407 0.027651
vt 0.647835 0.027680
vt 0.646439 0.027858
vt 0.636636 0.029582
vt 0.661315 0.030920
vt 0.035246 0.936837
vt 0.164791 0.365390
vt 0.186591 0.460361
vt 0.190766 0.478422
vt 0.196725 0.484635
vt 0.504906 0.576802
vt 0.621032 0.034430
vt 0.647491 0.027835
vt 0.648001 0.027838
vt 0.648445 0.027714
vt 0.047724 0.939243
vt 0.165493 0.318602
vt 0.162571 0.335611
vt 0.174463 0.412360
vt 0.202499 0.495672
vt 0.528619 0.652656
vt 0.523889 0.640253
vt 0.634383 0.772362
vt 0.167333 0.387832
vt 0.520511 0.620999
vt 0.510277 0.620932
vt 0.519293 0.599324
vt 0.503016 0.561342
vt 0.647113 0.864987
vt 0.616396 0.828457
vt 0.570022 0.042759
vt 0.634032 0.032424
vt 0.059454 0.943705
vt 0.161056 0.348290
vt 0.159146 0.326481
vt 0.182594 0.462347
vt 0.497468 0.530116
vt 0.653105 0.744799
vt 0.129872 0.971902
vt 0.021847 0.933948
vt 0.175843 0.428614
vt 0.523990 0.609255
vt 0.514653 0.566171
vt 0.629210 0.868282
vt 0.559593 0.046078
vt 0.568164 0.051193
vt 0.591322 0.039351
vt 0.120365 0.964204
vt 0.090090 0.953999
vt 0.160371 0.316148
vt 0.187059 0.477038
vt 0.519181 0.666416
vt 0.527864 0.645517
vt 0.622424 0.856948
vt 0.597873 0.843615
vt 0.635082 0.777867
vt 0.631751 0.789923
vt 0.658164 0.742997
vt 0.527384 0.657700
vt 0.626222 0.839444
vt 0.645880 0.851301
vt 0.069967 0.945668
vt 0.154360 0.317162
vt 0.169615 0.404972
vt 0.530711 0.643028
vt 0.526463 0.626604
vt 0.497541 0.519895
vt 0.532101 0.890200
vt 0.623873 0.831202
vt 0.629809 0.798151
vt 0.631219 0.798608
vt 0.630817 0.796434
vt 0.631025 0.795794
vt 0.630970 0.795184
vt 0.648171 0.771988
vt 0.661540 0.744623
vt 0.520022 0.049263
vt 0.522522 0.044472
vt 0.524299 0.049026
vt 0.543335 0.047316
vt 0.540837 0.053031
vt 0.584200 0.045190
vt 0.030809 0.932064
vt 0.191865 0.495913
vt 0.533124 0.650730
vt 0.532817 0.646357
vt 0.519758 0.575072
vt 0.486600 0.497815
vt 0.597356 0.876306
vt 0.551783 0.887594
vt 0.542737 0.889620
vt 0.628837 0.804217
vt 0.631148 0.795879
vt 0.630837 0.794662
vt 0.631393 0.794778
vt 0.522928 0.039160
vt 0.549333 0.055901
vt 0.560010 0.061253
vt 0.599173 0.043562
vt 0.640006 0.036277
vt 0.069208 0.942468
vt 0.162275 0.375516
vt 0.178921 0.455471
vt 0.203202 0.517152
vt 0.205428 0.516448
vt 0.525333 0.661557
vt 0.522608 0.592616
vt 0.509303 0.524049
vt 0.554767 0.894293
vt 0.631126 0.795348
vt 0.523281 0.052119
vt 0.530840 0.052585
vt 0.620951 0.038815
vt 0.651635 0.039248
vt 0.673389 0.037302
vt 0.092063 0.951468
vt 0.054351 0.936611
vt 0.171464 0.422290
vt 0.199446 0.506780
vt 0.515107 0.542619
vt 0.493380 0.489722
vt 0.523444 0.941141
vt 0.519284 0.988035
vt 0.641305 0.802930
vt 0.651343 0.775873
vt 0.516626 0.051222
vt 0.566405 0.062413
vt 0.652169 0.044908
vt 0.117176 0.959216
vt 0.188964 0.495437
vt 0.194601 0.512931
vt 0.523102 0.665399
vt 0.933442 0.330661
vt 0.922675 0.292047
vt 0.932421 0.319291
vt 0.667161 0.744106
vt 0.564555 0.064287
vt 0.610948 0.041476
vt 0.919043 0.572965
vt 0.909265 0.572824
vt 0.922468 0.564023
vt 0.104915 0.956575
vt 0.020003 0.929231
vt 0.155061 0.357097
vt 0.150800 0.335222
vt 0.527031 0.599019
vt 0.566426 0.870737
vt 0.595656 0.863338
vt 0.586659 0.879018
vt 0.926996 0.303941
vt 0.555305 0.062467
vt 0.091219 0.948614
vt 0.047536 0.932662
vt 0.029467 0.928815
vt 0.164464 0.394940
vt 0.534793 0.643653
vt 0.517240 0.552024
vt 0.931350 0.314714
vt 0.930965 0.314382
vt 0.930213 0.312922
vt 0.652586 0.776278
vt 0.521391 0.055837
vt 0.939539 0.566280
vt 0.166300 0.410599
vt 0.175029 0.446080
vt 0.931492 0.314563
vt 0.931336 0.314543
vt 0.931019 0.314140
vt 0.931265 0.312312
vt 0.930426 0.312900
vt 0.930330 0.312216
vt 0.635947 0.819518
vt 0.581372 0.053740
vt 0.595566 0.049075
vt 0.941912 0.559747
vt 0.085375 0.944467
vt 0.065383 0.936487
vt 0.149472 0.317264
vt 0.187238 0.501740
vt 0.527702 0.664303
vt 0.529598 0.659010
vt 0.535277 0.638622
vt 0.448417 0.713217
vt 0.447839 0.712334
vt 0.448076 0.712479
vt 0.448212 0.712157
vt 0.448067 0.712274
vt 0.448976 0.710329
vt 0.447501 0.712576
vt 0.448228 0.712474
vt 0.448384 0.712298
vt 0.453330 0.711964
vt 0.456995 0.719760
vt 0.935226 0.335707
vt 0.935184 0.338129
vt 0.935030 0.334631
vt 0.934926 0.333755
vt 0.934634 0.331334
vt 0.648814 0.810801
vt 0.916223 0.561810
vt 0.904810 0.571953
vt 0.153743 0.373888
vt 0.201169 0.519463
vt 0.523997 0.576085
vt 0.574125 0.882226
vt 0.458222 0.719352
vt 0.455717 0.711779
vt 0.455503 0.720778
vt 0.935442 0.335950
vt 0.935096 0.334196
vt 0.934975 0.333678
vt 0.536789 0.056913
vt 0.548582 0.061278
vt 0.575081 0.059624
vt 0.575688 0.058696
vt 0.586985 0.050893
vt 0.586329 0.051621
vt 0.054044 0.930296
vt 0.035840 0.925519
vt 0.154645 0.310803
vt 0.151332 0.354053
vt 0.181149 0.480915
vt 0.190454 0.515444
vt 0.535812 0.646110
vt 0.533954 0.629423
vt 0.506320 0.503713
vt 0.563126 0.855288
vt 0.567772 0.877454
vt 0.937555 0.347165
vt 0.936251 0.339218
vt 0.945183 0.311191
vt 0.652865 0.819754
vt 0.663951 0.755256
vt 0.660060 0.774183
vt 0.517377 0.045791
vt 0.570969 0.062964
vt 0.577498 0.060004
vt 0.575387 0.059391
vt 0.575536 0.059040
vt 0.586125 0.051957
vt 0.586434 0.051881
vt 0.586963 0.051370
vt 0.585016 0.054873
vt 0.108124 0.953810
vt 0.078697 0.940296
vt 0.156798 0.391747
vt 0.172501 0.445529
vt 0.177517 0.465813
vt 0.530679 0.601555
vt 0.521470 0.558072
vt 0.929135 0.380283
vt 0.925098 0.339407
vt 0.939122 0.355992
vt 0.565275 0.067968
vt 0.594046 0.055393
vt 0.615880 0.048656
vt 0.626209 0.055001
vt 0.933950 0.557989
vt 0.106527 0.950837
vt 0.018865 0.923650
vt 0.148059 0.311756
vt 0.538478 0.647802
vt 0.533021 0.613205
vt 0.526563 0.576195
vt 0.513338 0.524809
vt 0.510755 0.506127
vt 0.463441 0.720452
vt 0.449534 0.702304
vt 0.445505 0.700029
vt 0.931824 0.411273
vt 0.940496 0.398540
vt 0.656748 0.791820
vt 0.665269 0.750089
vt 0.071149 0.934408
vt 0.158611 0.408024
vt 0.168294 0.433081
vt 0.490791 0.461444
vt 0.438695 0.699180
vt 0.955492 0.391589
vt 0.941113 0.377867
vt 0.650511 0.809198
vt 0.515457 0.045274
vt 0.537196 0.062935
vt 0.100970 0.947105
vt 0.093477 0.942868
vt 0.047566 0.925402
vt 0.165886 0.420548
vt 0.539103 0.637707
vt 0.492889 0.462384
vt 0.477022 0.429328
vt 0.953542 0.355465
vt 0.951430 0.317013
vt 0.556364 0.067370
vt 0.913881 0.557354
vt 0.170042 0.452105
vt 0.184239 0.500622
vt 0.474833 0.417600
vt 0.474840 0.412247
vt 0.476988 0.416523
vt 0.946002 0.298741
vt 0.509839 0.052995
vt 0.574905 0.065202
vt 0.592697 0.062793
vt 0.967237 0.555747
vt 0.966545 0.561410
vt 0.132329 0.958007
vt 0.063270 0.928150
vt 0.025670 0.919102
vt 0.148687 0.307287
vt 0.199677 0.534422
vt 0.537064 0.624537
vt 0.528570 0.577218
vt 0.518766 0.538590
vt 0.502657 0.471264
vt 0.958073 0.396996
vt 0.653258 0.811073
vt 0.651595 0.810709
vt 0.651878 0.810467
vt 0.651383 0.810368
vt 0.651123 0.810546
vt 0.650821 0.810101
vt 0.650787 0.810379
vt 0.662928 0.774292
vt 0.665734 0.755148
vt 0.538209 0.655079
vt 0.535791 0.606884
vt 0.524401 0.554294
vt 0.487845 0.441409
vt 0.955384 0.339930
vt 0.144044 0.310374
vt 0.144754 0.316651
vt 0.145658 0.327022
vt 0.147998 0.356172
vt 0.172087 0.474943
vt 0.520133 0.528934
vt 0.511316 0.492869
vt 0.506610 0.479884
vt 0.486545 0.421596
vt 0.480847 0.416274
vt 0.757422 0.043932
vt 0.760777 0.041796
vt 0.766704 0.041019
vt 0.761366 0.041530
vt 0.760542 0.041676
vt 0.761310 0.041411
vt 0.760010 0.041557
vt 0.758477 0.041532
vt 0.655904 0.812764
vt 0.655267 0.808788
vt 0.658704 0.790833
vt 0.956305 0.553248
vt 0.933561 0.553783
vt 0.055221 0.922526
vt 0.045317 0.920340
vt 0.033997 0.918714
vt 0.177458 0.490396
vt 0.532863 0.587787
vt 0.528276 0.564182
vt 0.488474 0.433890
vt 0.470836 0.419506
vt 0.481036 0.427425
vt 0.453485 0.702945
vt 0.436765 0.697762
vt 0.954551 0.327157
vt 0.769052 0.051897
vt 0.768997 0.052020
vt 0.768893 0.051624
vt 0.768775 0.051421
vt 0.767599 0.048811
vt 0.769027 0.052272
vt 0.769939 0.055430
vt 0.158748 0.422700
vt 0.187986 0.522672
vt 0.515583 0.515617
vt 0.488542 0.412992
vt 0.452073 0.700168
vt 0.958297 0.374696
vt 0.769374 0.052181
vt 0.669198 0.746577
vt 0.527422 0.067155
vt 0.566260 0.076261
vt 0.601273 0.066894
vt 0.121075 0.951265
vt 0.093784 0.938924
vt 0.080786 0.933714
vt 0.162344 0.437110
vt 0.182039 0.510813
vt 0.549259 0.633592
vt 0.957423 0.315926
vt 0.772954 0.052387
vt 0.943963 0.551929
vt 0.152855 0.302035
vt 0.175105 0.497813
vt 0.423541 0.691842
vt 0.440962 0.692365
vt 0.518354 0.068558
vt 0.553432 0.072538
vt 0.988201 0.563877
vt 0.977602 0.569131
vt 0.963642 0.579187
vt 0.962821 0.573578
vt 0.043160 0.919300
vt 0.042595 0.919088
vt 0.042182 0.918850
vt 0.042101 0.918938
vt 0.041787 0.919072
vt 0.041262 0.919159
vt 0.040541 0.919180
vt 0.040403 0.918964
vt 0.040277 0.919153
vt 0.039798 0.918874
vt 0.037929 0.918393
vt 0.144668 0.303871
vt 0.142459 0.320907
vt 0.194598 0.534924
vt 0.505804 0.463405
vt 0.959299 0.364417
vt 0.772175 0.030863
vt 0.658952 0.807290
vt 0.916526 0.551664
vt 0.899702 0.555039
vt 0.115045 0.947255
vt 0.043004 0.919030
vt 0.042581 0.919003
vt 0.041599 0.917029
vt 0.041617 0.918878
vt 0.041322 0.918942
vt 0.040733 0.918810
vt 0.039887 0.918743
vt 0.039558 0.918719
vt 0.035976 0.917415
vt 0.035685 0.917691
vt 0.035453 0.917667
vt 0.032529 0.916870
vt 0.027111 0.915707
vt 0.143449 0.336385
vt 0.150400 0.384058
vt 0.161739 0.447645
vt 0.178220 0.516372
vt 0.543471 0.598877
vt 0.515373 0.492344
vt 0.511091 0.481863
vt 0.502773 0.436236
vt 0.499115 0.432630
vt 0.664096 0.786226
vt 0.670731 0.765151
vt 0.974382 0.574631
vt 0.974550 0.553055
vt 0.068508 0.925437
vt 0.063390 0.924491
vt 0.062997 0.924327
vt 0.062645 0.924535
vt 0.061987 0.924523
vt 0.062413 0.924140
vt 0.061677 0.924102
vt 0.061270 0.924374
vt 0.061063 0.924077
vt 0.060433 0.923713
vt 0.060654 0.923432
vt 0.060432 0.923215
vt 0.054743 0.920275
vt 0.035318 0.917360
vt 0.035133 0.917229
vt 0.140992 0.313757
vt 0.200940 0.556306
vt 0.680013 0.745192
vt 0.675011 0.750360
vt 0.063401 0.924326
vt 0.063229 0.924286
vt 0.062985 0.924125
vt 0.066063 0.921556
vt 0.061434 0.923741
vt 0.061117 0.923638
vt 0.031413 0.916977
vt 0.030774 0.916764
vt 0.030339 0.916781
vt 0.029454 0.916321
vt 0.029128 0.916243
vt 0.149367 0.301016
vt 0.140247 0.307586
vt 0.526306 0.543923
vt 0.522060 0.518139
vt 0.519812 0.505673
vt 0.414184 0.692022
vt 0.962210 0.341968
vt 0.963340 0.357031
vt 0.906089 0.551583
vt 0.073462 0.926771
vt 0.079124 0.927879
vt 0.072791 0.926709
vt 0.072466 0.926686
vt 0.071694 0.926692
vt 0.071412 0.926550
vt 0.070456 0.926203
vt 0.030709 0.916605
vt 0.029888 0.916005
vt 0.029389 0.916205
vt 0.028257 0.915649
vt 0.028166 0.915756
vt 0.028127 0.915748
vt 0.027998 0.915613
vt 0.026065 0.915167
vt 0.026230 0.915374
vt 0.022067 0.909915
vt 0.025442 0.913740
vt 0.145802 0.355947
vt 0.153539 0.415075
vt 0.163829 0.466433
vt 0.549197 0.619621
vt 0.540156 0.571835
vt 0.509154 0.462111
vt 0.456125 0.691674
vt 0.450088 0.689269
vt 0.544085 0.074475
vt 0.969807 0.550018
vt 0.941366 0.547687
vt 0.074326 0.926824
vt 0.073658 0.926729
vt 0.072944 0.926567
vt 0.071966 0.926065
vt 0.071714 0.926009
vt 0.071299 0.925913
vt 0.070531 0.925965
vt 0.029759 0.914407
vt 0.026470 0.915303
vt 0.026245 0.915132
vt 0.026029 0.914811
vt 0.148800 0.388439
vt 0.170197 0.499052
vt 0.187597 0.538228
vt 0.551673 0.634375
vt 0.505112 0.447041
vt 0.774667 0.053132
vt 0.773601 0.021616
vt 0.671220 0.777244
vt 0.948730 0.580148
vt 0.937393 0.572552
vt 0.892099 0.553843
vt 0.105338 0.938978
vt 0.074708 0.926886
vt 0.074067 0.926633
vt 0.073523 0.926566
vt 0.073382 0.926596
vt 0.075027 0.925473
vt 0.030075 0.909905
vt 0.426089 0.689359
vt 0.963450 0.329719
vt 0.958826 0.315186
vt 0.247880 0.703926
vt 0.262239 0.702792
vt 0.252167 0.705610
vt 0.235573 0.708143
vt 0.955326 0.549723
vt 0.023544 0.909102
vt 0.019460 0.905988
vt 0.165386 0.484678
vt 0.535324 0.543583
vt 0.525380 0.531970
vt 0.513439 0.478591
vt 0.499090 0.409707
vt 0.964518 0.351475
vt 0.661478 0.804449
vt 0.926447 0.545540
vt 0.022409 0.904864
vt 0.137343 0.319403
vt 0.194296 0.553757
vt 0.190934 0.544358
vt 0.549144 0.600529
vt 0.511983 0.456957
vt 0.463475 0.698716
vt 0.419081 0.685917
vt 0.558107 0.076861
vt 0.969975 0.584168
vt 0.046416 0.911858
vt 0.141434 0.348387
vt 0.545617 0.591837
vt 0.501336 0.421582
vt 0.463675 0.690006
vt 0.976313 0.292094
vt 0.969408 0.306693
vt 0.675383 0.811748
vt 0.675181 0.758654
vt 0.939438 0.580296
vt 0.959986 0.583887
vt 0.988653 0.550318
vt 0.912747 0.544243
vt 0.060206 0.915985
vt 0.134558 0.316233
vt 0.149774 0.407771
vt 0.170066 0.516550
vt 0.183802 0.533413
vt 0.517465 0.482071
vt 0.460812 0.685671
vt 0.427427 0.686948
vt 0.423884 0.686349
vt 0.967281 0.366834
vt 0.380815 0.687823
vt 0.395504 0.684368
vt 0.388321 0.688342
vt 0.879459 0.551196
vt 0.896896 0.545597
vt 0.942750 0.433486
vt 0.940515 0.413918
vt 0.946635 0.434391
vt 0.134066 0.310732
vt 0.137411 0.337280
vt 0.143025 0.370577
vt 0.553695 0.630651
vt 0.507681 0.442074
vt 0.435602 0.686438
vt 0.428112 0.684980
vt 0.664058 0.799008
vt 0.274020 0.699003
vt 0.155662 0.436934
vt 0.197472 0.554245
vt 0.530824 0.509409
vt 0.515775 0.476457
vt 0.256374 0.698416
vt 0.226036 0.705565
vt 0.964040 0.546315
vt 0.144857 0.391458
vt 0.151954 0.429883
vt 0.158257 0.463407
vt 0.177405 0.543494
vt 0.554047 0.616884
vt 0.552292 0.604398
vt 0.450696 0.686335
vt 0.966057 0.323518
vt 0.982302 0.547429
vt 0.948524 0.434557
vt 0.088970 0.928239
vt 0.082702 0.918933
vt 0.182358 0.539593
vt 0.546856 0.580352
vt 0.539085 0.546710
vt 0.506457 0.428943
vt 0.952095 0.544013
vt 0.535407 0.527813
vt 0.527451 0.488383
vt 0.516079 0.465654
vt 0.509632 0.432016
vt 0.445308 0.683704
vt 0.419530 0.683125
vt 0.417307 0.682490
vt 0.377144 0.684255
vt 0.677668 0.776426
vt 0.281156 0.694602
vt 0.294764 0.691389
vt 0.961617 0.589111
vt 0.975606 0.588617
vt 0.893255 0.541692
vt 0.940632 0.442015
vt 0.945936 0.421705
vt 0.468697 0.686507
vt 0.423191 0.682693
vt 0.397275 0.680364
vt 0.672830 0.808462
vt 0.319921 0.691283
vt 0.296727 0.695573
vt 0.309524 0.689194
vt 0.945984 0.584410
vt 0.072852 0.912297
vt 0.556908 0.629602
vt 0.555525 0.606579
vt 0.551557 0.589632
vt 0.504488 0.410361
vt 0.969579 0.314465
vt 0.940258 0.585672
vt 0.923449 0.541258
vt 0.904832 0.537976
vt 0.027447 0.900779
vt 0.160528 0.484803
vt 0.171768 0.536302
vt 0.543693 0.562039
vt 0.457865 0.683370
vt 0.224397 0.702480
vt 0.224327 0.709502
vt 0.047572 0.906222
vt 0.139019 0.368250
vt 0.508596 0.417298
vt 0.502563 0.393647
vt 0.462643 0.682519
vt 0.238358 0.699186
vt 0.947790 0.587745
vt 0.129110 0.316677
vt 0.162321 0.500465
vt 0.166369 0.529020
vt 0.541268 0.538409
vt 0.531329 0.494931
vt 0.511665 0.436571
vt 0.443925 0.680222
vt 0.406114 0.676931
vt 0.349486 0.687516
vt 0.345001 0.686954
vt 0.360576 0.683148
vt 0.324248 0.686208
vt 0.253483 0.694209
vt 0.978191 0.543989
vt 0.027864 0.647313
vt 0.013392 0.648884
vt 0.028012 0.641853
vt 0.014083 0.639564
vt 0.079394 0.294388
vt 0.078192 0.293674
vt 0.096189 0.295035
vt 0.153738 0.453117
vt 0.183625 0.561176
vt 0.187290 0.557858
vt 0.191008 0.554512
vt 0.544357 0.550949
vt 0.514880 0.439634
vt 0.505617 0.395873
vt 0.507106 0.391179
vt 0.343887 0.682413
vt 0.966720 0.542711
vt 0.917572 0.535919
vt 0.943877 0.443573
vt 0.954965 0.440088
vt 0.955133 0.412123
vt 0.128739 0.320749
vt 0.560609 0.629748
vt 0.560417 0.618712
vt 0.548852 0.570137
vt 0.540489 0.527404
vt 0.535169 0.501421
vt 0.427787 0.681967
vt 0.421016 0.677860
vt 0.968561 0.326728
vt 0.271365 0.692339
vt 0.967004 0.592965
vt 0.979334 0.594150
vt 0.891506 0.539157
vt 0.062316 0.292784
vt 0.146030 0.420652
vt 0.149680 0.451351
vt 0.157422 0.482042
vt 0.176633 0.557913
vt 0.961342 0.418588
vt 0.955821 0.400427
vt 0.131378 0.353430
vt 0.140617 0.389278
vt 0.555061 0.589150
vt 0.546947 0.557060
vt 0.525399 0.465308
vt 0.423719 0.672361
vt 0.377050 0.682053
vt 0.394284 0.678489
vt 0.237724 0.696572
vt 0.221820 0.700719
vt 0.035068 0.649427
vt 0.906413 0.534725
vt 0.096083 0.295626
vt 0.087901 0.286294
vt 0.104004 0.286243
vt 0.090076 0.288534
vt 0.558338 0.603584
vt 0.538012 0.513477
vt 0.513102 0.420917
vt 0.460188 0.679461
vt 0.974072 0.316602
vt 0.364407 0.679210
vt 0.322870 0.683685
vt 0.294557 0.688014
vt 0.068357 0.288635
vt 0.555295 0.581670
vt 0.533731 0.481208
vt 0.523072 0.439157
vt 0.507795 0.401688
vt 0.510351 0.392660
vt 0.382164 0.677230
vt 0.939009 0.589800
vt 0.926333 0.533230
vt 0.920941 0.534088
vt 0.920588 0.534195
vt 0.920329 0.534140
vt 0.919918 0.533836
vt 0.919818 0.534202
vt 0.960803 0.434112
vt 0.529432 0.474226
vt 0.968681 0.598035
vt 0.920630 0.533531
vt 0.920273 0.533597
vt 0.920043 0.533592
vt 0.918122 0.530882
vt 0.919747 0.534100
vt 0.919350 0.534242
vt 0.962144 0.417687
vt 0.081872 0.281453
vt 0.164369 0.534414
vt 0.158753 0.503613
vt 0.562806 0.611837
vt 0.281746 0.687388
vt 0.262065 0.692043
vt 0.035722 0.644885
vt 0.098138 0.298100
vt 0.101060 0.293095
vt 0.098692 0.280907
vt 0.070530 0.286176
vt 0.062762 0.286473
vt 0.058069 0.289875
vt 0.146075 0.443092
vt 0.565254 0.631624
vt 0.550605 0.556876
vt 0.546304 0.539242
vt 0.531037 0.462987
vt 0.511459 0.409737
vt 0.987517 0.594989
vt 0.899239 0.530837
vt 0.070866 0.367047
vt 0.079766 0.356233
vt 0.078756 0.384770
vt 0.080562 0.371796
vt 0.080639 0.371832
vt 0.080417 0.371868
vt 0.084647 0.370547
vt 0.080776 0.371871
vt 0.080654 0.371648
vt 0.066649 0.356042
vt 0.072667 0.390173
vt 0.091766 0.357340
vt 0.066314 0.386943
vt 0.063983 0.371584
vt 0.087134 0.387145
vt 0.031749 0.249095
vt 0.039722 0.270923
vt 0.030840 0.271291
vt 0.028726 0.213489
vt 0.015869 0.271536
vt 0.037859 0.247807
vt 0.037968 0.211855
vt 0.042958 0.274001
vt 0.031562 0.273676
vt 0.043539 0.338290
vt 0.074114 0.407381
vt 0.079554 0.396915
vt 0.100479 0.335200
vt 0.103515 0.342329
vt 0.100898 0.321468
vt 0.103874 0.368728
vt 0.049761 0.270545
vt 0.088197 0.411545
vt 0.104457 0.323080
vt 0.102838 0.310552
vt 0.103921 0.314504
vt 0.107472 0.305936
vt 0.043084 0.225012
vt 0.055216 0.362642
vt 0.082121 0.411507
vt 0.095877 0.388242
vt 0.053974 0.274514
vt 0.047331 0.215907
vt 0.049078 0.256386
vt 0.105060 0.359426
vt 0.048526 0.275991
vt 0.054053 0.381503
vt 0.059291 0.414630
vt 0.106319 0.346073
vt 0.105246 0.315651
vt 0.045498 0.373130
vt 0.108166 0.396826
vt 0.105516 0.388063
vt 0.106935 0.324505
vt 0.058719 0.278661
vt 0.049713 0.277163
vt 0.058869 0.276036
vt 0.037874 0.328696
vt 0.109654 0.306541
vt 0.032900 0.203288
vt 0.076608 0.437307
vt 0.110465 0.311803
vt 0.050832 0.281152
vt 0.098200 0.416436
vt 0.107265 0.408191
vt 0.108435 0.378966
vt 0.109934 0.352830
vt 0.109358 0.332624
vt 0.113590 0.308016
vt 0.057797 0.270426
vt 0.055292 0.215173
vt 0.053381 0.206927
vt 0.048029 0.210061
vt 0.068925 0.277838
vt 0.066512 0.279912
vt 0.061388 0.274657
vt 0.111053 0.429625
vt 0.109957 0.378818
vt 0.108938 0.320735
vt 0.124577 0.313930
vt 0.123448 0.321695
vt 0.128520 0.332636
vt 0.133110 0.373763
vt 0.142170 0.414963
vt 0.545584 0.528419
vt 0.526633 0.449344
vt 0.352072 0.677619
vt 0.037595 0.635386
vt 0.023518 0.633789
vt 0.879957 0.533575
vt 0.107080 0.282891
vt 0.088616 0.279121
vt 0.089280 0.434468
vt 0.178216 0.564401
vt 0.537932 0.497410
vt 0.239774 0.692703
vt 0.218841 0.698734
vt 0.218973 0.693356
vt 0.937112 0.592762
vt 0.068061 0.275968
vt 0.035169 0.347046
vt 0.111254 0.408939
vt 0.112876 0.382804
vt 0.056863 0.288160
vt 0.171010 0.557813
vt 0.565866 0.608413
vt 0.561450 0.596761
vt 0.553177 0.558330
vt 0.326462 0.680175
vt 0.293271 0.686093
vt 0.955894 0.596574
vt 0.977874 0.602652
vt 0.040558 0.657464
vt 0.961803 0.436954
vt 0.074476 0.462637
vt 0.049241 0.412320
vt 0.108912 0.429091
vt 0.112090 0.340185
vt 0.120657 0.314708
vt 0.130608 0.359288
vt 0.559677 0.582487
vt 0.541654 0.503180
vt 0.410288 0.669662
vt 0.264579 0.686730
vt 0.237027 0.690810
vt 0.008586 0.628537
vt 0.026586 0.629955
vt 0.971589 0.417306
vt 0.978813 0.406781
vt 0.974825 0.432380
vt 0.101278 0.278981
vt 0.089016 0.276789
vt 0.069833 0.274751
vt 0.046296 0.201187
vt 0.119236 0.322128
vt 0.125095 0.336573
vt 0.135430 0.400478
vt 0.172080 0.563177
vt 0.549454 0.535315
vt 0.535994 0.471520
vt 0.520025 0.410949
vt 0.437676 0.670189
vt 0.390107 0.673167
vt 0.308529 0.682933
vt 0.009864 0.622089
vt 0.912605 0.526402
vt 0.063973 0.211026
vt 0.110513 0.450552
vt 0.575845 0.633463
vt 0.574694 0.638588
vt 0.569044 0.634781
vt 0.568524 0.626792
vt 0.453089 0.671665
vt 0.388651 0.670626
vt 0.339323 0.678221
vt 0.007437 0.203523
vt 0.006912 0.203553
vt 0.007149 0.203149
vt 0.006317 0.199279
vt 0.007652 0.201963
vt 0.007162 0.201852
vt 0.007292 0.201486
vt 0.038286 0.635535
vt 0.038395 0.635855
vt 0.037740 0.635708
vt 0.007257 0.200082
vt 0.007088 0.199577
vt 0.041342 0.632586
vt 0.897400 0.525900
vt 0.962874 0.459229
vt 0.971329 0.449735
vt 0.974997 0.446394
vt 0.984384 0.408994
vt 0.983244 0.422170
vt 0.107798 0.281928
vt 0.092817 0.275100
vt 0.026399 0.329584
vt 0.065573 0.465216
vt 0.113451 0.461026
vt 0.113867 0.419669
vt 0.122136 0.346137
vt 0.153737 0.486461
vt 0.149146 0.472608
vt 0.160113 0.527695
vt 0.558282 0.569054
vt 0.540748 0.494151
vt 0.539254 0.486646
vt 0.532020 0.452662
vt 0.934314 0.595763
vt 0.039666 0.650791
vt 0.006509 0.205668
vt 0.006865 0.204145
vt 0.007320 0.203848
vt 0.009379 0.203359
vt 0.007436 0.203150
vt 0.007240 0.202611
vt 0.007405 0.202121
vt 0.007597 0.201543
vt 0.007530 0.201075
vt 0.038506 0.635585
vt 0.037905 0.635437
vt 0.037741 0.635372
vt 0.079761 0.273497
vt 0.064606 0.218068
vt 0.064576 0.203530
vt 0.043914 0.191857
vt 0.127191 0.360394
vt 0.155613 0.516949
vt 0.171950 0.569643
vt 0.518642 0.397588
vt 0.429821 0.667173
vt 0.214179 0.694478
vt 0.961611 0.603843
vt 0.982502 0.608368
vt 0.971725 0.607840
vt 0.039317 0.644533
vt 0.039382 0.644273
vt 0.039516 0.643493
vt 0.988948 0.608746
vt 0.989123 0.608543
vt 0.990332 0.609017
vt 0.006227 0.207494
vt 0.007248 0.204442
vt 0.039529 0.635631
vt 0.963294 0.455668
vt 0.987698 0.411949
vt 0.058033 0.200334
vt 0.043152 0.422307
vt 0.057611 0.519733
vt 0.114056 0.441483
vt 0.114897 0.375356
vt 0.132706 0.384105
vt 0.546678 0.506435
vt 0.530792 0.434830
vt 0.309717 0.679868
vt 0.950581 0.602281
vt 0.039149 0.645384
vt 0.039365 0.644988
vt 0.989468 0.608332
vt 0.989103 0.608371
vt 0.989049 0.608367
vt 0.988545 0.608424
vt 0.988943 0.608403
vt 0.988510 0.608609
vt 0.993259 0.610663
vt 0.022152 0.623097
vt 0.111409 0.276272
vt 0.065871 0.270289
vt 0.031435 0.364926
vt 0.050364 0.554844
vt 0.112007 0.482374
vt 0.138564 0.433321
vt 0.168031 0.556713
vt 0.580946 0.636868
vt 0.563825 0.589900
vt 0.552811 0.540014
vt 0.549174 0.518591
vt 0.525463 0.417737
vt 0.369034 0.672656
vt 0.354170 0.675462
vt 0.278808 0.682684
vt 0.039305 0.645494
vt 0.989835 0.608303
vt 0.989775 0.608311
vt 0.989408 0.608335
vt 0.039531 0.645912
vt 0.039746 0.646385
vt 0.040053 0.646461
vt 0.982577 0.448454
vt 0.985415 0.445309
vt 0.984918 0.428197
vt 0.085748 0.270903
vt 0.077564 0.196323
vt 0.064749 0.536123
vt 0.168595 0.564300
vt 0.560771 0.566028
vt 0.535489 0.462772
vt 0.929387 0.602625
vt 0.935426 0.601181
vt 0.907030 0.520585
vt 0.123525 0.274387
vt 0.098184 0.273134
vt 0.053234 0.195434
vt 0.050072 0.188419
vt 0.125279 0.384028
vt 0.129148 0.384604
vt 0.134949 0.409798
vt 0.152827 0.502344
vt 0.163156 0.554023
vt 0.574595 0.617415
vt 0.557473 0.554766
vt 0.414296 0.664192
vt 0.213152 0.689745
vt 0.045426 0.436001
vt 0.048842 0.455100
vt 0.112556 0.504609
vt 0.115503 0.490939
vt 0.117126 0.406792
vt 0.137200 0.432203
vt 0.571013 0.595957
vt 0.553988 0.530621
vt 0.541105 0.476510
vt 0.545692 0.494764
vt 0.217195 0.689127
vt 0.957716 0.608119
vt 0.036164 0.625345
vt 0.986046 0.428665
vt 0.991921 0.401155
vt 0.058416 0.495228
vt 0.117262 0.479828
vt 0.117884 0.438849
vt 0.118311 0.421782
vt 0.131257 0.408701
vt 0.535579 0.444579
vt 0.530635 0.422707
vt 0.524562 0.399503
vt 0.429561 0.662008
vt 0.352189 0.672245
vt 0.301876 0.678451
vt 0.236830 0.685424
vt 0.925283 0.606555
vt 0.930478 0.608185
vt 0.934329 0.605490
vt 0.969407 0.610387
vt 0.973935 0.465918
vt 0.977368 0.464813
vt 0.121190 0.272929
vt 0.097013 0.216656
vt 0.101200 0.196194
vt 0.119296 0.481339
vt 0.334834 0.673284
vt 0.147250 0.273681
vt 0.142477 0.275284
vt 0.063436 0.191573
vt 0.663496 0.669721
vt 0.690113 0.667009
vt 0.693861 0.670574
vt 0.685459 0.662741
vt 0.677014 0.673340
vt 0.691968 0.664679
vt 0.669476 0.675683
vt 0.696438 0.671553
vt 0.687206 0.659649
vt 0.676446 0.657175
vt 0.659894 0.671803
vt 0.658698 0.665320
vt 0.696879 0.662141
vt 0.676611 0.654638
vt 0.662277 0.674610
vt 0.681904 0.655301
vt 0.652576 0.665483
vt 0.672489 0.679159
vt 0.742010 0.671514
vt 0.744283 0.672698
vt 0.729606 0.671638
vt 0.732474 0.669300
vt 0.722195 0.670673
vt 0.738412 0.654999
vt 0.740152 0.641785
vt 0.749396 0.641787
vt 0.732296 0.635234
vt 0.745044 0.633023
vt 0.752463 0.635783
vt 0.741231 0.628360
vt 0.698855 0.640625
vt 0.706264 0.635380
vt 0.717652 0.637137
vt 0.714471 0.641765
vt 0.692326 0.635817
vt 0.756881 0.639043
vt 0.753191 0.623275
vt 0.728861 0.631596
vt 0.696137 0.632410
vt 0.687763 0.632528
vt 0.682258 0.635403
vt 0.682669 0.640898
vt 0.678664 0.631987
vt 0.755365 0.645707
vt 0.715453 0.633763
vt 0.707626 0.632378
vt 0.761286 0.624950
vt 0.756362 0.607822
vt 0.749589 0.618785
vt 0.720023 0.631106
vt 0.675827 0.626901
vt 0.668126 0.625094
vt 0.669737 0.630338
vt 0.690267 0.657650
vt 0.656157 0.661011
vt 0.141486 0.463852
vt 0.165771 0.570647
vt 0.580342 0.630869
vt 0.543731 0.477071
vt 0.539863 0.460082
vt 0.527479 0.413770
vt 0.448469 0.666738
vt 0.245261 0.686603
vt 0.049832 0.628001
vt 0.011119 0.616489
vt 0.990934 0.468753
vt 0.080277 0.190012
vt 0.033130 0.388590
vt 0.047015 0.550754
vt 0.032632 0.580084
vt 0.036386 0.569697
vt 0.744441 0.674223
vt 0.765033 0.612069
vt 0.693540 0.629268
vt 0.681376 0.629102
vt 0.119175 0.516195
vt 0.156250 0.531023
vt 0.445486 0.659474
vt 0.929107 0.610974
vt 0.034709 0.619001
vt 0.908466 0.518287
vt 0.895292 0.525671
vt 0.059038 0.185058
vt 0.741855 0.624422
vt 0.674083 0.636255
vt 0.684906 0.647084
vt 0.658449 0.713810
vt 0.127461 0.409290
vt 0.566016 0.566513
vt 0.388285 0.666533
vt 0.014058 0.584006
vt 0.019984 0.591633
vt 0.006007 0.579329
vt 0.163443 0.273180
vt 0.183490 0.273898
vt 0.136989 0.272531
vt 0.123842 0.270156
vt 0.141695 0.192769
vt 0.144569 0.202363
vt 0.121552 0.195379
vt 0.049548 0.161159
vt 0.022616 0.358128
vt 0.748767 0.657678
vt 0.670574 0.623133
vt 0.657318 0.675260
vt 0.119748 0.532851
vt 0.121967 0.488496
vt 0.134029 0.438013
vt 0.551637 0.508537
vt 0.423941 0.659248
vt 0.407816 0.663285
vt 0.025902 0.588611
vt 0.131446 0.214256
vt 0.033395 0.413893
vt 0.039390 0.448914
vt 0.041404 0.469690
vt 0.049378 0.530606
vt 0.761818 0.637155
vt 0.753936 0.604319
vt 0.756919 0.594716
vt 0.745776 0.619243
vt 0.738226 0.622039
vt 0.729917 0.628822
vt 0.709713 0.629117
vt 0.139859 0.460186
vt 0.144296 0.489905
vt 0.584652 0.634408
vt 0.548957 0.491843
vt 0.534891 0.424769
vt 0.530620 0.409733
vt 0.446267 0.663568
vt 0.220362 0.686496
vt 0.987554 0.615954
vt 0.016762 0.605301
vt 0.005140 0.606696
vt 0.019819 0.600488
vt 0.152081 0.271942
vt 0.148243 0.211462
vt 0.167573 0.201631
vt 0.156521 0.195155
vt 0.114668 0.189067
vt 0.755031 0.669327
vt 0.765889 0.602484
vt 0.751202 0.612065
vt 0.667216 0.619229
vt 0.120755 0.509438
vt 0.128587 0.421402
vt 0.163357 0.562651
vt 0.410683 0.658888
vt 0.937865 0.608441
vt 0.015131 0.616034
vt 0.894760 0.516073
vt 0.981528 0.485383
vt 0.148415 0.269609
vt 0.028748 0.579221
vt 0.764153 0.583122
vt 0.755418 0.591392
vt 0.756731 0.582780
vt 0.753511 0.595471
vt 0.663733 0.613254
vt 0.661639 0.614160
vt 0.663078 0.643806
vt 0.651113 0.658369
vt 0.127259 0.559501
vt 0.125147 0.557460
vt 0.123521 0.539617
vt 0.122257 0.468339
vt 0.582515 0.628765
vt 0.578885 0.617667
vt 0.574983 0.592132
vt 0.563751 0.547293
vt 0.528299 0.400017
vt 0.313661 0.674129
vt 0.272636 0.678845
vt 0.214348 0.684737
vt 0.208992 0.686192
vt 0.934715 0.610948
vt 0.950080 0.611325
vt 0.970638 0.616526
vt 0.038430 0.618605
vt 0.009433 0.580513
vt 0.167803 0.271612
vt 0.041840 0.490785
vt 0.754437 0.570037
vt 0.721768 0.626970
vt 0.659675 0.587522
vt 0.670409 0.599485
vt 0.659616 0.602798
vt 0.648400 0.666337
vt 0.126419 0.544128
vt 0.130578 0.443204
vt 0.287335 0.675864
vt 0.047894 0.596343
vt 0.063061 0.599135
vt 0.200749 0.271834
vt 0.162234 0.269157
vt 0.078214 0.180828
vt 0.760796 0.652761
vt 0.768114 0.622154
vt 0.730398 0.625822
vt 0.124271 0.521754
vt 0.121650 0.453222
vt 0.545760 0.467842
vt 0.539793 0.436432
vt 0.375996 0.663769
vt 0.340905 0.669868
vt 0.299247 0.673542
vt 0.036006 0.608733
vt 0.182865 0.271072
vt 0.183728 0.201611
vt 0.195474 0.200926
vt 0.203958 0.192419
vt 0.042244 0.532114
vt 0.756374 0.564915
vt 0.748387 0.611768
vt 0.743067 0.618235
vt 0.705015 0.586647
vt 0.127803 0.576247
vt 0.129185 0.566835
vt 0.131169 0.449412
vt 0.137235 0.472416
vt 0.142627 0.488255
vt 0.148677 0.522701
vt 0.580845 0.614204
vt 0.560889 0.532468
vt 0.542660 0.449690
vt 0.221396 0.683721
vt 0.030839 0.603348
vt 0.036481 0.596370
vt 0.240611 0.271626
vt 0.203765 0.270254
vt 0.169664 0.212423
vt 0.180086 0.193739
vt 0.021436 0.407819
vt 0.034269 0.468341
vt 0.752138 0.573641
vt 0.751781 0.601774
vt 0.664079 0.588337
vt 0.663350 0.624283
vt 0.616393 0.665794
vt 0.124676 0.490602
vt 0.558014 0.506894
vt 0.210307 0.680433
vt 0.061840 0.623243
vt 0.052801 0.600031
vt 0.222240 0.271018
vt 0.170845 0.269022
vt 0.210743 0.215518
vt 0.220861 0.190543
vt 0.211433 0.200274
vt 0.161346 0.187361
vt 0.120208 0.181231
vt 0.092753 0.181259
vt 0.062958 0.174643
vt 0.040658 0.551900
vt 0.657472 0.573355
vt 0.123669 0.477572
vt 0.132447 0.464385
vt 0.159453 0.557968
vt 0.580198 0.605825
vt 0.570812 0.565151
vt 0.534862 0.411216
vt 0.447988 0.653229
vt 0.432443 0.655865
vt 0.248071 0.680240
vt 0.978222 0.622596
vt 0.013336 0.375104
vt 0.034871 0.562500
vt 0.765780 0.667287
vt 0.753179 0.550397
vt 0.670598 0.589282
vt 0.657766 0.604557
vt 0.659966 0.617822
vt 0.662661 0.636375
vt 0.131596 0.454662
vt 0.590764 0.630161
vt 0.537976 0.422487
vt 0.933425 0.616833
vt 0.189400 0.268248
vt 0.235278 0.207813
vt 0.239972 0.200542
vt 0.236850 0.190158
vt 0.140834 0.182880
vt 0.060184 0.143109
vt 0.033321 0.569115
vt 0.767840 0.635960
vt 0.770033 0.589072
vt 0.765965 0.550661
vt 0.681135 0.588435
vt 0.693790 0.587196
vt 0.131968 0.562220
vt 0.127222 0.527864
vt 0.586975 0.621398
vt 0.577186 0.592334
vt 0.555790 0.491208
vt 0.554029 0.476897
vt 0.544771 0.444091
vt 0.532322 0.398740
vt 0.400274 0.657468
vt 0.357804 0.665735
vt 0.325440 0.668299
vt 0.055159 0.621406
vt 0.045863 0.606751
vt 0.217235 0.269699
vt 0.755733 0.544680
vt 0.750406 0.579124
vt 0.717124 0.583816
vt 0.660054 0.563391
vt 0.130583 0.562575
vt 0.130750 0.546909
vt 0.140292 0.498845
vt 0.147502 0.523982
vt 0.152061 0.543182
vt 0.421802 0.651710
vt 0.437707 0.650201
vt 0.945230 0.616714
vt 0.204189 0.185703
vt 0.185909 0.187233
vt 0.766054 0.670217
vt 0.773949 0.621401
vt 0.772659 0.606289
vt 0.751416 0.546597
vt 0.652485 0.576081
vt 0.630255 0.650707
vt 0.128400 0.519904
vt 0.135845 0.495605
vt 0.159736 0.565711
vt 0.583691 0.607337
vt 0.566908 0.537971
vt 0.551751 0.461133
vt 0.271919 0.676671
vt 0.217116 0.680813
vt 0.062048 0.613599
vt 0.255649 0.269468
vt 0.255350 0.189299
vt 0.036050 0.553524
vt 0.753696 0.525519
vt 0.745357 0.571556
vt 0.734944 0.571045
vt 0.701533 0.581885
vt 0.665627 0.587405
vt 0.653252 0.565628
vt 0.656934 0.628588
vt 0.138477 0.576058
vt 0.134761 0.573881
vt 0.142123 0.575976
vt 0.134635 0.569146
vt 0.573794 0.567577
vt 0.537959 0.405918
vt 0.294049 0.671303
vt 0.241349 0.678198
vt 0.067287 0.601240
vt 0.216439 0.267290
vt 0.264552 0.197999
vt 0.098551 0.177704
vt 0.774210 0.582318
vt 0.751483 0.529072
vt 0.708843 0.583268
vt 0.683912 0.586228
vt 0.673521 0.587313
vt 0.652017 0.550044
vt 0.654397 0.595600
vt 0.653834 0.616187
vt 0.134339 0.560760
vt 0.143817 0.524287
vt 0.154872 0.557349
vt 0.152705 0.557589
vt 0.542246 0.424094
vt 0.312911 0.670831
vt 0.965391 0.623797
vt 0.983513 0.623314
vt 0.079421 0.611860
vt 0.239477 0.268789
vt 0.192859 0.185279
vt 0.128773 0.176156
vt 0.748696 0.544173
vt 0.715960 0.581615
vt 0.715502 0.557641
vt 0.692535 0.585039
vt 0.632398 0.642947
vt 0.653932 0.638605
vt 0.132178 0.541001
vt 0.581038 0.590954
vt 0.577960 0.576063
vt 0.571118 0.545931
vt 0.562539 0.505265
vt 0.343131 0.664751
vt 0.229649 0.679339
vt 0.966232 0.653146
vt 0.943279 0.651042
vt 0.964225 0.650140
vt 0.276960 0.269570
vt 0.232341 0.266734
vt 0.162251 0.177374
vt 0.147247 0.178251
vt 0.022420 0.436221
vt 0.029609 0.570372
vt 0.023676 0.580405
vt 0.778143 0.657460
vt 0.727791 0.573037
vt 0.664065 0.577121
vt 0.652894 0.542990
vt 0.550129 0.442206
vt 0.444121 0.645216
vt 0.448432 0.649249
vt 0.365920 0.660033
vt 0.266209 0.674178
vt 0.062493 0.609180
vt 0.065758 0.602694
vt 0.234732 0.213583
vt 0.762572 0.525633
vt 0.739990 0.569257
vt 0.138255 0.571049
vt 0.568257 0.530145
vt 0.559784 0.484548
vt 0.537587 0.394494
vt 0.384086 0.657938
vt 0.332829 0.664684
vt 0.314526 0.666746
vt 0.978396 0.632892
vt 0.189841 0.176494
vt 0.028339 0.496757
vt 0.778857 0.622138
vt 0.778272 0.601819
vt 0.775319 0.550950
vt 0.763253 0.513342
vt 0.749390 0.531454
vt 0.733259 0.569783
vt 0.139886 0.566722
vt 0.139507 0.522245
vt 0.541559 0.408044
vt 0.947781 0.623720
vt 0.965435 0.649149
vt 0.955768 0.646656
vt 0.951024 0.649329
vt 0.255168 0.268196
vt 0.227297 0.180195
vt 0.203661 0.176634
vt 0.178837 0.179772
vt 0.747610 0.511398
vt 0.744763 0.543386
vt 0.730053 0.545321
vt 0.713237 0.557759
vt 0.662808 0.568507
vt 0.663778 0.573940
vt 0.651051 0.530027
vt 0.648832 0.552899
vt 0.144839 0.575712
vt 0.143815 0.579719
vt 0.136408 0.557676
vt 0.155750 0.561789
vt 0.595019 0.615353
vt 0.585779 0.594141
vt 0.576320 0.556704
vt 0.661672 0.560881
vt 0.640881 0.590284
vt 0.642376 0.600940
vt 0.137974 0.579575
vt 0.141541 0.569697
vt 0.148654 0.552082
vt 0.565900 0.511573
vt 0.558457 0.474685
vt 0.556731 0.458747
vt 0.353652 0.662626
vt 0.283562 0.669013
vt 0.215490 0.675532
vt 0.937965 0.623003
vt 0.936432 0.624355
vt 0.278944 0.268004
vt 0.249818 0.265868
vt 0.022798 0.493870
vt 0.028081 0.558747
vt 0.759737 0.488591
vt 0.745478 0.493932
vt 0.726807 0.551923
vt 0.654284 0.522855
vt 0.645052 0.508507
vt 0.641619 0.623573
vt 0.147845 0.580560
vt 0.144484 0.551683
vt 0.564085 0.495362
vt 0.419720 0.646330
vt 0.966013 0.645757
vt 0.274760 0.266764
vt 0.275546 0.203450
vt 0.029471 0.533715
vt 0.026642 0.566858
vt 0.793315 0.659622
vt 0.780763 0.636022
vt 0.746794 0.530576
vt 0.659476 0.545670
vt 0.644320 0.613157
vt 0.639444 0.630998
vt 0.636744 0.636261
vt 0.148364 0.579141
vt 0.147090 0.573307
vt 0.595794 0.622160
vt 0.575147 0.536021
vt 0.547596 0.417076
vt 0.407598 0.649869
vt 0.299770 0.665903
vt 0.254605 0.673063
vt 0.962342 0.636873
vt 0.272595 0.264476
vt 0.272473 0.211651
vt 0.274978 0.191210
vt 0.021519 0.581698
vt 0.768199 0.670785
vt 0.745772 0.515767
vt 0.738716 0.542005
vt 0.730465 0.542511
vt 0.725773 0.546290
vt 0.660336 0.507796
vt 0.648357 0.509251
vt 0.647007 0.538170
vt 0.637688 0.567739
vt 0.148767 0.559296
vt 0.596547 0.627522
vt 0.561826 0.482494
vt 0.452452 0.644297
vt 0.380437 0.656918
vt 0.237165 0.671885
vt 0.941590 0.634329
vt 0.275030 0.179366
vt 0.250398 0.177877
vt 0.228674 0.173443
vt 0.747022 0.491278
vt 0.746750 0.477335
vt 0.711699 0.532202
vt 0.625956 0.637610
vt 0.613532 0.605660
vt 0.618542 0.622570
vt 0.617758 0.625884
vt 0.591077 0.596990
vt 0.581790 0.559562
vt 0.570596 0.518270
vt 0.559651 0.462122
vt 0.358251 0.658036
vt 0.939228 0.645938
vt 0.283137 0.268778
vt 0.280210 0.271234
vt 0.786156 0.558600
vt 0.785388 0.573932
vt 0.713978 0.534124
vt 0.657485 0.531482
vt 0.594637 0.611440
vt 0.594719 0.612256
vt 0.594027 0.609617
vt 0.544002 0.398811
vt 0.450773 0.639575
vt 0.337959 0.659398
vt 0.944691 0.637617
vt 0.281833 0.195648
vt 0.258125 0.172910
vt 0.271263 0.140298
vt 0.774958 0.519644
vt 0.772372 0.505388
vt 0.747179 0.462609
vt 0.724956 0.518042
vt 0.643836 0.524334
vt 0.635970 0.603125
vt 0.153564 0.565701
vt 0.597230 0.619449
vt 0.594918 0.611936
vt 0.594797 0.611874
vt 0.594826 0.611612
vt 0.595482 0.602734
vt 0.589432 0.586620
vt 0.567441 0.493217
vt 0.538905 0.390287
vt 0.238795 0.670633
vt 0.286621 0.270153
vt 0.281283 0.208671
vt 0.727141 0.514129
vt 0.622907 0.612616
vt 0.610384 0.615077
vt 0.612655 0.630237
vt 0.599784 0.625605
vt 0.590894 0.591480
vt 0.557723 0.446105
vt 0.554196 0.430836
vt 0.395066 0.653195
vt 0.382946 0.653595
vt 0.317335 0.662315
vt 0.286129 0.265755
vt 0.284820 0.202645
vt 0.734919 0.510951
vt 0.649141 0.483386
vt 0.634435 0.544437
vt 0.608129 0.574174
vt 0.611806 0.590685
vt 0.612320 0.612082
vt 0.608152 0.590243
vt 0.564520 0.474436
vt 0.547571 0.394403
vt 0.546345 0.388273
vt 0.444169 0.640424
vt 0.291641 0.269088
vt 0.293783 0.270945
vt 0.757446 0.463814
vt 0.654795 0.511295
vt 0.644337 0.494364
vt 0.645722 0.487699
vt 0.634102 0.624487
vt 0.607709 0.603740
vt 0.612053 0.612188
vt 0.612104 0.612590
vt 0.612357 0.612877
vt 0.601149 0.613426
vt 0.588724 0.579423
vt 0.553337 0.413383
vt 0.254493 0.668612
vt 0.934532 0.630722
vt 0.939664 0.639284
vt 0.288212 0.267588
vt 0.278171 0.231917
vt 0.283602 0.186686
vt 0.276783 0.174411
vt 0.809069 0.680840
vt 0.792519 0.555419
vt 0.768473 0.483610
vt 0.744101 0.468025
vt 0.742553 0.478660
vt 0.738651 0.488544
vt 0.730175 0.486250
vt 0.728186 0.501096
vt 0.722305 0.519110
vt 0.712187 0.515227
vt 0.707551 0.504872
vt 0.642218 0.509385
vt 0.631543 0.572006
vt 0.618340 0.583745
vt 0.611188 0.612568
vt 0.592762 0.589982
vt 0.586469 0.561076
vt 0.552285 0.402072
vt 0.409698 0.645659
vt 0.209057 0.673106
vt 0.217284 0.669445
vt 0.284553 0.263594
vt 0.789205 0.540172
vt 0.726039 0.512776
vt 0.628597 0.602545
vt 0.574791 0.517177
vt 0.460081 0.382260
vt 0.294838 0.328690
vt 0.355598 0.310713
vt 0.721304 0.495728
vt 0.642850 0.483775
vt 0.641495 0.490468
vt 0.606083 0.567838
vt 0.556596 0.432883
vt 0.439986 0.637630
vt 0.281045 0.661955
vt 0.266113 0.666194
vt 0.244417 0.664985
vt 0.298041 0.276833
vt 0.295133 0.277299
vt 0.290166 0.274299
vt 0.290616 0.279372
vt 0.295692 0.267486
vt 0.286385 0.225376
vt 0.291444 0.193843
vt 0.788629 0.520944
vt 0.754004 0.442356
vt 0.722593 0.490021
vt 0.607169 0.559181
vt 0.605083 0.583644
vt 0.597419 0.587095
vt 0.583270 0.540958
vt 0.581695 0.527417
vt 0.570075 0.484816
vt 0.562806 0.455379
vt 0.265147 0.665045
vt 0.210460 0.668080
vt 0.285420 0.250188
vt 0.740524 0.460487
vt 0.733621 0.484420
vt 0.710639 0.503287
vt 0.642079 0.454702
vt 0.641082 0.471524
vt 0.632104 0.529170
vt 0.605442 0.546046
vt 0.601704 0.535432
vt 0.589230 0.567429
vt 0.445995 0.637610
vt 0.389228 0.647460
vt 0.371764 0.651511
vt 0.290895 0.206198
vt 0.190286 0.358944
vt 0.324760 0.528053
vt 0.223421 0.558101
vt 0.779970 0.486743
vt 0.743182 0.437051
vt 0.744034 0.453469
vt 0.640228 0.463740
vt 0.560439 0.436584
vt 0.551477 0.391433
vt 0.549960 0.384712
vt 0.552976 0.385707
vt 0.451368 0.636553
vt 0.357939 0.654131
vt 0.266307 0.665523
vt 0.266031 0.665714
vt 0.266119 0.665530
vt 0.265891 0.665781
vt 0.302330 0.269736
vt 0.794010 0.500569
vt 0.651688 0.486383
vt 0.613072 0.553895
vt 0.603540 0.530266
vt 0.593765 0.568086
vt 0.586457 0.549897
vt 0.579761 0.517690
vt 0.422183 0.638748
vt 0.357300 0.650074
vt 0.266316 0.665377
vt 0.265755 0.665435
vt 0.219570 0.665192
vt 0.289513 0.180506
vt 0.763247 0.451004
vt 0.755311 0.428937
vt 0.740314 0.439051
vt 0.724498 0.485744
vt 0.639214 0.467749
vt 0.638483 0.487457
vt 0.630390 0.514591
vt 0.627719 0.546193
vt 0.599743 0.502309
vt 0.579033 0.508195
vt 0.556052 0.414818
vt 0.290968 0.658758
vt 0.226252 0.664910
vt 0.300570 0.271656
vt 0.265136 0.552630
vt 0.192398 0.569508
vt 0.743660 0.427986
vt 0.720621 0.489979
vt 0.708497 0.490126
vt 0.627206 0.542266
vt 0.622580 0.559411
vt 0.603034 0.565728
vt 0.583863 0.530464
vt 0.315651 0.655473
vt 0.226433 0.664555
vt 0.226055 0.664503
vt 0.297550 0.199906
vt 0.730423 0.459496
vt 0.705281 0.471122
vt 0.649961 0.469381
vt 0.626602 0.539532
vt 0.599667 0.543730
vt 0.589809 0.546259
vt 0.566809 0.451347
vt 0.560274 0.422744
vt 0.554673 0.394742
vt 0.558859 0.407957
vt 0.440355 0.633481
vt 0.402625 0.642273
vt 0.244888 0.660618
vt 0.238494 0.662501
vt 0.226616 0.664546
vt 0.226378 0.664423
vt 0.225751 0.664428
vt 0.293776 0.263239
vt 0.790498 0.487988
vt 0.761339 0.418062
vt 0.717908 0.473745
vt 0.645088 0.440908
vt 0.626112 0.535788
vt 0.611238 0.537674
vt 0.595654 0.489162
vt 0.598032 0.530535
vt 0.309593 0.655680
vt 0.233491 0.663048
vt 0.232993 0.662861
vt 0.232828 0.662884
vt 0.226516 0.664476
vt 0.204072 0.661236
vt 0.224330 0.568598
vt 0.732302 0.458077
vt 0.722190 0.460968
vt 0.624982 0.533139
vt 0.579910 0.499211
vt 0.574646 0.480858
vt 0.448181 0.632431
vt 0.233829 0.662440
vt 0.233106 0.662889
vt 0.215788 0.656692
vt 0.293878 0.227963
vt 0.805615 0.492694
vt 0.768738 0.439468
vt 0.740261 0.423030
vt 0.706915 0.463588
vt 0.682980 0.445336
vt 0.636224 0.442542
vt 0.627740 0.495906
vt 0.624803 0.526955
vt 0.587339 0.526829
vt 0.557997 0.386924
vt 0.344745 0.649350
vt 0.305766 0.651631
vt 0.261483 0.657227
vt 0.249640 0.659705
vt 0.232442 0.654089
vt 0.296468 0.251104
vt 0.296745 0.210171
vt 0.193097 0.580778
vt 0.291169 0.546238
vt 0.749125 0.392958
vt 0.730294 0.429756
vt 0.736278 0.420616
vt 0.737621 0.445641
vt 0.641090 0.442472
vt 0.638430 0.433921
vt 0.624109 0.520501
vt 0.617872 0.529142
vt 0.608294 0.512240
vt 0.595710 0.514378
vt 0.210250 0.657004
vt 0.304135 0.269118
vt 0.786446 0.470760
vt 0.757095 0.399757
vt 0.750339 0.410130
vt 0.738388 0.408654
vt 0.737639 0.417992
vt 0.719180 0.439911
vt 0.727425 0.443389
vt 0.717736 0.461463
vt 0.634529 0.454704
vt 0.625738 0.479059
vt 0.623978 0.519200
vt 0.593506 0.495232
vt 0.572203 0.457527
vt 0.332880 0.650884
vt 0.203756 0.657185
vt 0.301636 0.190479
vt 0.724151 0.458071
vt 0.594792 0.466012
vt 0.571758 0.446600
vt 0.285541 0.652321
vt 0.302779 0.264657
vt 0.225417 0.575494
vt 0.703727 0.451126
vt 0.701417 0.429773
vt 0.647885 0.448086
vt 0.621680 0.501111
vt 0.596761 0.474357
vt 0.577082 0.480352
vt 0.564498 0.413356
vt 0.378044 0.641706
vt 0.208449 0.586601
vt 0.723679 0.426911
vt 0.719671 0.442562
vt 0.705030 0.444871
vt 0.582847 0.491474
vt 0.572224 0.449022
vt 0.572246 0.448151
vt 0.572379 0.448439
vt 0.572296 0.448148
vt 0.572547 0.447998
vt 0.572441 0.447768
vt 0.569966 0.432941
vt 0.558979 0.393944
vt 0.441040 0.629428
vt 0.259659 0.648812
vt 0.213063 0.653915
vt 0.255696 0.568757
vt 0.739496 0.398277
vt 0.729670 0.426862
vt 0.636357 0.409109
vt 0.635701 0.428652
vt 0.593212 0.467925
vt 0.591370 0.475859
vt 0.584943 0.502216
vt 0.576025 0.458975
vt 0.572805 0.448061
vt 0.572504 0.448405
vt 0.302220 0.229055
vt 0.307145 0.202152
vt 0.194717 0.592472
vt 0.646147 0.427337
vt 0.639114 0.414747
vt 0.623827 0.460122
vt 0.615047 0.505579
vt 0.316702 0.649721
vt 0.303578 0.648332
vt 0.229206 0.652845
vt 0.309694 0.547310
vt 0.776630 0.437155
vt 0.752379 0.375931
vt 0.732791 0.397163
vt 0.713899 0.436154
vt 0.572358 0.433256
vt 0.569961 0.425246
vt 0.354315 0.646353
vt 0.303469 0.248276
vt 0.280307 0.561685
vt 0.337187 0.531074
vt 0.769078 0.403980
vt 0.759418 0.376510
vt 0.736947 0.383613
vt 0.723806 0.407659
vt 0.724545 0.408614
vt 0.719168 0.407540
vt 0.726016 0.412027
vt 0.725290 0.402834
vt 0.717396 0.412207
vt 0.728099 0.401989
vt 0.730805 0.408910
vt 0.725519 0.415032
vt 0.722666 0.424740
vt 0.588960 0.454906
vt 0.562551 0.390360
vt 0.326839 0.647733
vt 0.320694 0.648711
vt 0.320529 0.648528
vt 0.320420 0.648678
vt 0.319975 0.648651
vt 0.320155 0.648804
vt 0.320200 0.649149
vt 0.328287 0.643042
vt 0.719652 0.398317
vt 0.715879 0.428985
vt 0.642983 0.406627
vt 0.632591 0.424331
vt 0.621557 0.443214
vt 0.613013 0.487923
vt 0.603690 0.484565
vt 0.588128 0.441237
vt 0.581115 0.477129
vt 0.579535 0.465322
vt 0.569048 0.409721
vt 0.444735 0.627716
vt 0.334283 0.645525
vt 0.211692 0.652855
vt 0.204277 0.655366
vt 0.211119 0.651139
vt 0.763437 0.370117
vt 0.767265 0.374588
vt 0.733541 0.382757
vt 0.713960 0.400824
vt 0.714329 0.407919
vt 0.703566 0.428895
vt 0.700358 0.417855
vt 0.644916 0.407808
vt 0.633333 0.409963
vt 0.578303 0.450384
vt 0.405742 0.634090
vt 0.440460 0.625210
vt 0.366495 0.643368
vt 0.343536 0.643198
vt 0.259364 0.646920
vt 0.312604 0.265764
vt 0.217525 0.592664
vt 0.746306 0.378148
vt 0.713983 0.413193
vt 0.677850 0.404381
vt 0.567326 0.396486
vt 0.310890 0.637810
vt 0.281282 0.644207
vt 0.252880 0.645896
vt 0.209878 0.649358
vt 0.310527 0.232200
vt 0.729281 0.400697
vt 0.700032 0.402026
vt 0.618174 0.470926
vt 0.595373 0.459917
vt 0.588506 0.421363
vt 0.573796 0.415756
vt 0.570685 0.410470
vt 0.386632 0.638207
vt 0.408376 0.632117
vt 0.775756 0.411375
vt 0.594526 0.452130
vt 0.430665 0.626819
vt 0.380410 0.635062
vt 0.243292 0.644202
vt 0.196821 0.598953
vt 0.671424 0.404629
vt 0.656927 0.405386
vt 0.634985 0.390752
vt 0.632764 0.392799
vt 0.631410 0.403240
vt 0.576063 0.430991
vt 0.244410 0.646092
vt 0.260853 0.577282
vt 0.720608 0.396004
vt 0.711191 0.401669
vt 0.698472 0.403948
vt 0.664304 0.404879
vt 0.649405 0.406668
vt 0.341788 0.640489
vt 0.341969 0.640390
vt 0.342285 0.640338
vt 0.342173 0.640307
vt 0.341596 0.640334
vt 0.340314 0.640808
vt 0.340723 0.640496
vt 0.340352 0.640609
vt 0.339822 0.640704
vt 0.339849 0.640835
vt 0.280449 0.642344
vt 0.285518 0.568070
vt 0.733385 0.375765
vt 0.728366 0.373927
vt 0.685307 0.404008
vt 0.620184 0.424374
vt 0.616091 0.454253
vt 0.611377 0.474061
vt 0.590379 0.420578
vt 0.565771 0.389812
vt 0.437346 0.623045
vt 0.347018 0.638756
vt 0.342016 0.640000
vt 0.340955 0.640014
vt 0.341713 0.640191
vt 0.311461 0.635730
vt 0.274827 0.639777
vt 0.202638 0.622435
vt 0.730280 0.382322
vt 0.714461 0.397682
vt 0.692818 0.403541
vt 0.585791 0.424098
vt 0.333762 0.632638
vt 0.277338 0.606102
vt 0.278252 0.597449
vt 0.225543 0.597808
vt 0.765415 0.359344
vt 0.782041 0.350786
vt 0.756883 0.364869
vt 0.637714 0.387285
vt 0.618480 0.406995
vt 0.602809 0.461021
vt 0.572945 0.399204
vt 0.261241 0.640954
vt 0.360381 0.533538
vt 0.379707 0.521001
vt 0.443168 0.502647
vt 0.798645 0.330959
vt 0.741294 0.367461
vt 0.726228 0.375274
vt 0.614983 0.439264
vt 0.607941 0.439852
vt 0.430649 0.621133
vt 0.251318 0.640997
vt 0.231590 0.628688
vt 0.254072 0.584301
vt 0.301287 0.558299
vt 0.345275 0.546093
vt 0.378232 0.535913
vt 0.720339 0.370736
vt 0.719436 0.366569
vt 0.675435 0.402411
vt 0.651980 0.402915
vt 0.583515 0.406360
vt 0.355050 0.627771
vt 0.278904 0.640505
vt 0.256972 0.590967
vt 0.749269 0.359968
vt 0.687690 0.401650
vt 0.663134 0.403099
vt 0.635105 0.383075
vt 0.639376 0.380126
vt 0.634897 0.376702
vt 0.626354 0.381611
vt 0.599518 0.429496
vt 0.591587 0.421452
vt 0.443522 0.620833
vt 0.378849 0.631353
vt 0.402542 0.515622
vt 0.570966 0.391448
vt 0.438820 0.619223
vt 0.256847 0.626809
vt 0.312904 0.567694
vt 0.723714 0.366636
vt 0.640008 0.373992
vt 0.617554 0.391934
vt 0.613153 0.420516
vt 0.585860 0.403995
vt 0.431208 0.617277
vt 0.408911 0.622969
vt 0.238533 0.632340
vt 0.726817 0.365850
vt 0.715625 0.367210
vt 0.693194 0.364372
vt 0.643728 0.373951
vt 0.368680 0.623757
vt 0.322449 0.630818
vt 0.291906 0.607972
vt 0.755706 0.357392
vt 0.707099 0.364324
vt 0.580616 0.392313
vt 0.347018 0.627750
vt 0.274409 0.620574
vt 0.341781 0.554007
vt 0.781464 0.330847
vt 0.738537 0.356075
vt 0.646757 0.368019
vt 0.273568 0.636291
vt 0.441906 0.510513
vt 0.444727 0.509544
vt 0.760107 0.341810
vt 0.648750 0.369940
vt 0.612189 0.378637
vt 0.611837 0.399614
vt 0.606407 0.420934
vt 0.588288 0.400573
vt 0.446885 0.608465
vt 0.451400 0.613929
vt 0.440089 0.608057
vt 0.286272 0.634749
vt 0.301330 0.616937
vt 0.284469 0.584572
vt 0.291874 0.577992
vt 0.631020 0.373464
vt 0.426114 0.609276
vt 0.402001 0.615284
vt 0.292570 0.596654
vt 0.714202 0.362021
vt 0.706530 0.361795
vt 0.682845 0.365014
vt 0.316520 0.628225
vt 0.419791 0.514792
vt 0.431744 0.513134
vt 0.741382 0.351127
vt 0.731004 0.358085
vt 0.645221 0.366704
vt 0.602681 0.392564
vt 0.453056 0.609195
vt 0.298761 0.581350
vt 0.291056 0.582568
vt 0.290631 0.582818
vt 0.289250 0.583237
vt 0.408849 0.528282
vt 0.430591 0.520663
vt 0.750703 0.349983
vt 0.656677 0.366635
vt 0.595973 0.399694
vt 0.584727 0.386938
vt 0.356093 0.623147
vt 0.306138 0.629542
vt 0.290474 0.582511
vt 0.289162 0.583163
vt 0.287764 0.583726
vt 0.714491 0.358337
vt 0.663902 0.365837
vt 0.638930 0.367290
vt 0.349101 0.623442
vt 0.764915 0.333776
vt 0.696171 0.361432
vt 0.686446 0.361621
vt 0.673522 0.365443
vt 0.606266 0.370267
vt 0.303786 0.593867
vt 0.447488 0.519137
vt 0.442661 0.517667
vt 0.445287 0.604895
vt 0.430889 0.606138
vt 0.386989 0.617223
vt 0.334928 0.624079
vt 0.300902 0.606540
vt 0.322946 0.570306
vt 0.699517 0.359241
vt 0.407116 0.611734
vt 0.362874 0.620000
vt 0.349064 0.559354
vt 0.662934 0.363277
vt 0.447741 0.604556
vt 0.435346 0.603059
vt 0.452281 0.607428
vt 0.461751 0.611937
vt 0.449299 0.601874
vt 0.765357 0.320339
vt 0.728135 0.349822
vt 0.658600 0.362097
vt 0.626716 0.365700
vt 0.591251 0.378223
vt 0.746252 0.341301
vt 0.674269 0.360900
vt 0.647763 0.362468
vt 0.447856 0.602023
vt 0.368109 0.614776
vt 0.345355 0.620579
vt 0.700672 0.356480
vt 0.688018 0.357662
vt 0.439752 0.602138
vt 0.396801 0.612143
vt 0.368287 0.560167
vt 0.431545 0.526511
vt 0.601704 0.366853
vt 0.411045 0.608362
vt 0.413381 0.538514
vt 0.444956 0.523781
vt 0.731624 0.343498
vt 0.671120 0.358635
vt 0.656814 0.360441
vt 0.444166 0.599449
vt 0.393399 0.546909
vt 0.707540 0.353540
vt 0.433949 0.601450
vt 0.397149 0.610298
vt 0.641137 0.359950
vt 0.609227 0.361495
vt 0.591354 0.356146
vt 0.444875 0.591648
vt 0.404033 0.606425
vt 0.715455 0.347487
vt 0.669917 0.353548
vt 0.625055 0.359104
vt 0.434420 0.598759
vt 0.451013 0.528502
vt 0.746085 0.316135
vt 0.687188 0.350942
vt 0.384123 0.609882
vt 0.438062 0.595253
vt 0.423951 0.599713
vt 0.649334 0.354046
vt 0.404272 0.603986
vt 0.445354 0.527655
vt 0.735269 0.310946
vt 0.678103 0.343827
vt 0.422442 0.549093
vt 0.453554 0.533804
vt 0.480509 0.566872
vt 0.447215 0.576279
vt 0.467905 0.538097
vt 0.489135 0.539476
vt 0.476607 0.543578
vt 0.472059 0.543730
vt 0.476658 0.552108
vt 0.473688 0.560151
vt 0.452330 0.572948
vt 0.449678 0.549682
vt 0.474146 0.551575
vt 0.470663 0.559356
vt 0.451303 0.570636
vt 0.444522 0.569912
vt 0.446739 0.552727
vt 0.443705 0.562399
vt 0.465790 0.541193
vt 0.471973 0.549334
vt 0.467591 0.544741
vt 0.468327 0.554627
vt 0.445729 0.561777
vt 0.448715 0.564133
vt 0.448229 0.556530
s 1
f 276/1/1 274/2/2 278/3/3
f 280/4/4 274/2/2 275/5/5
f 275/5/5 274/2/2 276/1/1
f 275/5/5 224/6/6 280/4/4
f 276/1/1 278/3/3 273/7/7
f 278/3/3 274/2/2 280/4/4
f 273/7/7 278/3/3 203/8/8
f 224/6/6 275/5/5 253/9/9
f 1010/10/10 939/11/11 1053/12/12
f 292/13/13 291/14/13 293/15/13
f 1245/16/14 291/14/14 292/13/14
f 293/15/15 295/17/16 292/13/17
f 293/15/15 291/14/18 1097/18/19
f 291/14/18 1245/16/20 1097/18/19
f 292/13/17 295/17/16 296/19/21
f 1245/16/20 292/13/17 296/19/21
f 295/17/22 1018/20/22 1210/21/22
f 1053/12/12 293/15/15 1097/18/19
f 298/22/23 299/23/24 1487/24/25
f 304/25/26 303/26/27 305/27/28
f 304/25/26 305/27/28 309/28/29
f 304/25/30 307/29/30 306/30/30
f 308/31/31 307/29/32 309/28/29
f 307/29/32 304/25/26 309/28/29
f 303/26/27 304/25/26 1403/32/33
f 309/28/34 305/27/34 311/33/34
f 306/30/35 1403/32/33 304/25/26
f 309/28/36 311/33/36 313/34/36
f 305/27/28 303/26/27 312/35/37
f 312/35/37 303/26/27 310/36/38
f 310/36/39 303/26/39 1403/32/39
f 308/31/40 309/28/40 314/37/40
f 314/37/41 309/28/41 313/34/41
f 311/33/42 305/27/42 1460/38/42
f 305/27/43 312/35/43 1460/38/43
f 307/29/32 308/31/31 1358/39/44
f 1124/40/45 316/41/46 1352/42/47
f 320/43/48 321/44/49 326/45/50
f 326/45/50 321/44/49 325/46/51
f 321/44/52 322/47/52 323/48/52
f 321/44/49 320/43/48 324/49/53
f 321/44/49 323/48/54 325/46/51
f 322/47/55 321/44/49 324/49/53
f 325/46/56 328/50/56 326/45/56
f 323/48/57 322/47/57 2608/51/57
f 320/43/48 326/45/50 2269/52/58
f 2383/53/59 325/46/51 323/48/54
f 322/47/60 324/49/60 2608/51/60
f 328/50/61 327/54/61 326/45/61
f 1845/55/62 2477/56/63 328/50/64
f 332/57/65 331/58/65 330/59/65
f 332/57/66 330/59/67 333/60/68
f 333/60/69 330/59/70 335/61/71
f 337/62/72 335/61/71 331/58/73
f 335/61/71 330/59/70 331/58/73
f 341/63/74 332/57/66 333/60/68
f 336/64/75 333/60/75 334/65/75
f 333/60/76 335/61/71 334/65/77
f 337/62/72 331/58/73 338/66/78
f 339/67/79 341/63/79 333/60/79
f 338/66/80 331/58/80 332/57/80
f 333/60/81 336/64/81 339/67/81
f 336/64/82 334/65/82 3073/68/82
f 334/65/77 335/61/71 2951/69/83
f 335/61/71 337/62/72 2951/69/83
f 341/63/74 338/66/78 332/57/66
f 341/63/84 339/67/84 2378/70/84
f 352/71/85 3178/72/86 353/73/87
f 360/74/88 359/75/88 358/76/88
f 358/76/89 359/75/89 362/77/89
f 365/78/90 358/76/91 362/77/92
f 359/75/93 361/79/93 362/77/93
f 361/79/94 359/75/95 357/80/96
f 360/74/97 358/76/91 364/81/98
f 358/76/91 365/78/90 364/81/98
f 366/82/99 362/77/92 361/79/100
f 359/75/101 360/74/101 364/81/101
f 366/82/99 361/79/100 363/83/102
f 363/83/103 361/79/103 367/84/103
f 361/79/104 368/85/104 367/84/104
f 359/75/95 364/81/98 357/80/96
f 363/83/105 367/84/105 371/86/105
f 367/84/106 368/85/107 3129/87/108
f 361/79/109 357/80/109 368/85/109
f 364/81/98 365/78/90 369/88/110
f 385/89/111 384/90/111 383/91/111
f 383/91/112 384/90/113 386/92/114
f 384/90/115 385/89/115 389/93/115
f 383/91/112 386/92/114 388/94/116
f 384/90/113 389/93/117 386/92/114
f 390/95/118 389/93/119 385/89/120
f 385/89/120 383/91/112 390/95/118
f 391/96/121 386/92/121 392/97/121
f 392/97/122 386/92/123 393/98/124
f 389/93/117 393/98/125 386/92/114
f 388/94/126 386/92/126 391/96/126
f 393/98/125 389/93/117 394/99/127
f 383/91/112 388/94/116 396/100/128
f 391/96/129 397/101/129 388/94/129
f 395/102/130 392/97/122 393/98/124
f 396/100/131 388/94/131 397/101/131
f 3132/103/132 390/95/118 383/91/112
f 383/91/112 396/100/128 3132/103/132
f 426/104/133 2814/105/134 420/106/135
f 2801/107/136 425/108/137 2778/109/138
f 465/110/139 464/111/140 466/112/141
f 476/113/142 2066/114/143 478/115/144
f 2018/116/145 484/117/145 1962/118/145
f 1967/119/146 1944/120/147 1862/121/148
f 496/122/149 500/123/150 499/124/151
f 497/125/152 500/123/150 496/122/149
f 498/126/153 500/123/154 501/127/155
f 513/128/156 512/129/156 1772/130/156
f 512/129/157 513/128/158 514/131/159
f 1773/132/160 512/129/157 514/131/159
f 514/131/161 513/128/161 1772/130/161
f 512/129/162 1773/132/162 1772/130/162
f 535/133/163 533/134/164 534/135/165
f 551/136/166 552/137/167 550/138/168
f 552/137/167 553/139/169 550/138/168
f 558/140/170 557/141/171 559/142/172
f 559/142/172 557/143/171 1360/144/173
f 1538/145/174 1427/146/175 566/147/176
f 1486/148/177 567/149/170 1314/150/178
f 1351/151/179 1633/152/180 1406/153/181
s 0
f 574/154/182 575/155/183 576/156/184
f 576/156/182 575/155/185 577/157/183
f 575/155/170 578/158/170 577/157/170
f 578/158/170 579/159/170 577/157/170
s 1
f 577/157/186 579/159/187 580/160/188
f 586/161/189 585/162/190 1359/163/191
f 607/164/192 606/165/170 1253/166/193
f 627/167/170 626/168/170 632/169/170
f 636/170/194 635/171/170 631/172/195
f 646/173/196 647/174/197 1089/175/198
f 647/174/197 1234/176/199 1089/175/198
f 660/177/200 661/178/201 1089/175/198
s 0
f 680/179/202 679/180/203 681/181/204
s 1
f 1054/182/205 995/183/206 1036/184/207
f 704/185/208 703/186/208 921/187/209
f 713/188/210 712/189/211 734/190/212
f 718/191/213 887/192/214 719/193/215
f 859/194/216 702/195/217 828/196/218
f 729/197/219 730/198/220 736/199/221
f 846/200/222 821/201/223 813/202/224
f 742/203/225 743/204/226 751/205/227
f 749/206/228 748/207/229 750/208/230
f 774/209/231 765/210/232 766/211/233
f 764/212/170 772/213/234 754/214/170
f 773/215/235 764/212/170 774/209/231
f 768/216/236 764/212/170 773/215/235
f 768/216/236 772/213/234 764/212/170
f 760/217/237 754/214/170 779/218/238
f 754/214/170 772/213/234 779/218/238
f 774/209/231 764/212/170 757/219/231
f 773/215/235 774/209/231 777/220/239
f 774/209/231 766/211/233 777/220/239
f 766/211/233 765/221/232 777/220/239
f 777/220/239 765/222/232 778/223/240
f 765/210/232 774/209/231 778/223/240
f 757/219/231 764/212/170 758/224/241
f 772/213/234 768/216/236 779/218/238
f 773/215/235 777/220/239 759/225/242
f 777/220/239 778/223/240 759/225/242
f 778/223/240 774/209/231 759/225/242
f 773/215/235 780/226/243 768/216/236
f 780/226/243 773/215/235 763/227/244
f 780/226/243 763/227/244 781/228/245
f 763/227/244 762/229/170 781/228/245
f 781/228/245 762/230/170 782/231/246
f 762/232/170 763/227/244 782/231/246
f 782/231/246 763/227/244 773/215/235
f 779/218/238 768/216/236 761/233/247
f 768/216/236 780/226/243 761/233/247
f 781/228/245 782/231/246 780/226/243
f 780/226/243 782/231/246 761/233/247
f 782/231/246 773/215/235 761/233/247
f 759/225/242 774/209/231 757/219/231
f 764/212/170 791/234/248 753/235/249
f 756/236/250 779/218/238 761/233/247
f 773/215/235 759/225/242 761/233/247
f 755/237/251 759/225/242 745/238/252
f 787/239/253 759/225/242 757/219/231
f 764/212/170 753/235/249 790/240/254
f 758/224/241 764/212/170 786/241/255
f 745/238/252 759/225/242 787/239/253
f 790/240/254 753/235/249 810/242/256
f 760/217/237 779/218/238 756/236/250
f 752/243/257 791/234/248 764/212/170
f 756/236/250 761/233/247 751/205/227
f 751/205/227 761/233/247 759/225/242
f 764/244/170 754/245/170 736/199/221
f 764/212/170 790/240/254 795/246/258
f 793/247/259 792/248/260 794/249/261
f 792/248/260 760/217/237 794/249/261
f 751/205/227 759/225/242 755/237/251
f 760/217/237 792/248/260 796/250/262
f 792/248/260 793/251/263 796/250/262
f 796/250/262 793/251/263 797/252/264
f 793/253/265 794/249/261 797/252/264
f 797/252/264 794/249/261 756/236/250
f 794/249/261 760/217/237 756/236/250
f 755/237/251 747/254/266 751/205/227
f 786/241/255 764/212/170 795/246/258
f 796/250/262 797/252/264 756/236/250
f 889/255/170 754/214/170 760/217/237
f 889/255/170 760/217/237 796/250/262
f 796/250/262 756/236/250 808/256/267
f 750/208/230 755/237/251 745/238/252
f 791/234/248 821/201/223 753/235/249
f 755/237/251 750/208/230 738/257/268
f 750/208/230 748/207/229 738/257/268
f 738/257/268 748/207/229 745/238/252
f 748/207/229 749/258/228 745/238/252
f 749/258/228 750/208/230 745/238/252
f 758/224/241 786/241/255 732/259/171
f 810/242/256 753/235/249 744/260/269
f 752/243/257 837/261/270 746/262/271
f 837/261/270 752/243/257 764/212/170
f 808/256/267 756/236/250 751/205/227
f 828/196/218 747/254/266 755/237/251
f 813/202/224 791/234/248 752/243/257
f 796/250/262 808/256/267 889/255/170
f 751/205/227 747/254/266 733/263/272
f 755/237/251 738/257/268 828/196/218
f 745/238/252 787/239/253 741/264/170
f 824/265/273 751/205/227 702/195/217
f 787/239/253 757/219/231 732/259/171
f 757/219/231 758/224/241 732/259/171
f 842/266/274 837/261/270 835/267/275
f 842/266/274 746/262/271 837/261/270
f 824/265/273 808/256/267 825/268/276
f 808/256/267 751/205/227 825/268/276
f 751/205/227 743/204/226 825/268/276
s 0
f 743/204/277 742/269/278 825/268/279
s 1
f 825/268/276 742/269/225 826/270/280
f 742/203/225 751/205/227 826/270/280
f 751/205/227 824/265/273 826/270/280
f 732/259/171 741/264/170 829/271/170
f 741/264/170 740/272/170 829/271/170
f 829/271/170 740/273/170 739/274/170
f 739/274/170 740/275/170 830/276/281
f 740/272/170 741/264/170 830/276/281
f 741/264/170 787/239/253 830/276/281
f 834/277/282 753/235/249 821/201/223
f 791/234/248 813/202/224 821/201/223
f 825/268/276 826/270/280 824/265/273
f 747/254/266 828/196/218 733/263/272
f 735/278/283 738/257/268 745/238/252
f 745/238/252 741/264/170 737/279/284
f 829/271/170 739/274/170 732/259/171
f 732/259/171 739/274/170 787/239/253
f 739/274/170 830/276/281 787/239/253
f 813/202/224 752/243/257 846/200/222
f 745/238/252 737/279/284 735/278/283
f 846/200/222 752/243/257 746/262/271
f 751/205/227 733/263/272 702/195/217
f 844/280/285 735/278/283 840/281/285
f 735/278/283 737/279/284 840/281/285
f 737/279/284 741/264/170 928/282/286
f 741/264/170 732/259/171 928/282/286
f 859/194/216 828/196/218 738/257/268
f 735/278/283 844/280/285 843/283/287
f 840/281/285 737/279/284 844/284/285
f 810/242/256 795/246/258 790/240/254
f 877/285/288 842/266/274 835/267/275
f 864/286/180 764/212/170 884/287/289
f 808/256/267 824/265/273 702/195/217
f 735/278/283 843/283/287 847/288/290
f 843/283/287 844/289/285 847/288/290
f 847/288/290 844/284/285 928/282/286
f 844/284/285 737/279/284 928/282/286
f 786/241/255 795/246/258 810/242/256
f 764/244/170 736/199/221 850/290/291
f 851/291/170 850/290/291 852/292/292
f 850/290/291 736/199/221 852/292/292
f 735/278/283 847/288/290 928/282/286
f 744/260/269 753/235/249 834/277/282
f 846/200/222 746/262/271 842/266/274
f 764/244/170 850/290/291 858/293/293
f 850/290/291 851/294/170 858/293/293
f 851/295/170 852/292/292 858/293/293
f 852/292/292 736/199/221 858/293/293
f 858/293/293 736/199/221 734/190/212
f 835/267/275 837/261/270 893/296/249
f 864/286/180 884/287/289 857/297/281
f 764/244/170 858/293/293 734/190/212
f 721/298/294 736/199/221 754/245/170
f 889/255/170 808/256/267 702/195/217
f 859/194/216 738/257/268 735/278/283
f 935/299/295 786/241/255 810/242/256
f 732/259/171 786/241/255 862/300/296
f 786/241/255 935/299/295 862/300/296
f 864/286/180 893/296/249 837/261/270
f 868/301/297 869/302/297 862/300/298
f 868/303/170 867/304/170 862/300/296
f 867/304/170 732/259/171 862/300/296
f 874/305/299 872/306/300 875/307/301
f 874/305/299 731/308/289 871/309/270
f 874/305/299 871/309/270 872/306/300
f 731/308/289 870/310/302 878/311/170
f 878/311/170 870/312/302 879/313/170
f 870/310/302 731/308/289 879/313/170
f 731/308/289 874/305/299 879/313/170
f 874/305/299 875/307/301 892/314/303
f 732/259/171 867/304/170 935/299/295
f 867/304/170 868/301/170 935/299/295
f 868/301/170 862/300/296 935/299/295
f 731/308/289 878/311/170 694/315/170
f 878/311/170 879/313/170 694/315/170
f 879/313/170 874/305/299 694/315/170
f 835/267/275 893/296/249 880/316/304
f 764/244/170 734/190/212 866/317/305
f 928/282/286 898/318/306 735/278/283
f 736/199/221 706/319/307 734/190/212
f 733/263/272 828/196/218 702/195/217
f 859/194/216 735/278/283 898/318/306
f 928/282/286 732/259/171 935/299/295
f 736/199/221 730/198/220 885/320/308
s 0
f 730/198/309 729/321/309 885/320/310
s 1
f 885/320/308 729/321/219 886/322/171
f 729/197/219 736/199/221 886/322/171
f 821/201/223 846/200/222 887/192/214
f 877/285/288 871/309/270 921/187/311
f 892/314/303 875/307/301 888/323/312
f 877/285/288 835/267/275 880/316/304
f 837/261/270 764/212/170 864/286/180
f 736/199/221 885/320/308 706/319/307
f 885/320/308 721/298/294 706/319/307
f 885/320/308 886/322/171 721/298/294
f 886/322/171 736/199/221 721/298/294
f 727/324/170 754/245/170 889/325/170
f 744/260/269 690/326/302 810/242/256
f 842/266/274 877/285/288 921/187/311
f 880/316/304 872/306/300 871/309/270
f 720/327/170 834/277/282 821/201/223
f 846/200/222 842/266/274 906/328/217
f 764/212/170 866/329/305 884/287/289
f 721/298/294 754/245/170 727/324/170
f 871/309/270 731/308/289 921/187/311
f 871/309/270 877/285/288 880/316/304
f 821/201/223 725/330/313 720/327/170
f 725/330/313 724/331/314 720/327/170
f 720/327/170 724/331/314 899/332/315
f 724/331/170 723/333/170 899/332/170
f 724/334/314 725/330/313 899/332/315
f 725/330/313 821/201/223 899/332/315
f 821/201/223 887/192/214 899/332/315
f 719/193/215 887/192/214 846/200/222
f 875/307/301 872/306/300 880/316/304
f 899/332/315 887/192/214 720/327/170
f 717/335/316 887/192/214 902/336/170
f 887/192/214 718/191/213 902/336/170
f 719/193/215 846/200/222 718/337/213
f 846/200/222 717/335/316 718/337/213
f 716/338/317 705/339/281 842/266/274
f 888/323/312 875/307/301 957/340/318
f 957/340/318 875/307/301 880/316/304
f 690/326/302 744/260/269 1029/341/170
f 902/336/170 718/337/213 717/335/316
f 905/342/319 904/343/320 846/200/222
f 906/328/217 842/266/274 705/339/281
f 716/338/317 715/344/170 705/339/281
f 715/344/170 714/345/321 705/339/281
f 705/339/281 714/345/321 907/346/180
s 0
f 714/345/322 715/347/322 907/346/322
s 1
f 715/347/170 716/338/317 907/346/180
f 716/338/317 842/266/274 907/346/180
f 842/266/274 921/187/311 907/346/180
f 907/346/180 921/187/311 705/339/281
f 694/315/170 874/305/299 908/348/200
f 909/349/170 908/348/200 874/305/299
f 892/314/303 949/350/305 694/315/170
f 710/351/323 694/352/170 949/353/305
f 926/354/324 734/190/212 913/355/325
f 734/190/212 712/189/211 913/355/325
s 0
f 712/189/326 713/356/327 913/355/328
s 1
f 913/355/325 713/356/210 914/357/329
f 713/188/210 734/190/212 914/357/329
f 914/357/329 734/190/212 706/319/307
f 744/260/269 834/277/282 1029/341/170
f 887/192/214 717/335/316 720/327/170
f 846/200/222 904/343/320 717/335/316
f 904/343/320 905/358/319 717/335/316
f 717/335/316 905/358/319 916/359/170
f 916/359/170 905/342/319 906/328/217
f 905/342/319 846/200/222 906/328/217
f 694/315/170 908/348/200 917/360/330
f 908/348/200 909/361/170 917/360/330
f 909/349/170 874/305/299 917/360/330
f 874/305/299 892/314/303 917/360/330
f 710/351/323 709/362/170 694/352/170
f 709/362/170 708/363/284 694/352/170
f 694/352/170 708/363/284 918/364/331
s 0
f 708/363/322 709/365/322 918/364/322
s 1
f 709/365/170 710/351/323 918/364/331
f 710/351/323 949/353/305 918/364/331
f 949/353/305 943/366/332 918/364/331
f 918/364/331 943/366/332 694/352/170
f 866/317/305 734/190/212 707/367/333
f 926/354/324 913/355/325 706/319/307
f 913/355/325 914/357/329 706/319/307
f 834/277/282 720/327/170 1029/341/170
f 916/359/170 906/328/217 717/335/316
f 906/328/217 705/339/281 920/368/334
f 705/339/281 921/187/311 920/368/334
f 921/187/311 704/369/335 920/368/334
f 920/368/334 704/185/335 906/328/217
f 704/185/335 921/187/311 906/328/217
f 917/360/330 892/314/303 694/315/170
f 949/350/305 892/314/303 919/370/336
f 1025/371/337 706/319/307 721/298/294
f 857/297/281 884/287/289 866/329/305
f 698/372/302 866/317/305 707/367/333
f 924/373/170 923/374/338 925/375/324
f 923/374/338 707/367/333 925/375/324
f 707/367/333 734/190/212 925/375/324
f 925/375/324 734/190/212 926/354/324
f 921/187/311 731/308/289 929/376/334
f 929/376/334 731/308/289 930/377/170
f 930/377/170 731/308/289 720/327/170
f 698/372/302 707/367/333 933/378/170
f 707/367/333 923/374/338 933/378/170
f 923/374/338 924/379/170 933/378/170
f 924/380/170 925/375/324 933/378/170
f 933/378/170 925/375/324 926/354/324
f 921/187/311 929/376/334 937/381/339
f 937/381/339 929/382/334 938/383/170
f 929/384/334 930/377/170 938/383/170
f 930/377/170 720/327/170 938/383/170
f 943/385/332 949/350/305 932/386/340
f 698/372/302 933/378/170 926/354/324
f 700/387/330 926/354/324 689/388/341
f 926/354/324 706/319/307 689/388/341
f 727/324/170 889/325/170 630/389/170
f 859/194/216 945/390/342 687/391/343
f 701/392/344 928/282/286 935/299/295
f 921/187/311 937/381/339 720/327/170
f 937/381/339 938/383/170 720/327/170
f 892/314/303 888/323/312 919/370/336
f 935/299/295 810/242/256 691/393/293
f 859/194/216 898/318/306 945/390/342
f 690/326/302 697/394/170 688/395/170
f 697/394/170 696/396/170 688/395/170
f 696/396/170 695/397/170 688/395/170
f 688/395/170 695/397/170 941/398/170
s 0
f 695/397/322 696/399/322 941/398/322
s 1
f 696/399/170 697/394/170 941/398/170
f 688/395/170 941/398/170 1029/341/170
f 941/398/170 697/394/170 1029/341/170
f 1029/341/170 697/394/170 690/326/302
f 944/400/345 943/385/332 932/386/340
f 859/194/216 950/401/210 702/195/217
f 691/393/293 946/402/217 947/403/346
f 946/402/217 948/404/170 947/403/346
f 946/402/217 810/242/256 948/405/170
f 810/242/256 690/326/302 948/405/170
f 943/385/332 944/400/345 693/406/347
f 693/406/347 692/407/332 1009/408/348
f 692/407/332 932/386/340 1009/408/348
f 692/407/332 693/409/347 932/386/340
f 693/409/347 944/400/345 932/386/340
f 880/316/304 893/296/249 957/340/318
f 721/298/294 727/324/170 994/410/318
f 946/402/217 691/393/293 810/242/256
f 691/393/293 947/403/346 951/411/349
f 947/403/346 948/412/170 951/411/349
f 951/411/349 948/405/170 690/326/302
f 717/335/316 906/328/217 720/327/170
f 720/327/170 906/328/217 921/187/311
f 686/413/170 731/308/289 694/315/170
f 977/414/350 943/385/332 1009/408/348
f 943/385/332 693/406/347 1009/408/348
f 919/370/336 956/415/351 949/350/305
f 950/401/210 859/194/216 687/391/343
f 951/411/349 690/326/302 691/393/293
f 962/416/170 663/417/170 963/418/170
f 663/417/170 731/308/289 963/418/170
f 963/418/170 731/308/289 686/413/170
f 956/415/351 919/370/336 966/419/352
f 966/419/352 967/420/353 968/421/354
f 968/421/354 967/422/355 919/370/336
f 967/422/355 966/419/352 919/370/336
f 926/354/324 700/387/330 698/372/302
f 706/319/307 1025/371/337 689/388/341
f 898/318/306 928/282/286 701/392/344
f 701/392/344 935/299/295 1005/423/356
f 663/417/170 962/416/170 686/413/170
f 962/416/170 961/424/170 686/413/170
f 962/425/170 963/418/170 686/413/170
f 954/426/357 943/385/332 977/414/350
f 966/419/352 968/421/354 956/415/351
f 956/415/351 968/421/354 972/427/358
f 968/421/354 919/370/336 972/427/358
f 972/427/358 919/370/336 957/340/318
f 919/370/336 888/323/312 957/340/318
f 702/195/217 950/401/210 982/428/323
f 690/326/302 688/395/170 669/429/302
f 731/308/289 663/417/170 684/430/170
f 1021/431/359 955/432/360 932/386/340
f 893/296/249 864/286/180 857/297/281
f 727/324/170 630/389/170 979/433/170
f 980/434/170 981/435/170 630/389/361
f 980/436/302 979/433/170 630/389/170
f 985/437/170 984/438/170 976/439/289
f 984/438/170 1212/440/362 976/439/289
f 669/429/302 1027/441/363 690/326/302
f 987/442/170 986/443/364 988/444/285
f 986/443/364 943/366/332 988/444/285
f 943/366/332 685/445/171 988/444/285
f 971/446/179 685/445/171 1073/447/365
f 1073/447/365 685/445/171 943/366/332
f 932/386/340 955/432/360 1009/408/348
f 1025/371/337 721/298/294 994/410/318
f 727/324/170 979/433/170 994/410/318
f 979/433/170 980/434/302 994/410/318
f 980/434/302 630/389/361 994/410/318
f 935/299/295 1059/448/366 1005/423/356
f 998/449/367 999/450/302 1000/451/368
f 1000/451/368 999/452/302 935/299/295
f 999/452/302 998/449/367 935/299/295
f 670/453/369 690/454/302 952/455/370
f 1027/456/363 976/439/289 1212/440/362
f 1212/440/362 984/438/170 1001/457/371
f 1001/457/371 984/458/170 1002/459/372
f 984/458/170 985/437/170 1002/459/372
f 1002/459/372 985/437/170 976/439/289
f 943/366/332 986/443/364 694/352/170
f 694/352/170 986/443/364 1003/460/373
f 986/443/364 987/461/170 1003/460/373
f 987/462/170 988/444/285 1003/460/373
f 694/352/170 1003/460/373 685/445/171
f 1003/460/373 988/444/285 685/445/171
f 982/428/323 995/183/206 702/195/217
f 687/391/343 945/390/342 681/181/374
f 935/299/295 998/449/367 1059/448/366
f 998/449/367 1000/451/368 1059/448/366
f 1059/448/366 1000/451/368 691/393/293
f 1000/451/368 935/299/295 691/393/293
f 1212/440/362 1001/457/371 1002/459/372
f 731/308/289 684/430/170 1105/463/170
f 700/387/330 683/464/305 1011/465/375
f 683/464/305 682/466/170 1011/465/375
f 1011/465/375 682/467/170 1012/468/376
f 682/469/170 683/464/305 1012/468/376
f 683/464/305 700/387/330 1012/468/376
f 700/387/330 689/388/341 1012/468/376
f 630/389/170 889/325/170 1016/470/170
f 1016/470/170 889/325/170 1017/471/302
f 1017/471/302 889/325/170 1184/472/377
f 1081/473/217 950/401/210 687/391/343
f 666/474/378 687/391/343 1019/475/379
f 687/391/343 681/181/374 1019/475/379
f 681/181/374 679/180/380 1019/475/379
f 1019/475/379 679/476/380 666/474/378
f 679/476/380 680/179/381 666/474/378
f 680/179/381 681/181/374 666/474/378
f 681/181/374 945/390/342 666/474/378
f 1212/440/362 1002/459/372 1188/477/382
f 678/478/170 684/430/170 663/417/170
f 1073/479/365 943/385/332 954/426/357
f 954/426/357 977/414/350 1113/480/297
f 700/387/330 1011/465/375 1025/371/337
f 1011/465/375 1012/468/376 1025/371/337
f 1025/371/337 1012/468/376 689/388/341
f 630/389/170 1016/470/170 1022/481/302
f 1016/470/170 1017/482/302 1022/481/302
f 1022/481/302 1017/471/302 1184/472/377
f 1115/483/383 889/325/170 702/484/217
f 945/390/342 898/318/306 1066/485/331
f 1002/459/372 976/439/289 620/486/170
f 675/487/170 669/429/302 688/395/170
f 678/478/170 677/488/170 684/430/170
f 684/430/170 677/488/170 1024/489/170
f 677/488/170 676/490/170 1024/489/170
f 677/491/170 678/478/170 1024/489/170
f 678/478/170 663/417/170 1024/489/170
f 1073/479/365 954/426/357 1113/480/297
f 977/414/350 1009/408/348 1194/492/287
f 1022/481/302 1184/472/377 630/389/170
f 889/325/170 1115/483/383 671/493/258
f 675/487/170 674/494/170 669/429/302
f 669/429/302 674/494/170 1029/341/170
f 674/494/384 673/495/384 1029/341/384
f 674/496/170 675/487/170 1029/341/170
f 675/487/170 688/395/170 1029/341/170
f 1032/497/170 686/413/170 1033/498/289
f 686/413/170 694/315/170 1033/498/289
f 1075/499/221 1034/500/170 1035/501/170
f 1034/502/170 857/297/281 1035/501/170
f 1036/503/385 1037/504/386 1038/505/387
f 1037/504/388 1036/503/389 1041/506/390
f 1038/505/387 1037/504/386 1039/507/391
f 1036/184/207 995/183/206 982/428/323
f 1081/473/217 982/428/323 950/401/210
f 684/430/170 1024/489/170 604/508/170
f 686/413/170 1032/497/170 1044/509/334
f 1032/497/170 1031/510/170 1044/509/170
f 1032/511/170 1033/498/289 1044/509/334
f 1033/498/289 694/315/170 1044/509/334
f 685/445/171 1045/512/392 1046/513/393
f 1046/513/393 1045/514/392 1047/515/394
f 1045/512/392 685/445/171 1047/515/394
f 685/445/171 971/446/179 1047/515/394
f 1121/516/302 1047/515/394 971/446/179
f 654/517/376 955/432/360 1021/431/359
f 1048/518/250 949/350/305 956/415/351
f 1048/518/250 956/415/351 972/427/358
f 957/340/318 1050/519/241 1049/520/170
f 1050/519/241 957/340/318 1051/521/395
f 857/297/281 1034/502/170 893/296/249
f 893/296/249 1034/502/170 1052/522/289
f 1052/522/289 1034/500/170 1075/499/221
f 1035/501/170 857/297/281 1075/499/221
f 702/195/217 995/183/206 1054/182/205
f 1100/523/396 1037/504/388 1041/506/390
f 982/428/323 1081/473/217 1036/184/207
f 687/391/343 666/474/378 1081/473/217
f 691/524/293 690/454/302 665/525/267
f 669/429/302 1029/341/170 639/526/170
f 1024/489/170 663/417/170 604/508/170
f 685/445/171 1046/513/393 1121/516/302
f 1046/513/393 1047/515/394 1121/516/302
f 932/386/340 668/527/397 1056/528/398
f 668/527/397 667/529/399 1056/528/398
f 1056/528/398 667/530/399 1048/518/250
f 667/530/399 668/527/397 1048/518/250
f 1048/518/250 668/527/397 949/350/305
f 668/527/397 932/386/340 949/350/305
f 957/340/318 1049/520/170 1057/531/212
s 0
f 1049/520/400 1050/532/401 1057/531/402
s 1
f 1057/531/212 1050/532/241 893/296/249
f 1050/532/241 1051/521/395 893/296/249
f 1051/521/395 957/340/318 893/296/249
f 1052/522/289 1075/499/221 893/296/249
f 698/372/302 700/387/330 650/533/403
f 691/524/293 665/525/267 1060/534/404
f 665/525/267 664/535/405 1060/534/404
f 1060/534/404 664/536/405 1061/537/406
f 664/538/405 665/525/267 1061/537/406
f 1061/537/406 665/525/267 690/454/302
f 1121/516/302 694/352/170 685/445/171
f 1113/480/297 977/414/350 1194/492/287
f 1009/408/348 955/432/360 1194/492/287
f 932/386/340 1056/528/398 1048/518/250
f 957/340/318 1057/531/212 1075/499/221
f 1057/531/212 893/296/249 1075/499/221
f 1054/182/205 1036/184/207 1038/539/407
f 662/540/408 1037/504/388 1100/523/396
f 648/541/409 945/390/342 1066/485/331
f 691/524/293 1060/534/404 1067/542/410
f 1060/534/404 1061/537/406 1067/542/410
f 1061/537/406 690/454/302 1067/542/410
f 1071/543/170 1070/544/302 1072/545/411
f 1070/544/302 690/454/302 1072/545/411
f 690/454/302 1027/456/363 1072/545/411
f 1002/459/372 1189/546/412 1188/477/382
f 1002/459/372 1404/547/413 1189/546/412
f 1105/463/170 720/327/170 731/308/289
f 684/430/170 604/508/170 1105/463/170
f 654/517/376 1021/431/359 1064/548/414
f 1064/548/414 932/386/340 1048/518/250
f 650/533/403 700/387/330 653/549/415
f 652/550/255 889/325/170 1076/551/416
f 1077/552/417 1076/551/416 1078/553/418
f 1076/551/416 889/325/170 1078/553/418
f 889/325/170 671/493/258 1078/553/418
f 1054/182/205 1038/539/407 1079/554/419
f 1039/507/391 1037/504/386 662/540/420
f 1066/485/331 898/318/306 701/392/344
f 952/455/370 690/454/302 1178/555/421
f 1178/555/421 690/454/302 1082/556/422
f 690/454/302 1070/544/302 1082/556/422
f 1070/544/302 1071/557/170 1082/556/422
f 1071/558/170 1072/545/411 1082/556/422
f 1082/556/422 1072/545/411 1027/456/363
f 1021/431/359 932/386/340 1064/548/414
f 652/550/255 1076/551/416 1087/559/423
f 1076/551/416 1077/560/417 1087/559/423
f 1087/559/423 1077/561/417 671/493/258
f 1077/561/417 1078/553/418 671/493/258
f 1079/562/424 1038/505/425 1039/507/391
f 1041/506/426 1036/503/427 1109/563/428
f 690/454/302 670/453/369 1067/542/410
f 1082/556/422 1027/456/363 1178/555/421
f 659/564/305 1404/547/413 1002/459/372
f 1090/565/200 1027/441/363 1091/566/200
f 1027/441/363 669/429/302 1091/566/200
f 1105/463/170 604/508/170 656/567/170
f 604/508/170 644/568/170 656/567/170
f 686/413/170 1044/509/334 663/417/170
f 1095/569/170 700/387/330 1096/570/429
f 700/387/330 1025/371/337 1096/570/429
f 1098/571/430 889/325/170 652/550/255
f 1087/559/423 671/493/258 652/550/255
f 1080/572/431 1039/507/391 662/540/420
f 1109/573/428 1036/574/427 1081/575/432
f 1059/576/366 691/524/293 1126/577/376
f 1404/547/413 1089/175/198 1101/578/433
f 1089/175/198 661/178/201 1101/578/433
s 0
f 661/178/434 660/579/435 1101/578/436
s 1
f 1101/578/433 660/579/200 1102/580/437
f 660/177/200 1089/175/198 1102/580/437
f 1189/546/412 1102/580/437 1089/175/198
f 659/564/305 658/581/170 1404/547/413
f 658/581/170 657/582/170 1404/547/413
f 1404/547/413 657/582/170 1103/583/170
s 0
f 657/582/438 658/584/438 1103/583/438
s 1
f 658/584/170 659/564/305 1103/583/170
f 659/564/305 1002/459/372 1103/583/170
f 1002/459/372 620/486/170 1103/583/170
f 1103/583/170 620/486/170 1404/547/413
f 1027/441/363 1090/565/200 1104/585/200
f 1091/566/200 669/429/302 1090/586/200
f 1090/586/200 669/429/302 639/526/170
f 656/567/170 655/587/314 1105/463/170
f 1105/463/170 655/587/314 1106/588/439
f 655/589/314 656/567/170 1106/588/439
f 656/567/170 644/568/170 1106/588/439
f 1044/509/334 694/315/170 1181/590/170
f 653/549/415 700/387/330 1107/591/177
f 700/387/330 1095/569/170 1107/591/177
s 0
f 1095/592/438 1096/570/438 1107/591/438
s 1
f 1107/591/177 1096/570/429 653/549/415
f 653/549/415 1096/570/429 1025/371/337
f 889/325/170 1098/571/430 1108/593/440
f 1108/594/440 1098/571/430 652/550/255
f 1100/523/441 1041/506/426 1109/563/428
f 666/474/378 945/390/342 648/541/409
f 1404/547/413 1101/578/433 1189/546/412
f 1101/578/433 1102/580/437 1189/546/412
f 1027/441/363 1104/585/200 639/526/170
f 1104/585/200 1090/586/200 639/526/170
f 1105/463/170 1106/588/439 644/568/170
f 1184/472/377 889/325/170 1114/595/231
f 889/325/170 1108/593/440 1114/595/231
f 1114/595/231 1108/594/440 652/550/255
f 1079/562/424 1039/507/391 1116/596/442
f 663/417/170 1044/509/334 1119/597/170
f 1119/597/170 1044/509/334 1120/598/170
f 1181/599/170 694/352/170 1121/516/302
f 1194/492/287 955/432/360 654/517/376
f 654/517/376 1064/548/414 641/600/443
f 641/600/443 1064/548/414 651/601/444
f 611/602/445 698/372/302 650/533/403
f 1114/595/231 652/550/255 1184/472/377
f 1116/596/442 1039/507/391 1080/572/431
f 1109/573/428 1081/575/432 1125/603/446
f 1129/604/447 1127/605/170 976/439/289
f 1127/605/170 620/486/170 976/439/289
f 1119/597/170 1120/606/170 663/417/170
f 663/417/170 1120/606/170 1130/607/170
f 1130/607/384 1120/598/448 1131/608/449
f 1120/598/170 1044/509/334 1131/608/170
f 1064/548/414 1048/518/250 651/601/444
f 1025/371/337 994/410/318 1265/609/450
f 994/410/318 630/389/361 1265/609/450
f 702/195/217 1054/182/205 1079/554/419
f 1136/610/451 1151/611/452 1139/612/453
f 1140/613/454 1136/610/455 1143/614/456
f 1136/610/457 1137/615/457 1151/611/457
f 1141/616/458 1139/612/453 1151/611/452
f 1144/617/459 1139/612/460 1141/616/461
f 1137/615/462 1136/610/455 1140/613/454
f 1140/613/463 1142/618/463 1148/619/463
f 1145/620/464 1147/621/465 1169/622/466
f 1174/623/467 1135/624/468 1134/625/469
f 1142/618/470 1140/613/454 1143/614/456
f 1154/626/471 1152/627/471 1153/628/471
f 1153/628/472 1152/627/472 1160/629/472
f 1157/630/473 1294/631/473 1160/632/473
f 1294/631/474 1156/633/474 1160/632/474
f 1156/634/475 1157/635/475 1159/636/475
f 1160/637/476 1156/634/476 1158/638/476
f 1159/636/477 1157/635/477 1160/629/477
f 1156/634/478 1159/636/478 1158/638/478
f 1159/636/479 1160/629/480 1152/627/481
f 1170/639/482 1160/637/483 1158/638/484
f 1159/636/479 1152/627/481 1155/640/485
f 1155/640/486 1162/641/487 1161/642/488
f 1163/643/489 1161/644/490 1162/645/491
f 1162/645/492 1167/646/492 1163/643/492
f 1155/640/493 1152/627/493 1154/626/493
f 1154/626/494 1153/628/494 1170/647/494
f 1164/648/495 1161/644/495 1171/649/495
f 1165/650/496 1166/651/497 1163/643/498
f 1166/651/497 1171/649/499 1163/643/498
f 1171/649/500 1161/644/490 1163/643/489
f 1167/646/501 1162/645/501 1168/652/501
f 1139/612/460 1144/617/459 1202/653/502
f 1146/654/503 1145/620/504 1169/622/505
f 1134/625/506 1150/655/507 1176/656/508
f 1134/625/509 1135/624/510 1147/657/511
f 1148/619/512 1142/618/512 1143/614/512
f 1154/626/513 1162/641/514 1155/640/515
f 1153/628/516 1160/629/516 1170/647/516
f 1159/636/479 1155/640/485 1158/638/517
s 0
f 1166/658/518 1165/650/519 1172/659/520
s 1
f 1172/659/521 1165/650/496 1163/643/498
f 1136/660/522 1139/661/522 1202/662/522
f 1144/663/523 1146/654/524 1149/664/525
f 1169/622/505 1149/664/526 1146/654/503
f 623/665/527 1169/622/466 649/666/528
f 1169/622/466 1147/621/465 649/666/528
f 1145/620/529 1100/667/530 1147/621/511
f 1081/575/432 666/668/531 1125/603/446
f 1066/485/331 1126/669/376 648/541/409
f 1204/670/532 1212/440/362 1188/477/382
f 620/486/170 1127/605/170 640/671/170
f 640/671/170 1127/605/170 1179/672/302
f 1127/605/170 1129/673/447 1179/672/302
s 0
f 1128/674/322 1129/604/322 1179/672/322
s 1
f 1179/672/302 1129/604/447 976/439/289
f 644/568/170 604/508/170 643/675/170
f 663/417/170 1130/607/170 1181/590/170
f 1130/607/170 1131/608/170 1181/590/170
f 1131/608/170 1044/509/334 1181/590/170
f 632/169/180 1121/516/302 971/446/179
f 1195/676/533 1194/492/287 654/517/376
f 972/427/358 957/340/318 866/329/305
f 1145/620/529 1146/654/534 1100/667/530
f 1100/667/530 1146/654/534 1144/663/535
f 1143/677/536 1136/678/537 1162/641/514
f 1161/644/538 1171/679/539 1173/680/540
f 1171/679/539 1166/658/541 1173/680/540
f 1166/658/541 1172/659/521 1173/680/540
f 1172/659/521 1163/643/498 1173/680/540
f 1168/652/542 1162/645/514 1136/660/537
f 1136/660/537 1202/662/543 1168/652/542
f 1202/662/544 1144/663/523 1149/664/525
f 701/392/344 1005/423/356 1059/448/366
f 1234/176/199 647/174/197 1213/681/545
f 1213/681/545 647/174/197 1404/547/413
f 647/174/197 646/682/196 1404/547/413
f 1404/547/413 646/682/196 1190/683/226
f 646/173/196 1089/175/198 1190/683/226
f 1089/175/198 1404/547/413 1190/683/226
f 1179/672/302 976/439/289 640/671/170
f 639/684/170 976/439/289 1027/456/363
f 643/675/170 642/685/302 644/568/170
f 644/568/170 642/685/302 1192/686/170
f 1192/686/170 642/687/302 1193/688/170
f 642/689/302 643/675/170 1193/688/170
f 643/675/170 604/508/170 1193/688/170
f 1194/492/287 1195/676/533 1237/690/546
f 619/691/547 650/533/403 653/549/415
f 1184/472/377 652/550/255 671/493/258
f 1080/572/548 662/540/549 1144/617/535
f 662/540/549 1100/523/530 1144/617/535
f 1140/613/454 1148/619/550 1137/615/462
f 1148/619/551 1143/614/552 1200/692/553
f 1143/614/552 1201/693/554 1200/692/553
f 1143/677/536 1162/641/514 1154/626/513
f 1170/639/482 1158/638/484 1161/642/555
f 1158/638/556 1155/640/486 1161/642/488
f 1173/680/540 1163/643/498 637/694/557
f 1163/643/498 1167/646/558 637/694/557
f 1147/657/559 1135/624/560 649/695/561
f 649/695/561 1135/624/560 1174/623/562
f 1174/623/467 1134/625/469 1175/696/563
f 1211/697/564 1150/655/565 1134/625/509
f 1211/697/564 1100/698/530 1109/573/566
f 620/486/170 640/671/170 1207/699/170
f 1209/700/170 1207/699/170 640/671/170
f 640/671/170 976/439/289 639/684/170
f 644/568/170 1192/686/170 639/526/170
f 1192/686/170 1193/688/170 639/526/170
f 1193/688/170 604/508/170 639/526/170
f 631/172/195 971/446/179 1073/447/365
f 1236/701/567 1073/447/365 1113/702/297
f 1144/617/535 1141/616/568 1151/611/569
f 1201/693/570 1143/614/536 1154/703/513
f 1175/696/571 1134/625/506 1176/656/508
f 1134/625/509 1147/657/511 1211/697/564
f 1147/657/511 1100/698/530 1211/697/564
f 666/668/531 648/704/572 1125/603/446
f 1126/669/376 1066/485/331 701/392/344
f 620/486/170 1207/699/170 1244/705/170
f 1207/699/170 1209/706/170 1244/705/170
f 1209/706/384 1208/707/384 1244/705/384
f 1209/700/170 640/671/170 1244/705/170
f 1215/708/170 1214/709/170 1216/710/170
f 1216/710/170 1214/709/170 720/327/170
f 1214/709/170 1029/341/170 720/327/170
f 1105/463/170 644/568/170 639/526/170
f 1048/518/250 972/427/358 866/329/305
f 653/549/415 1025/371/337 1265/609/450
f 702/484/573 1116/596/574 1115/483/575
f 702/484/573 1079/562/576 1116/596/574
f 1080/572/548 1144/617/535 1151/611/569
f 1201/693/570 1154/703/513 1170/711/577
f 1176/656/508 1219/712/578 1175/696/571
f 648/541/409 1126/669/376 633/713/579
f 1126/577/376 691/524/293 1067/542/410
f 1272/714/580 670/453/369 952/455/370
f 640/671/170 639/684/170 1244/705/170
f 1214/709/170 1215/715/170 1029/341/170
f 1029/341/170 1215/715/170 1221/716/170
f 1215/717/170 1216/710/170 1221/716/170
f 1221/716/170 1216/710/170 1105/463/170
f 1216/710/170 720/327/170 1105/463/170
f 631/172/195 635/171/170 1222/718/217
f 635/171/170 634/719/170 1222/718/170
f 635/720/170 636/170/194 1222/718/217
f 1222/718/217 636/170/194 1073/447/365
f 636/170/194 631/172/195 1073/447/365
f 1184/472/377 671/493/258 1115/483/383
f 1151/611/569 1137/615/581 1080/572/548
f 1137/615/581 1148/619/582 1080/572/548
f 1200/692/583 1201/693/584 1224/721/585
f 1249/722/586 1201/693/570 1170/711/577
f 1239/723/587 1170/711/588 1161/724/589
f 1218/725/590 1173/680/540 637/694/591
f 1281/726/592 1228/727/593 1227/728/594
f 1231/729/595 1229/730/596 1230/731/597
f 1232/732/598 1228/727/593 1281/726/592
f 1227/728/599 1228/727/600 1226/733/601
f 1226/733/601 1228/727/600 1276/734/602
f 622/735/603 1109/573/428 1125/603/446
f 952/455/370 1178/555/421 1272/714/580
f 1029/341/170 1221/716/170 1105/463/170
f 1181/590/170 604/508/170 663/417/170
f 971/446/179 631/172/195 1351/151/179
f 629/736/365 631/172/195 1236/701/567
f 631/172/195 1222/718/217 1236/701/567
f 1222/718/217 1073/447/365 1236/701/567
f 651/601/444 1048/518/250 866/329/305
f 625/737/604 1184/472/605 1116/596/574
f 1184/472/605 1115/483/575 1116/596/574
f 1201/693/584 1249/722/606 1224/721/585
f 1249/722/586 1170/711/577 1225/738/607
f 1161/644/538 1173/680/540 612/739/608
f 612/739/608 1173/680/540 1218/725/590
f 1231/729/595 1230/731/597 637/694/591
f 1230/731/597 1229/730/596 1232/732/609
f 1276/734/610 1228/727/610 1233/740/610
f 1232/732/609 1233/740/611 1228/727/612
f 1167/646/613 1168/652/613 1202/662/613
f 649/695/561 1174/623/562 1251/741/614
f 1219/712/615 1176/656/616 1266/742/617
f 1176/656/616 1150/655/618 1211/697/619
f 1067/542/410 670/453/369 1272/714/580
f 629/736/365 628/743/302 631/172/195
f 631/172/195 628/743/302 1246/744/620
f 629/736/365 1236/701/567 628/745/302
f 1248/746/621 1247/747/272 1113/702/297
f 1247/747/272 1236/701/567 1113/702/297
f 611/602/445 650/533/403 614/748/622
f 614/748/622 650/533/403 619/691/547
f 1116/596/574 1080/572/623 625/737/604
f 1239/723/624 1161/724/538 612/749/608
f 1218/725/590 637/694/591 1240/750/625
f 637/694/557 1167/646/558 1231/729/626
f 1149/664/526 1169/622/505 623/665/627
f 1266/742/617 1176/656/616 1211/697/619
f 1125/603/446 1252/751/628 622/735/603
f 1284/752/629 1254/753/630 1253/166/193
f 701/392/344 1059/448/366 1126/669/376
f 1259/754/170 1121/516/302 1260/755/170
f 1121/516/302 632/169/180 1260/755/170
f 632/169/180 626/168/170 1260/755/170
f 1260/755/170 626/756/170 1259/754/170
f 626/756/170 632/169/180 1259/754/170
f 1351/151/179 631/172/195 610/757/377
f 631/172/195 1246/744/620 1262/758/631
f 1246/744/620 1236/701/567 1262/758/631
f 1246/744/620 628/745/302 1236/701/567
f 1262/758/631 1236/701/567 1263/759/632
f 1236/701/567 1247/747/272 1263/759/632
f 1247/747/272 1248/760/621 1263/759/632
f 1263/759/632 1248/761/621 1264/762/633
f 1248/746/621 1113/702/297 1264/762/633
f 1264/762/633 1113/702/297 1328/763/193
f 641/600/443 1195/676/533 654/517/376
f 866/329/305 641/600/443 651/601/444
f 1075/499/221 866/329/305 957/340/318
f 1148/619/582 1200/692/634 1080/572/548
f 1293/764/635 1170/711/588 1239/723/587
f 1240/750/625 637/694/591 624/765/636
f 1202/662/637 1149/664/637 623/665/637
f 623/665/638 649/666/638 1251/766/638
f 1211/697/564 1109/573/566 1267/767/639
f 1253/166/193 1255/768/236 1268/769/640
f 1255/768/236 1269/770/641 1268/769/640
f 1268/769/642 1269/770/643 1270/771/644
f 1270/772/645 1269/770/645 1271/773/645
f 618/774/378 1271/773/646 1255/768/236
f 1271/773/646 1269/770/641 1255/768/236
f 1027/456/363 1212/440/362 1272/714/580
f 631/172/195 1262/758/631 1288/775/288
f 1263/759/632 1264/762/633 1262/758/631
f 1264/762/633 1328/763/193 1262/758/631
f 1113/480/297 1194/492/287 1302/776/305
f 698/372/302 611/602/445 866/317/305
f 625/737/647 1080/572/548 1200/692/634
f 1225/738/607 1170/711/577 1293/764/648
f 1232/732/609 1229/730/596 1233/740/611
f 1231/729/626 1167/646/558 1202/662/649
f 1251/741/650 1174/623/650 1175/696/650
f 1297/777/651 1266/742/617 1211/697/619
f 1125/603/446 648/704/572 633/778/652
f 633/779/579 1284/752/629 1253/166/193
f 1253/166/193 1268/769/640 618/774/378
f 1268/769/640 1270/771/349 618/774/378
f 1270/771/349 1271/773/646 618/774/378
f 598/780/653 618/774/378 1255/768/236
f 1067/542/410 617/781/654 1126/577/376
f 617/781/654 616/782/417 1126/577/376
f 1126/577/376 616/782/417 1278/783/655
f 1278/783/655 616/784/417 1272/714/580
f 616/784/417 617/781/654 1272/714/580
f 617/781/654 1067/542/410 1272/714/580
f 1272/714/580 1212/440/362 1204/670/532
f 1404/547/413 1357/785/656 1213/681/545
f 639/684/170 604/786/170 568/787/170
f 1121/516/302 1259/754/170 1181/599/170
f 632/169/180 971/446/179 1351/151/179
f 610/757/377 631/172/195 1288/775/288
f 653/549/415 1265/609/450 608/788/657
f 630/389/658 1184/472/605 588/789/659
f 1224/721/660 613/790/661 1200/692/634
f 1292/791/662 1225/738/607 1293/764/648
f 1156/634/663 612/792/663 1157/635/663
f 624/765/636 637/694/591 1274/793/664
f 637/694/591 1230/731/597 1274/793/664
f 1230/731/665 1232/732/598 1319/794/666
f 1319/794/666 1232/732/598 1281/726/592
f 1226/733/667 1275/795/667 1227/728/667
f 1226/733/668 1276/734/668 1320/796/668
f 1126/577/376 1278/783/655 1272/714/580
f 1204/670/532 1188/477/382 1435/797/324
f 620/486/170 582/798/669 1404/547/413
f 620/486/170 1244/705/170 1440/799/170
f 1029/341/170 1105/463/170 639/526/170
f 1301/800/170 1286/801/170 1287/802/170
f 1286/801/170 1181/599/170 1287/802/170
f 1287/802/170 1181/599/170 1259/754/170
f 1328/763/193 1113/702/297 1302/803/305
f 1075/499/221 857/297/281 866/329/305
f 1200/692/634 613/790/661 625/737/647
f 613/790/670 1224/721/671 1225/738/672
f 1224/721/671 1249/722/673 1225/738/672
f 1293/764/635 1239/723/587 593/804/674
f 1316/805/675 612/749/676 1294/631/677
f 612/749/678 1156/633/678 1294/631/678
f 1240/750/625 624/765/636 1295/806/679
f 1320/807/680 1276/808/680 1355/809/680
f 1266/742/681 1175/696/682 1219/712/683
f 1282/810/684 1297/777/651 1267/767/685
f 1297/777/651 1211/697/619 1267/767/685
f 1307/811/686 1267/767/685 1308/812/687
f 1267/767/639 1109/573/566 1308/812/688
f 1109/573/566 622/735/689 1308/812/688
f 598/780/653 1349/813/690 618/774/378
f 1255/768/236 1253/166/193 621/814/443
f 1178/555/421 1027/456/363 1272/714/580
f 1299/815/170 1244/705/170 639/684/170
f 1181/599/170 1286/801/170 1300/816/170
f 1286/801/170 1301/817/170 1300/816/170
f 1301/818/170 1287/802/170 1259/754/170
f 625/737/604 588/789/659 1184/472/605
f 1225/738/672 1292/791/691 613/790/670
f 593/819/692 1239/820/624 1316/821/693
f 1239/723/624 612/749/608 1316/805/693
f 1157/822/694 612/739/695 1218/725/696
f 1202/662/649 623/665/697 1231/729/626
f 623/665/697 1251/766/698 1231/729/626
f 1251/741/699 1344/823/700 1305/824/701
f 603/825/702 1282/810/684 1267/767/685
f 1253/826/703 618/827/704 1125/603/446
f 606/165/170 605/828/705 1253/166/193
f 1253/166/193 605/828/705 1272/714/580
f 605/828/705 606/829/170 1272/714/580
f 1272/714/580 606/829/170 1309/830/170
f 606/831/170 607/164/192 1309/830/170
f 1309/830/170 607/164/192 1310/832/706
f 607/164/192 1253/166/193 1310/832/706
f 1253/166/193 1254/753/630 1310/832/706
f 633/779/579 1126/577/376 1284/752/629
f 1299/815/170 1312/833/170 1244/705/170
f 1244/705/170 1312/833/170 1311/834/170
f 1312/835/170 1299/815/170 639/684/170
f 592/836/170 568/787/170 604/786/170
f 591/837/170 604/786/170 1181/838/170
f 1181/599/170 1300/816/170 596/839/170
f 1300/816/170 1301/818/170 596/839/170
f 596/839/170 1301/818/170 1259/754/170
f 1259/754/170 632/169/180 596/839/170
f 632/169/180 1351/151/179 596/839/170
f 590/840/707 610/757/377 1288/775/288
f 609/841/262 1195/676/533 866/329/305
f 1195/676/533 641/600/443 866/329/305
f 611/842/445 1330/843/708 1314/150/178
f 619/691/547 653/549/415 608/788/657
f 1265/609/450 630/389/361 608/788/657
f 1366/844/709 1218/725/696 1317/845/710
f 1218/725/696 1240/750/711 1317/845/710
f 1319/794/666 1274/793/712 1230/731/665
f 1227/728/713 1275/795/714 1281/726/715
f 581/846/716 1226/733/717 1320/796/718
f 1251/741/719 1175/696/682 1344/823/720
f 1175/696/682 1266/742/681 1344/823/720
f 1308/812/688 622/735/689 1252/751/721
f 633/778/652 1253/826/703 1125/603/446
f 599/847/722 1283/848/723 573/849/724
f 621/814/443 1253/166/193 1272/714/580
f 1272/714/580 1309/830/170 1310/832/706
f 1254/753/630 602/850/725 1310/832/706
f 602/850/725 601/851/726 1310/832/706
f 1310/832/706 601/851/726 1321/852/727
f 601/853/726 602/850/725 1321/852/727
f 602/850/725 1254/753/630 1321/852/727
f 1126/577/376 1272/714/580 1284/752/629
f 1272/714/580 1204/670/532 1435/797/324
f 1435/797/324 1188/477/382 1189/546/412
f 1244/705/170 1311/834/170 1440/799/170
f 1311/834/170 1312/835/170 1440/799/170
f 1312/835/170 639/684/170 1440/799/170
f 1351/151/179 1324/854/439 1325/855/728
f 1325/855/728 1324/856/439 1326/857/729
f 1326/857/729 1324/858/439 1327/859/730
f 1324/854/439 1351/151/179 1327/859/730
f 1351/151/179 610/757/377 1327/859/730
f 589/860/731 1195/676/533 609/841/262
f 593/819/692 1316/821/693 1332/861/732
f 1366/844/709 1157/822/694 1218/725/696
s 0
f 1334/862/322 1335/863/322 1336/864/322
f 1337/865/438 1336/864/438 1338/866/438
f 1336/864/322 1335/863/322 1338/866/322
s 1
f 1338/866/733 1335/863/734 1317/845/735
f 1339/867/736 624/765/737 1318/868/738
f 1318/868/738 624/765/737 1274/793/739
f 1275/795/740 1226/733/717 581/846/716
f 1418/869/741 581/846/742 1320/796/743
f 1340/870/744 1355/809/745 1276/808/746
f 1276/808/747 1233/871/747 1340/870/747
s 0
f 1341/872/384 1342/873/384 1343/874/384
s 1
f 1343/874/748 1342/873/749 1344/823/750
f 1342/873/751 1341/872/752 1344/823/753
f 1344/823/753 1341/872/752 1345/875/754
s 0
f 1341/872/755 1343/874/755 1345/875/755
f 1345/875/170 1343/874/170 1346/876/170
f 1347/877/185 1346/876/183 1348/878/182
f 1346/876/185 1343/874/183 1348/878/182
s 1
f 1348/878/756 1343/874/748 597/879/757
f 1343/874/748 1344/823/750 597/879/757
f 1344/823/720 1266/742/681 1297/777/758
f 1297/777/759 1282/810/759 1356/880/759
f 1283/848/723 618/774/378 573/849/724
f 1310/832/706 1321/852/727 1284/752/629
f 1321/852/727 1254/753/630 1284/752/629
f 1325/855/728 590/840/707 1351/151/179
f 1325/855/728 1326/857/729 590/840/707
f 590/840/707 1326/857/729 610/757/377
f 1326/857/729 1327/859/730 610/757/377
f 1194/492/287 1237/690/546 1362/881/372
f 608/788/760 630/389/658 588/789/659
f 625/737/647 613/790/661 1364/882/761
f 613/790/670 1292/791/691 1331/883/762
f 1292/791/662 1293/764/648 1386/884/763
f 1316/805/675 1294/631/677 1157/630/694
f 1317/845/764 1335/863/765 1333/885/766
f 1335/863/767 1334/862/767 1333/885/767
f 1333/885/768 1334/862/769 1240/750/770
f 1334/862/771 1336/864/772 1240/750/773
f 1336/864/772 1337/865/774 1240/750/773
f 1337/865/775 1338/866/776 1240/750/777
f 1338/866/778 1317/845/710 1240/750/711
f 1295/806/779 624/765/779 1339/867/779
f 1319/794/780 1281/726/715 1375/886/781
f 1354/887/782 1281/726/715 1275/795/714
f 1233/740/783 1229/730/596 1231/729/595
f 1344/823/700 1345/875/784 1305/824/701
f 1345/875/784 1346/876/785 1305/824/701
f 1346/876/785 1347/877/785 1305/824/701
f 1347/877/785 1348/878/786 1305/824/701
f 1348/878/787 597/879/788 1305/824/701
f 597/879/789 1344/823/720 1297/777/758
f 1356/880/790 1282/810/684 603/825/702
f 1267/767/685 1307/811/686 603/825/702
f 571/888/791 603/825/702 1307/811/686
f 1252/751/628 1125/603/446 583/889/792
f 600/890/793 1369/891/794 1283/848/795
f 1310/832/706 1284/752/629 1272/714/580
f 1557/892/796 1234/176/199 1213/681/545
f 1436/893/797 1213/681/545 1357/785/656
f 1484/894/798 1360/144/173 1359/163/799
f 1370/895/800 1359/163/799 1361/896/801
f 1351/151/179 590/840/707 1443/897/802
f 1302/776/305 1194/492/287 1362/881/372
f 1330/843/708 611/842/445 1397/898/803
f 1331/883/804 1292/791/804 595/899/804
f 1365/900/805 595/899/805 1292/791/805
f 593/804/674 594/901/806 1293/764/635
f 593/804/674 566/147/176 594/901/806
f 1367/902/807 1317/845/764 1333/885/766
f 1333/885/808 1295/806/808 1339/867/808
f 1339/867/809 1318/868/809 1374/903/809
f 1274/793/712 1319/794/666 1318/868/810
f 1320/807/811 1355/809/812 1418/904/813
f 1231/729/626 1251/766/698 1233/740/814
f 1233/871/814 1251/741/698 1305/824/815
f 1283/848/816 1377/905/817 600/890/793
f 1283/848/816 599/847/818 1377/905/817
f 573/849/724 618/774/378 1402/906/798
f 596/839/170 1351/151/179 587/907/819
f 1442/908/221 570/909/820 1359/163/799
f 1237/690/546 1195/676/533 589/860/731
f 1372/910/282 611/842/445 1373/911/305
f 1314/150/178 1373/911/305 611/842/445
f 1364/882/821 613/790/670 1331/883/762
f 1386/884/822 1365/900/823 1292/791/824
f 1366/844/825 1317/845/764 1367/902/807
f 1375/886/781 1281/726/715 1354/887/782
f 1416/912/826 1355/809/745 1340/870/744
f 597/879/827 580/160/828 1394/913/829
f 1297/777/758 1356/880/830 597/879/789
f 1356/880/790 603/825/702 571/888/791
f 618/774/704 1283/848/831 1369/891/832
f 1402/906/798 618/774/378 1349/813/690
f 1435/797/324 1189/546/412 1089/175/198
f 1547/914/833 1357/785/656 1404/547/413
f 604/786/170 591/837/170 592/836/170
f 596/839/170 587/907/819 1378/915/170
f 587/907/819 1379/916/170 1378/915/170
f 1379/917/170 587/907/819 1380/918/212
f 1380/918/212 587/907/819 1351/151/179
f 591/919/170 1351/151/179 1406/153/181
f 1359/163/799 585/162/834 1361/896/801
f 1361/896/801 585/162/834 1381/920/835
f 585/921/834 1359/163/799 1381/920/835
f 1359/163/799 1360/144/173 1381/920/835
f 1484/894/798 1359/163/799 570/909/820
f 866/329/305 611/842/445 1384/922/330
f 611/842/445 1372/910/282 1384/922/330
f 1373/911/305 1314/150/178 1372/923/282
f 1397/898/803 1486/148/177 1330/843/708
f 611/602/445 614/748/622 619/691/547
f 619/691/836 608/788/760 588/789/659
f 1386/884/763 1293/764/648 594/901/837
f 1454/924/838 1316/821/675 1157/925/694
f 1409/926/839 1157/925/694 1366/927/709
f 1366/844/825 1367/902/807 1387/928/840
f 1367/902/841 1333/885/842 1388/929/843
f 1240/750/770 1295/806/844 1333/885/768
f 1318/868/845 1319/794/780 1375/886/781
f 1233/871/814 1305/824/815 1340/870/846
f 1305/824/701 597/879/788 1376/930/847
s 0
f 1390/931/848 1392/932/849 1391/933/850
f 1391/933/851 1392/932/755 1393/934/852
s 1
f 1393/934/853 1392/932/853 580/160/854
f 1392/932/853 1390/931/855 580/160/854
f 580/160/828 1390/931/855 1394/913/829
f 1390/931/855 1389/935/856 1394/913/829
f 1389/935/857 584/936/858 1394/913/859
f 580/160/860 597/879/789 1356/880/830
f 618/827/704 1369/937/832 1125/603/446
f 621/814/443 1272/714/580 1255/768/236
f 1435/797/324 1089/175/198 1234/176/199
f 1234/176/199 1557/892/796 1435/797/324
f 1378/915/170 1379/938/170 596/839/170
f 1379/938/170 1380/918/212 596/839/170
f 596/839/170 1380/918/212 591/919/170
f 591/919/170 1380/918/212 1351/151/179
f 1406/939/181 1361/896/801 591/940/170
f 1361/896/801 1381/920/835 1360/144/173
f 1359/163/799 1370/895/800 1442/908/221
f 1370/895/800 1361/896/801 1406/939/181
f 866/329/305 1384/922/330 1314/150/178
f 1384/922/330 1372/923/282 1314/150/178
f 1314/150/178 1330/843/708 1486/148/177
f 1364/882/821 1331/883/762 595/899/861
f 566/147/862 593/804/692 1489/941/863
f 1489/942/863 593/819/692 1332/861/732
f 597/879/788 1394/913/859 1376/930/847
f 1376/930/847 1394/913/859 584/936/858
f 1389/935/857 1390/943/864 584/936/858
f 1390/943/864 1391/933/865 584/936/858
f 1391/933/865 1393/934/864 584/936/858
f 1393/934/866 580/160/866 584/936/866
f 580/160/867 579/159/867 584/936/867
f 579/159/864 578/158/864 584/936/868
f 578/158/864 575/155/864 584/936/868
f 575/155/864 574/154/869 584/936/868
f 584/936/868 574/154/869 572/944/870
f 574/154/869 576/156/871 572/944/870
f 576/156/871 577/157/871 572/944/870
f 577/157/186 580/160/188 572/944/872
f 1400/945/873 1308/812/688 1252/751/721
f 583/889/792 1125/603/446 1401/946/874
f 1377/905/875 599/847/876 1395/947/877
f 1435/797/324 1255/768/236 1272/714/580
f 1181/599/170 596/839/170 591/919/170
f 1360/144/173 1484/894/798 1508/948/296
f 609/841/262 1423/949/288 589/860/731
f 611/602/878 619/691/836 588/789/659
f 1364/882/821 595/899/861 1365/900/823
f 1407/950/879 1398/951/880 1386/884/822
f 1408/952/881 1489/942/882 1332/861/883
f 1332/861/883 1316/821/675 1454/924/838
f 1454/924/838 1157/925/694 1409/926/839
f 1399/953/884 1413/954/885 1355/809/812
f 1355/809/812 1413/954/885 1414/955/886
s 0
f 1414/955/182 1413/954/183 1415/956/184
f 1413/954/170 1399/953/170 1415/956/170
s 1
f 1415/956/887 1399/953/888 1355/809/889
f 1252/751/721 583/889/890 1400/945/873
f 1401/946/874 1125/603/446 1369/937/832
f 600/890/793 1377/905/817 1434/957/891
f 1349/813/690 598/780/653 1435/797/324
f 1435/797/324 598/780/653 1255/768/236
f 1364/882/761 1385/958/892 625/737/647
f 1385/958/893 1386/884/822 1398/951/880
f 1386/884/763 594/901/837 1407/950/894
f 1428/959/895 1366/927/825 1387/960/840
f 1410/961/896 1367/902/841 1388/929/843
f 1388/929/843 1333/885/897 1455/962/898
f 1455/962/898 1333/885/897 1339/867/899
f 1354/887/900 1275/795/901 581/846/902
f 1419/963/903 1418/904/813 1420/964/904
f 1418/904/813 1355/809/812 1420/964/904
f 1355/809/812 1414/955/886 1420/964/904
s 0
f 1420/964/384 1414/955/384 1421/965/384
f 1414/955/185 1415/956/183 1421/965/182
s 1
f 1415/956/887 1355/809/889 1421/965/905
f 1421/965/906 1355/809/745 1416/912/826
f 1340/870/846 1305/824/815 1376/930/907
f 572/944/870 569/966/908 584/936/868
f 569/966/909 572/944/910 571/888/911
f 572/944/910 580/160/860 571/888/911
f 580/160/860 1356/880/830 571/888/911
f 571/888/791 1307/811/686 1422/967/912
f 1395/947/913 599/847/722 573/849/724
f 1402/906/798 1349/813/690 1435/797/324
f 639/684/170 568/787/170 1441/968/170
f 1443/897/802 590/840/707 1485/969/640
f 1262/758/631 1328/763/193 1729/970/914
f 1314/150/178 567/149/170 1425/971/170
f 1425/972/170 567/149/170 1486/148/177
f 1397/973/915 611/602/878 588/789/659
f 1364/882/821 1365/900/823 1385/958/893
f 1365/900/823 1386/884/822 1385/958/893
f 1385/958/893 1398/951/880 1407/950/879
f 1427/146/175 594/901/806 566/147/176
f 1409/926/916 1366/927/825 1428/959/895
f 1387/928/917 1367/902/841 1410/961/896
f 1339/867/899 1374/903/918 1455/962/898
f 581/846/742 1418/869/741 542/974/919
f 1418/904/813 1419/963/903 1430/975/920
s 0
f 1430/975/921 1419/963/922 1431/976/170
f 1419/963/182 1420/964/183 1431/976/184
f 1420/964/170 1421/965/170 1431/976/170
s 1
f 1421/965/906 1416/912/923 1431/976/924
f 1416/912/923 1433/977/925 1432/978/926
f 1340/870/846 1376/930/907 1416/912/927
f 564/979/928 1422/967/912 1308/812/687
f 1422/967/912 1307/811/686 1308/812/687
f 600/890/793 1434/957/891 1369/891/794
f 1452/980/929 1377/905/875 1395/947/877
f 1557/892/796 1213/681/545 1436/893/797
f 1437/981/930 1438/982/305 1439/983/931
f 1438/982/305 1404/547/413 1439/983/931
f 1404/547/413 582/798/669 1439/983/931
f 1442/908/221 1370/895/800 1406/939/181
f 1707/984/932 1406/939/181 1633/985/180
f 1314/150/178 1425/971/170 1533/986/170
f 1533/986/170 1425/971/170 1444/987/170
f 1444/987/170 1425/988/170 1445/989/933
f 1445/989/933 1425/972/170 1486/148/177
f 565/990/934 1407/950/894 594/901/837
f 1374/903/918 1318/868/845 1375/886/781
f 1447/991/935 1354/887/900 581/846/902
f 581/846/936 1429/992/937 1412/993/938
f 1449/994/920 1418/904/813 1450/995/920
f 1418/904/813 1430/975/920 1450/995/920
s 0
f 1450/995/182 1430/975/183 1451/996/184
f 1430/975/185 1431/976/183 1451/996/182
s 1
f 1431/976/924 1416/912/923 1451/996/924
f 1376/930/907 584/936/939 1416/912/927
f 571/888/791 1422/967/912 564/979/928
f 1404/547/413 1438/982/305 1437/997/930
f 1439/983/931 582/798/669 1437/997/930
f 1530/998/940 582/798/669 620/486/170
f 1483/999/212 1361/896/801 1360/144/173
f 589/860/731 1362/881/372 1237/690/546
f 1533/986/170 1444/987/170 1486/148/177
f 1444/987/170 1445/989/933 1486/148/177
f 1446/1000/941 1407/950/941 565/990/941
f 1408/952/881 1332/861/883 1454/924/838
f 1410/961/896 1388/929/843 1455/962/898
f 1447/991/942 581/846/936 1412/993/938
f 1429/992/937 581/846/936 542/974/943
f 542/974/919 1418/869/741 547/1001/944
f 1432/978/945 1418/904/813 1457/1002/946
f 1418/904/813 1449/994/920 1457/1002/947
s 0
f 1457/1002/618 1449/994/618 1458/1003/618
f 1449/994/185 1450/995/183 1458/1003/182
f 1450/995/384 1451/996/384 1458/1003/384
s 1
f 1451/996/924 1416/912/923 1458/1003/948
f 1416/912/923 1432/978/926 1458/1003/948
f 1416/912/927 584/936/939 1433/977/949
f 584/936/868 569/966/908 1459/1004/950
f 583/889/890 1401/946/951 1400/945/873
f 1400/945/873 1401/946/951 1545/1005/952
f 1545/1005/952 1401/946/951 1369/937/953
f 573/849/724 1402/906/798 1435/797/324
f 1404/547/413 1437/997/930 1547/914/833
f 1547/914/833 1437/997/930 582/798/669
f 568/787/170 592/836/170 563/1006/305
f 1462/1007/170 1463/1008/170 1464/1009/170
f 1464/1010/170 1463/1011/170 1465/1012/302
f 1465/1012/302 1463/1013/170 1466/1014/170
f 1463/1013/170 1462/1015/170 1466/1014/170
f 1462/1016/170 592/836/170 1466/1017/170
f 592/836/170 591/837/170 1466/1017/170
f 1467/1018/170 1468/1019/170 1466/1020/170
f 1466/1020/170 1468/1019/170 1469/1021/170
s 0
f 1468/1022/322 1467/1018/322 1470/1023/322
s 1
f 1470/1023/170 1467/1018/170 1466/1020/170
f 591/940/170 1472/1024/170 1473/1025/170
f 1472/1024/170 1471/1026/170 1473/1025/170
f 1473/1025/170 1471/1027/170 1474/1028/178
f 1471/1029/170 1472/1024/170 1361/896/801
f 1472/1024/170 591/940/170 1361/896/801
f 625/737/647 1385/958/892 588/789/954
f 1385/958/892 562/1030/955 588/789/954
f 1409/926/916 1428/959/895 1454/924/956
f 1429/992/937 542/974/943 1456/1031/957
f 547/1032/958 1418/904/813 1432/978/945
f 1457/1002/959 1458/1003/959 1432/978/959
f 1432/978/926 1433/977/925 1529/1033/960
f 571/888/911 564/979/961 569/966/909
f 1400/1034/873 1545/1035/952 561/1036/962
f 573/849/724 1435/797/324 1477/1037/963
f 1477/1037/963 1479/1038/353 1478/1039/964
f 1479/1040/353 1477/1037/963 1480/1041/965
f 1480/1041/965 1477/1037/963 1435/797/324
f 1611/1042/170 568/787/170 563/1006/305
f 1462/1016/170 1464/1043/170 592/836/170
f 1465/1012/302 1466/1014/170 1464/1010/170
f 1464/1043/170 1466/1020/170 1495/1044/212
f 1466/1020/170 1469/1021/170 1495/1044/212
f 1469/1021/170 1468/1022/170 1495/1044/212
f 1468/1022/170 1470/1023/170 1495/1044/212
f 1495/1044/212 1470/1023/170 591/940/170
f 1470/1023/170 1466/1020/170 591/940/170
f 1473/1025/170 1474/1028/178 591/940/170
f 591/940/170 1474/1028/178 1483/999/212
f 1474/1028/178 1471/1029/170 1483/999/212
f 1471/1029/170 1361/896/801 1483/999/212
f 1442/908/221 1406/939/181 1509/1045/966
f 565/990/934 594/901/837 1427/146/967
f 1538/145/968 566/147/862 1489/941/863
f 1428/959/969 1387/960/917 1524/1046/970
f 1387/960/917 1410/1047/896 1524/1046/970
f 1491/1048/971 561/1036/962 1545/1035/952
f 1545/1035/952 1369/1049/953 1502/1050/972
f 1476/1051/973 1377/905/875 1452/980/929
f 1477/1037/963 1478/1039/964 573/849/724
f 573/849/724 1478/1039/964 1557/892/796
f 1478/1039/964 1479/1052/353 1557/892/796
f 1479/1052/353 1480/1041/965 1557/892/796
f 1557/892/796 1480/1041/965 1435/797/324
f 1357/785/656 1547/914/833 1481/1053/974
f 1547/914/833 582/798/669 560/1054/975
f 1493/1055/170 1492/1056/200 1494/1057/976
f 1494/1057/976 1492/1056/200 1530/998/940
f 563/1006/305 592/836/170 1495/1044/212
f 1464/1043/170 1495/1044/212 592/836/170
f 1495/1044/212 591/940/170 1483/999/212
f 1508/948/296 1484/894/798 543/1058/977
f 1302/803/305 1729/970/914 1328/763/193
f 588/789/954 562/1030/955 554/1059/978
f 1407/950/879 1446/1000/979 1385/958/893
f 1497/1060/980 1577/1061/980 1498/1062/980
f 1522/1063/981 1498/1062/982 1454/924/838
f 1498/1062/982 1577/1061/983 1454/924/838
f 1454/924/956 1428/959/895 1499/1064/984
f 1455/962/898 1374/903/918 1578/1065/985
f 1354/887/900 1447/991/935 1375/886/781
f 1377/905/875 1476/1051/973 1434/957/986
f 1436/893/797 1357/785/656 1481/1053/974
f 1705/1066/289 1530/998/940 1505/1067/403
f 1530/998/940 1492/1056/200 1505/1067/403
f 1492/1056/200 1493/1068/170 1505/1067/403
f 1493/1069/170 1494/1057/976 620/486/170
f 1494/1057/976 1530/998/940 620/486/170
f 1360/144/173 557/143/171 1483/999/212
f 1483/999/212 557/143/171 1507/1070/987
s 0
f 557/143/988 558/140/438 1507/1070/989
s 1
f 558/140/170 559/142/172 1507/1070/987
f 1507/1070/987 559/142/172 1360/144/173
f 1288/775/288 1262/758/631 1634/1071/990
f 1262/758/631 1729/970/914 1634/1071/990
f 1767/1072/991 1362/881/372 589/860/731
f 866/329/305 1314/150/178 1533/986/170
f 1534/1073/992 1511/1074/993 1512/1075/994
f 1534/1073/995 1486/148/177 1511/1074/996
f 540/1076/997 1486/148/177 1534/1073/995
f 554/1059/978 555/1077/998 588/789/954
f 550/138/999 553/139/169 554/1059/1000
f 554/1059/1000 553/139/169 1513/1078/1001
f 1513/1078/1002 553/139/1002 1514/1079/1002
s 0
f 553/139/438 552/137/438 1514/1079/438
f 1514/1079/322 552/137/322 551/1080/322
s 1
f 551/136/1003 550/138/1003 1515/1081/1003
f 1515/1081/1004 550/138/1005 1516/1082/1006
f 550/138/1005 549/1083/1007 1516/1082/1006
f 1516/1082/1008 549/1083/1009 1517/1084/1009
s 0
f 549/1083/438 1518/1085/438 1517/1084/438
f 1517/1084/438 1518/1085/438 1519/1086/438
s 1
f 1520/1087/1010 1519/1088/1010 562/1030/1010
f 1519/1088/1011 1518/1085/1012 562/1030/1013
f 1518/1085/1012 549/1083/1014 562/1030/1013
f 549/1083/1015 550/138/999 562/1030/1016
f 550/138/999 554/1059/1000 562/1030/1016
f 1385/958/893 1446/1000/979 565/990/1017
f 565/990/934 1427/146/967 1496/1089/1018
f 1577/1061/1019 1497/1060/1020 1521/1090/1021
f 1522/1063/1022 1454/924/1023 1523/1091/1022
f 1524/1046/970 1499/1064/1024 1428/959/969
f 1456/1031/957 542/974/943 548/1092/1025
f 1525/1093/1026 547/1032/958 1526/1094/1027
f 1526/1094/1027 547/1032/958 1527/1095/1027
f 1527/1095/1027 547/1032/958 1528/1096/1028
f 547/1032/958 1432/978/945 1528/1096/1028
f 569/966/908 1583/1097/1029 1459/1004/950
f 544/1098/1030 569/966/909 564/979/961
f 546/1099/1031 564/1100/928 1400/1034/1032
f 564/979/928 1308/812/687 1400/945/1032
f 1502/1101/972 1369/891/953 1434/957/1033
f 1505/1067/403 1493/1069/170 1705/1066/289
f 1493/1069/170 620/486/170 1705/1066/289
f 1483/999/212 1507/1070/987 1495/1044/212
f 1507/1070/987 1360/144/173 1495/1044/212
f 1495/1044/212 1360/144/173 1508/948/296
f 1767/1072/991 589/860/731 1423/949/288
f 1397/973/915 1601/1102/1034 1486/1103/1035
f 588/789/659 1635/1104/1036 1397/973/915
f 555/1077/1037 554/1059/1000 1513/1078/1001
f 1513/1078/1038 1514/1079/1039 1535/1105/1040
f 1514/1079/1039 551/1080/1041 1535/1105/1040
f 551/1080/1042 1515/1081/1043 1535/1105/1040
f 1515/1081/1043 1516/1082/1044 1535/1105/1040
f 1517/1084/1009 1519/1086/1045 1516/1082/1008
f 1519/1086/1045 1520/1087/1046 1516/1082/1047
f 1516/1082/1048 1520/1087/1048 1536/1106/1048
f 1520/1087/1049 562/1030/1049 1536/1106/1049
f 1385/958/893 565/990/1017 562/1030/1050
f 565/990/1017 1496/1089/1051 562/1030/1050
f 1408/952/881 1454/924/838 1577/1061/983
f 1577/1061/1019 1521/1090/1021 1552/1107/1052
f 1521/1090/1021 1497/1108/1053 1552/1107/1052
f 1497/1108/1053 1498/1109/1054 1552/1107/1052
f 1498/1109/1054 1522/1110/1055 1552/1107/1052
f 1552/1107/1052 1522/1110/1055 1454/924/956
f 1552/1107/1052 1454/924/956 1499/1064/984
f 1565/1111/1056 1410/1047/1057 1455/1112/898
f 1578/1065/985 1374/903/918 1375/886/781
f 1541/1113/1058 547/1032/958 1542/1114/1059
f 1542/1114/1059 547/1032/958 1543/1115/1058
f 547/1032/958 1525/1093/1026 1543/1115/1058
s 0
f 1543/1115/1026 1525/1093/1060 1544/1116/170
f 1525/1093/849 1526/1094/848 1544/1116/1061
f 1526/1094/850 1527/1095/848 1544/1116/849
f 1527/1095/170 1528/1096/170 1544/1116/170
s 1
f 1528/1096/1062 1432/978/1063 1544/1116/1064
f 1529/1033/1065 1433/977/949 584/936/939
f 1583/1097/1029 569/966/908 544/1098/1066
f 1452/980/929 1395/947/1067 573/849/1068
f 1513/1078/1038 1535/1105/1040 1549/1117/1069
f 1516/1082/1044 1536/1106/1070 1535/1105/1040
f 1535/1105/1040 1536/1106/1070 1549/1117/1069
f 1536/1106/1070 562/1030/1050 1549/1117/1069
f 1549/1117/1069 562/1030/1050 1496/1089/1051
f 1496/1089/1051 1537/1118/1071 1549/1117/1069
f 1408/952/881 1551/1119/1072 1489/942/882
f 1410/1047/1057 1565/1111/1056 1697/1120/1073
f 1578/1065/985 1375/886/781 1447/991/935
f 1447/991/942 1412/993/938 1553/1121/1074
f 1412/993/1075 1429/992/1076 1500/1122/1077
f 1554/1123/1027 547/1032/958 1555/1124/1027
f 547/1032/958 1541/1113/1058 1555/1124/1027
s 0
f 1555/1124/1078 1541/1113/1079 1556/1125/170
f 1541/1113/182 1542/1114/183 1556/1125/184
f 1542/1114/185 1543/1115/183 1556/1125/182
f 1543/1115/185 1544/1116/183 1556/1125/182
s 1
f 1544/1116/1064 1432/978/1063 1556/1125/1080
f 584/936/939 1459/1004/1081 1529/1033/1065
f 546/1099/1031 1400/1034/1032 545/1126/1082
f 1434/957/1033 1476/1051/1083 1502/1101/972
f 1585/1127/349 1442/908/221 1509/1045/966
f 1351/151/179 1443/897/802 1687/1128/1084
f 1559/1129/1085 609/841/262 1560/1130/195
f 1560/1130/195 609/841/262 1561/1131/289
f 866/329/305 1561/1131/289 609/841/262
f 1512/1075/994 1511/1074/993 1601/1132/1086
f 1511/1074/993 1486/148/1087 1601/1132/1086
f 1397/973/915 1635/1104/1036 1601/1102/1034
f 1537/1118/1071 1550/1133/1088 1549/1117/1069
f 1524/1046/1089 1410/1047/1057 1697/1120/1073
f 1565/1111/1056 1455/1112/898 1578/1134/985
f 1567/1135/1027 547/1032/958 1568/1136/1027
f 547/1032/958 1554/1123/1027 1568/1136/1027
s 0
f 1568/1136/384 1554/1123/384 1569/1137/384
f 1554/1123/185 1555/1124/183 1569/1137/182
f 1555/1124/185 1556/1125/183 1569/1137/182
s 1
f 1556/1125/1080 1432/978/1063 1569/1137/1090
f 544/1138/1030 564/1100/961 546/1099/1091
f 1502/1101/972 1476/1051/1083 1570/1139/1092
f 560/1054/975 582/798/669 1530/998/940
f 1687/1128/1084 1443/897/802 1485/969/640
f 1634/1071/990 1485/969/640 590/840/707
f 590/840/707 1288/775/288 1634/1071/990
f 1656/1140/1093 1729/970/914 1302/803/305
f 1302/776/305 1362/881/372 1767/1072/991
f 609/841/262 1559/1129/1085 1533/986/170
f 1533/986/170 1559/1129/1085 1560/1141/195
f 1561/1131/289 866/329/305 1560/1141/195
f 1587/1142/1094 540/1076/997 1534/1073/995
f 555/1077/1095 1513/1078/1038 1549/1117/1069
f 1550/1133/1088 541/1143/1096 1549/1117/1069
f 1550/1133/1088 1537/1118/1071 1496/1089/1051
f 1496/1089/1018 1427/146/967 1576/1144/1097
f 1551/1119/1072 1408/952/881 1577/1061/983
f 1579/1145/1098 1429/992/1076 1456/1031/1099
f 542/974/919 547/1001/944 1580/1146/1100
f 1592/1147/1027 547/1032/958 1581/1148/1027
f 547/1032/958 1567/1135/1027 1581/1148/1027
s 0
f 1581/1148/755 1567/1135/755 1582/1149/755
f 1567/1135/185 1568/1136/183 1582/1149/182
f 1568/1136/185 1569/1137/183 1582/1149/182
s 1
f 1569/1137/1090 1432/978/1063 1582/1149/1101
f 1432/978/926 1529/1033/960 1582/1149/1102
f 545/1126/1082 1400/1034/1032 1584/1150/1103
f 1400/1034/1032 561/1036/1104 1584/1150/1103
f 1452/980/929 573/849/1068 1476/1051/973
f 1804/1151/289 1423/949/288 609/841/262
f 1560/1141/195 866/329/305 1533/986/170
f 1635/1104/1105 588/789/954 555/1077/998
f 1638/1152/1106 1550/1133/1088 1496/1089/1051
f 1489/942/882 1551/1119/1072 1616/1153/1107
f 1552/1107/1108 1499/1064/1024 1588/1154/1109
f 1697/1120/1073 1565/1111/1056 1676/1155/1110
f 1589/1156/1111 547/1032/958 1590/1157/1112
f 1590/1157/1112 547/1032/958 1591/1158/1058
f 547/1032/958 1592/1147/1027 1591/1158/1058
s 0
f 1581/1148/185 1582/1149/183 1592/1159/182
s 1
f 1582/1149/1113 1529/1033/1114 1592/1159/1115
f 1529/1033/1065 1459/1004/1081 1583/1097/1116
f 544/1138/1030 546/1099/1091 1593/1160/1117
f 561/1036/1104 1491/1048/1118 1661/1161/1119
f 537/1162/1120 1502/1101/1121 1570/1139/1122
f 1571/1163/1123 1570/1139/1092 1476/1051/1083
f 1557/892/796 1436/893/797 1481/1053/974
f 639/684/170 539/1164/305 1440/799/170
f 1440/799/170 539/1164/305 1595/1165/170
f 1595/1165/170 539/1166/305 1596/1167/1124
f 1596/1167/1124 539/1164/305 639/684/170
f 1598/1168/178 1597/1169/170 1599/1170/170
f 1597/1169/170 1611/1042/170 1599/1170/170
f 1611/1042/170 563/1006/305 1599/1170/170
f 1495/1044/212 1508/948/296 1761/1171/1125
f 1351/151/179 1687/1128/1084 1633/152/180
f 1533/986/170 1486/148/177 540/1076/997
f 541/1143/1126 1550/1133/1126 1638/1152/1126
f 1638/1152/1127 1496/1089/1018 1576/1144/1097
f 1576/1144/1128 1427/146/175 1692/1172/1129
f 1692/1172/1129 1427/146/175 1538/145/174
f 1551/1119/1130 1577/1061/1019 1602/1173/1131
f 1565/1111/1056 1578/1134/985 1676/1155/1110
f 1429/992/1076 1579/1145/1098 1500/1122/1077
f 1603/1174/1132 1456/1031/1099 548/1092/1133
f 547/1032/1134 1589/1156/1135 1604/1175/1136
f 1604/1175/1137 1589/1156/1137 1605/1176/1137
s 0
f 1589/1156/182 1590/1157/183 1605/1176/184
f 1590/1157/185 1591/1158/183 1605/1176/182
f 1591/1158/185 1592/1159/183 1605/1176/182
s 1
f 1592/1159/1115 1529/1033/1114 1605/1176/1138
f 1759/1177/1139 1529/1178/960 1679/1179/1140
f 1607/1180/1141 1606/1181/1141 1608/1182/1141
f 1606/1181/1142 544/1138/1142 1608/1182/1142
f 544/1138/1143 1593/1160/1143 1608/1182/1143
f 1608/1182/1144 1593/1160/1145 1609/1183/1146
f 1476/1051/1083 1629/1184/1147 1571/1163/1123
f 1440/799/170 1595/1165/170 1441/968/170
f 1595/1165/170 1596/1167/1124 1441/968/170
f 1596/1167/1124 639/684/170 1441/968/170
f 1611/1042/170 1597/1169/170 518/1185/170
f 1597/1169/170 1598/1186/178 518/1185/170
f 518/1185/170 1598/1186/178 1612/1187/302
f 1598/1188/178 1599/1170/170 1612/1187/302
f 1599/1170/170 563/1006/305 1612/1187/302
f 1612/1187/302 563/1006/305 518/1185/170
f 1587/1142/1148 1534/1073/1149 1657/1189/1150
f 1534/1073/992 1512/1075/994 1657/1189/1151
f 1635/1104/1105 555/1077/998 1636/1190/1152
f 1549/1117/1069 541/1143/1096 555/1077/1095
f 541/1143/1096 1638/1152/1153 555/1077/1095
f 1602/1173/1131 1577/1061/1019 1552/1107/1052
f 1580/1146/1154 548/1092/1025 542/974/943
f 1620/1191/1026 547/1032/1134 1621/1192/1027
f 1621/1192/1027 547/1032/1134 1622/1193/1155
f 1622/1193/1155 547/1032/1134 1604/1175/1136
f 1605/1176/1138 1529/1033/1114 1604/1175/1156
f 1623/1194/1157 1583/1195/1029 544/1138/1066
f 544/1138/1066 1606/1181/1158 1623/1194/1157
f 1606/1181/1158 1607/1180/1159 1623/1194/1157
f 1623/1194/1157 1607/1180/1159 1624/1196/1160
s 0
f 1607/1180/618 1608/1182/618 1624/1196/618
f 1608/1182/170 1609/1183/170 1624/1196/170
f 1624/1196/755 1609/1183/755 1625/1197/755
f 1625/1197/755 1609/1183/755 1626/1198/755
f 1626/1198/185 1609/1183/183 1627/1199/182
s 1
f 1609/1183/1146 1593/1160/1145 1627/1199/1161
f 538/1200/1162 545/1126/1163 1584/1150/1164
f 561/1036/1104 1610/1201/1165 1584/1150/1103
f 1661/1161/1166 1491/1048/1167 1647/1202/1168
f 1491/1048/1167 1545/1035/1169 1647/1202/1168
f 1647/1202/1170 1545/1035/1171 1502/1050/1172
f 1594/1203/1173 1570/1139/1174 1571/1163/1175
f 1629/1184/1147 1476/1051/1083 536/1204/1176
f 1508/948/296 543/1058/977 1761/1171/1125
f 570/909/820 1442/908/221 1779/1205/1177
f 1442/908/221 1585/1127/349 1632/1206/1178
f 1509/1045/966 1406/939/181 1707/984/932
f 1538/145/968 1489/941/863 1692/1172/1179
f 1692/1172/1179 1489/941/863 1615/1207/1180
f 1489/941/882 1616/1208/1107 1693/1209/1181
f 1588/1154/1109 1499/1064/1024 1524/1046/970
f 1578/1065/1182 1447/991/942 1553/1121/1074
f 1412/993/1075 1500/1122/1077 1640/1210/1183
f 1500/1122/1184 1618/1211/1185 1640/1210/1186
f 1579/1145/1098 1456/1031/1099 1603/1174/1132
f 1641/1212/1059 547/1032/1134 1642/1213/1112
f 1642/1213/1112 547/1032/1134 1643/1214/1058
f 547/1032/1134 1620/1191/1026 1643/1214/1058
s 0
f 1643/1214/1079 1620/1191/1058 1644/1215/1187
f 1620/1191/182 1621/1192/183 1644/1215/184
f 1621/1192/185 1622/1193/183 1644/1215/182
s 1
f 1622/1193/1188 1604/1175/1188 1644/1215/1188
f 1604/1175/1156 1529/1033/1114 1644/1215/1189
f 1679/1179/1190 1529/1178/1065 1583/1195/1116
f 1624/1196/1160 1625/1197/1160 1623/1194/1157
f 1625/1197/1160 1626/1198/1160 1623/1194/1157
f 1623/1194/1157 1626/1198/1160 1645/1216/1191
s 0
f 1626/1198/183 1627/1199/182 1645/1216/185
f 1645/1216/183 1627/1199/184 1646/1217/182
s 1
f 1627/1199/1161 1593/1160/1145 1646/1217/1192
f 546/1099/1091 545/1126/1193 1593/1160/1117
f 538/1200/1162 1584/1150/1164 1610/1201/1162
f 1647/1202/1170 1502/1050/1172 537/1218/1194
f 536/1204/1176 1476/1051/1083 534/135/165
f 534/135/165 1476/1051/1083 535/133/163
f 533/134/164 535/133/163 1680/1219/1195
f 1476/1051/1196 573/849/1197 1557/892/1198
f 1557/892/796 1481/1053/974 1630/1220/1199
f 1481/1053/974 1547/914/833 1630/1220/1199
f 560/1054/975 1530/998/940 1630/1220/1199
f 1530/998/940 1705/1066/289 1630/1220/1199
f 1650/1221/170 1649/1222/170 1651/1223/170
f 1651/1223/170 1649/1222/170 568/787/170
f 1649/1222/170 1441/968/170 568/787/170
f 568/787/170 1653/1224/170 1654/1225/170
f 1653/1224/170 1652/1226/170 1654/1225/170
f 1654/1225/170 1652/1227/170 1705/1066/289
f 1705/1066/289 1652/1227/170 1655/1228/170
f 1652/1229/170 1653/1224/170 1655/1228/170
f 1655/1228/170 1653/1224/170 1611/1042/170
f 1653/1224/170 568/787/170 1611/1042/170
f 518/1185/170 507/1230/289 1611/1042/170
f 1656/1140/1093 1302/803/305 1767/1231/991
f 1533/986/170 540/1076/997 530/1232/1200
f 540/1076/997 1587/1142/1094 530/1232/1200
f 1636/1190/1152 1669/1233/1201 1635/1104/1105
f 529/1234/1202 1669/1233/1203 1636/1190/1036
f 1638/1152/1153 1637/1235/1204 555/1077/1095
f 1489/941/882 1693/1209/1181 1615/1207/1205
f 1696/1236/1206 1602/1173/1207 1552/1107/1108
f 1588/1154/1208 1524/1046/1089 1697/1120/1073
f 1639/1237/1209 1676/1155/1210 521/1238/1211
f 521/1238/1211 1676/1155/1210 1578/1134/1212
f 1640/1210/1186 1618/1211/1185 1734/1239/1213
f 548/1092/1025 1580/1146/1154 528/1240/1214
f 547/1001/944 1658/1241/1215 1580/1146/1100
f 1759/1242/1216 547/1001/958 1659/1243/1217
f 547/1032/1134 1641/1212/1059 1659/1244/1218
s 0
f 1659/1244/384 1641/1212/384 1660/1245/384
f 1641/1212/185 1642/1213/183 1660/1245/182
f 1642/1213/1219 1643/1214/1220 1660/1245/1221
f 1643/1214/185 1644/1215/183 1660/1245/182
s 1
f 1644/1215/1222 1529/1033/960 1660/1245/1223
f 1660/1245/1223 1529/1033/960 1759/1246/1139
f 1645/1216/1191 1646/1217/1224 1623/1194/1157
f 1646/1217/1224 1593/1160/1225 1623/1194/1226
f 1610/1201/1165 561/1036/1104 1661/1161/1119
f 1441/968/170 1649/1222/170 1662/1247/170
f 1649/1222/170 1650/1248/170 1662/1247/170
f 1662/1247/170 1650/1249/170 1705/1066/289
f 1650/1249/170 1651/1223/170 1705/1066/289
f 1651/1223/170 568/787/170 1705/1066/289
f 568/787/170 1654/1225/170 1705/1066/289
f 1705/1066/289 1655/1228/170 1611/1042/170
f 1767/1072/991 1423/949/288 1804/1151/289
f 1663/1250/1227 1666/1251/1228 1667/1252/1229
f 1663/1253/1230 1664/1254/1231 1671/1255/1232
f 1689/1256/1233 1663/1250/1227 1667/1252/1229
f 1663/1253/1230 1668/1257/1234 1666/1258/1235
f 1663/1253/1230 1671/1255/1232 1668/1257/1234
f 1636/1190/1036 555/1077/1095 1691/1259/1236
f 555/1077/1095 1637/1235/1204 1691/1259/1236
f 521/1238/1211 1578/1134/1212 1553/1260/1237
f 1618/1211/1185 1500/1122/1184 1579/1145/1238
f 548/1092/1133 528/1240/1239 1603/1174/1132
f 528/1240/1214 1580/1146/1154 1684/1261/1240
f 1658/1241/1241 547/1001/958 1759/1242/1216
f 1659/1244/1242 1660/1245/1242 1759/1246/1242
f 1583/1195/1116 1623/1194/1243 1679/1179/1190
f 545/1126/1193 538/1200/1244 1593/1160/1117
f 537/1162/1120 1570/1139/1122 1648/1262/1245
f 525/1263/1246 1680/1219/1195 535/133/163
f 525/1263/1247 1476/1051/1196 1557/892/1198
f 1547/914/833 560/1054/975 1630/1220/1199
f 1441/968/170 1662/1247/170 1705/1066/289
f 1533/986/170 530/1232/1200 1804/1151/289
f 1657/1189/1151 1512/1075/994 1708/1264/1248
f 1691/1259/1249 1637/1235/1250 1682/1265/1251
f 1754/1266/1252 1576/1144/1128 1692/1172/1129
f 1696/1236/1206 1552/1107/1108 1588/1154/1109
f 1675/1267/1253 1697/1120/1073 1676/1155/1110
f 1553/1121/1254 1412/993/1075 1677/1268/1255
f 1678/1269/1256 528/1240/1239 1684/1261/1257
f 1593/1160/1117 538/1200/1244 1685/1270/1258
f 1570/1139/1174 1594/1203/1173 1648/1262/1259
f 1703/1271/1260 1629/1184/1260 1760/1272/1260
f 1629/1184/1261 536/1204/1261 1760/1272/1261
f 533/134/1262 1680/1219/1263 531/1273/1264
f 535/133/1265 1476/1051/1265 525/1263/1265
f 1705/1066/289 620/486/170 1440/799/170
f 563/1006/305 1495/1044/212 1761/1171/1125
f 543/1058/977 1484/894/798 1761/1171/1125
f 1669/1233/1201 1664/1254/1266 1635/1104/1105
f 1664/1254/1266 1663/1253/1267 1635/1104/1105
f 1664/1254/1268 1669/1233/1268 529/1234/1268
f 1682/1265/1251 1637/1235/1250 1638/1152/1269
f 1711/1274/1270 1616/1208/1271 1694/1275/1272
f 1695/1276/1273 1694/1275/1272 1616/1208/1271
f 1616/1153/1274 1551/1119/1130 1602/1173/1131
f 1808/1277/1275 1602/1173/1207 1696/1236/1206
f 1696/1236/1276 1588/1154/1208 1697/1120/1073
f 510/1278/1277 1676/1155/1210 1639/1237/1209
f 1734/1239/1278 1756/1279/1279 1735/1280/1280
f 1734/1239/1213 1618/1211/1185 1756/1279/1281
f 1700/1281/1282 1685/1270/1283 1699/1282/1282
f 1699/1282/1284 1685/1270/1285 1701/1283/1284
f 1701/1283/1284 1685/1270/1285 1702/1284/1286
f 1702/1284/1286 1685/1270/1285 1725/1285/1287
f 1725/1285/1288 1685/1270/1258 538/1200/1244
f 1749/1286/1289 1647/1202/1290 537/1218/1291
f 525/1263/1247 1557/892/1198 1630/1220/1292
f 1440/799/170 1441/968/170 1705/1066/289
f 1705/1066/289 1611/1042/170 507/1230/289
f 518/1185/170 563/1006/305 526/1287/305
f 609/841/262 1533/986/170 1804/1151/289
f 1657/1189/1150 1688/1288/1293 1587/1142/1148
f 1512/1075/994 1601/1132/1086 1708/1264/1294
f 1671/1255/1295 1664/1254/1295 1668/1257/1295
f 1668/1257/1296 1664/1254/1297 529/1234/1202
f 1638/1152/1127 1576/1144/1097 1682/1265/1298
f 1682/1265/1298 1576/1144/1097 524/1289/1299
f 1616/1208/1300 1711/1274/1301 1693/1209/1302
f 1693/1209/1303 1711/1274/1304 1710/1290/1305
s 0
f 1711/1291/322 1694/1275/322 1712/1292/322
f 1694/1275/438 1695/1276/438 1712/1292/438
f 1712/1292/438 1695/1276/438 1713/1293/438
s 1
f 1695/1276/1273 1616/1208/1271 1713/1293/1306
f 1696/1236/1276 1697/1120/1073 511/1294/1307
f 521/1238/1308 1553/1260/1308 1677/1295/1308
f 1580/1146/1100 1658/1241/1215 1698/1296/1309
f 517/1297/1310 1679/1179/1190 1623/1194/1243
f 1623/1194/1226 1593/1160/1225 1685/1270/1311
f 1685/1270/1312 1700/1281/1312 1742/1298/1312
f 1700/1281/1313 1699/1299/1313 1742/1298/1314
f 1742/1298/1314 1699/1299/1313 1714/1300/1315
s 0
f 1699/1282/1220 1701/1283/1221 1714/1300/1219
f 1714/1300/183 1701/1283/184 1715/1301/182
f 1701/1283/170 1702/1284/170 1715/1301/170
f 1715/1301/384 1702/1284/384 1716/1302/384
f 1716/1302/183 1702/1284/184 1717/1303/182
s 1
f 1742/1298/1314 1717/1303/1316 1718/1304/1315
s 0
f 1717/1303/185 1702/1284/183 1718/1304/182
s 1
f 1702/1284/1317 1725/1285/1318 1718/1304/1318
f 1718/1304/1318 1725/1285/1318 1719/1305/1317
f 1719/1305/1317 1725/1285/1318 1720/1306/1319
f 1720/1306/1319 1725/1285/1318 1721/1307/1320
s 0
f 1722/1308/170 1721/1307/170 1723/1309/170
f 1723/1309/618 1721/1307/384 1724/1310/1292
s 1
f 1721/1307/1320 1725/1285/1318 1724/1310/1321
f 1610/1201/1322 1661/1161/1323 1647/1202/1324
f 1703/1271/1325 1594/1203/1326 1571/1163/1327
f 534/135/1328 533/134/1329 1704/1311/1330
f 533/134/1329 531/1273/1331 1704/1311/1330
f 1680/1219/1195 525/1263/1246 1751/1312/1332
f 518/1185/170 526/1287/305 1727/1313/1093
f 526/1287/305 523/1314/210 1727/1313/1093
f 523/1314/210 522/1315/931 1727/1313/1093
f 1727/1313/1093 522/1316/931 1761/1171/1125
f 522/1316/931 523/1314/210 1761/1171/1125
f 523/1314/210 526/1287/305 1761/1171/1125
f 563/1006/305 1761/1171/1125 526/1287/305
f 1484/894/798 570/909/820 506/1317/320
f 1858/1318/1333 530/1232/1334 1587/1142/1148
f 1635/1104/1105 1663/1253/1267 1601/1102/1335
f 1663/1250/1267 1689/1256/1336 1601/1319/1335
f 1730/1320/1337 1690/1321/1338 1689/1256/1339
f 1668/1257/1296 529/1234/1202 1709/1322/1340
f 529/1234/1202 1636/1190/1036 1709/1322/1340
f 1709/1322/1340 1636/1190/1036 1691/1259/1236
f 1754/1266/1252 524/1289/1341 1576/1144/1128
f 1693/1209/1303 1710/1290/1305 1764/1323/1342
f 1710/1290/1305 1711/1291/1343 1764/1323/1342
f 1711/1291/1343 1712/1292/1344 1764/1323/1342
f 1712/1292/1344 1713/1293/1345 1764/1323/1342
f 1713/1293/1346 1616/1208/1274 1764/1323/1342
f 1764/1324/1342 1616/1153/1274 1602/1173/1131
f 1675/1267/1347 1676/1155/1210 510/1278/1277
f 1639/1237/1348 521/1238/1349 1733/1325/1350
f 1759/1177/1139 1679/1179/1140 517/1297/1351
f 1685/1270/1311 1742/1298/1352 1623/1194/1226
f 1714/1300/1315 1715/1301/1315 1742/1298/1314
f 1715/1301/1315 1716/1302/1315 1742/1298/1314
f 1716/1302/1315 1717/1303/1316 1742/1298/1314
f 1742/1298/1314 1718/1304/1315 1737/1326/1315
s 0
f 1718/1304/183 1719/1305/182 1737/1326/185
f 1737/1326/384 1719/1305/384 1738/1327/384
f 1738/1327/384 1719/1305/384 1739/1328/384
f 1719/1305/183 1720/1306/182 1739/1328/185
s 1
f 1739/1328/1353 1720/1306/1315 1742/1298/1314
f 1742/1298/1314 1720/1306/1315 1740/1329/1353
s 0
f 1720/1306/848 1721/1307/849 1740/1329/850
f 1721/1307/182 1722/1308/185 1740/1329/183
s 1
f 1740/1329/1353 1722/1308/1315 1742/1298/1314
f 1722/1308/1315 1723/1309/1315 1742/1298/1314
f 1742/1298/1314 1723/1309/1315 1741/1330/1354
s 0
f 1723/1309/1355 1724/1310/1356 1741/1330/1357
s 1
f 1741/1330/1354 1724/1310/1358 1742/1298/1314
f 1724/1310/1359 1725/1285/1360 1742/1298/1314
f 1725/1285/1361 1743/1331/1361 1744/1332/1361
s 0
f 1746/1333/170 1745/1334/170 1747/1335/170
f 1745/1334/185 1743/1331/183 1747/1335/182
s 1
f 1747/1335/1362 1743/1331/1363 1748/1336/1364
f 1743/1331/1365 1725/1285/1366 1748/1336/1367
f 1748/1336/1368 1725/1285/1288 1610/1201/1322
f 1725/1285/1288 538/1200/1244 1610/1201/1322
f 1629/1184/1369 1703/1271/1325 1571/1163/1327
f 516/1337/1370 1726/1338/1371 1751/1312/1332
f 1726/1338/1371 1680/1219/1195 1751/1312/1332
f 1727/1313/1093 1761/1171/1125 518/1185/170
f 1804/1151/1372 530/1232/1334 1858/1318/1333
f 1690/1321/1373 1805/1339/1374 520/1340/1375
f 1689/1256/1339 1667/1252/1376 1730/1320/1337
f 1754/1266/1377 1692/1172/1179 1755/1341/1378
f 1808/1277/1379 1696/1236/1276 511/1294/1307
f 1677/1268/1255 1412/993/1075 1640/1210/1183
f 1618/1211/1185 1579/1145/1380 1756/1279/1281
f 1737/1326/1315 1738/1327/1315 1742/1298/1314
f 1738/1327/1315 1739/1328/1353 1742/1298/1314
f 1725/1285/1360 1744/1332/1381 1742/1298/1314
f 1744/1332/1381 1743/1342/1382 1742/1298/1314
f 1743/1342/1382 1745/1334/1315 1742/1298/1314
f 1745/1334/1315 1746/1333/1383 1742/1298/1314
f 1742/1298/1314 1746/1333/1383 1748/1336/1384
f 1746/1333/1385 1747/1335/1362 1748/1336/1364
f 1610/1201/1322 1647/1202/1324 1748/1336/1368
f 1749/1286/1289 537/1218/1291 1750/1343/1386
f 1750/1344/1387 537/1162/1388 1648/1262/1389
f 536/1204/1390 534/135/1391 1760/1272/1392
f 534/135/1391 1704/1311/1393 1760/1272/1392
f 531/1345/1394 519/1346/1395 1704/1347/1396
f 1751/1312/1397 525/1263/1247 1630/1220/1292
f 1761/1171/1125 1484/894/798 502/1348/227
f 570/909/820 1779/1205/1177 506/1317/320
f 1601/1319/1335 1689/1256/1336 1708/1349/1398
f 1708/1349/1398 1689/1256/1336 1690/1321/1399
f 1755/1341/1378 1692/1172/1179 1775/1350/1400
f 1692/1172/1179 1615/1207/1180 1775/1350/1400
f 511/1294/1307 1697/1120/1073 1765/1351/1401
f 1697/1120/1073 1675/1267/1253 1765/1351/1401
f 1603/1174/1402 1757/1352/1403 1579/1145/1404
f 1603/1174/1132 528/1240/1239 1678/1269/1256
f 1748/1336/1384 1647/1202/1405 1742/1298/1314
f 1742/1298/1406 1647/1202/1290 1749/1286/1289
f 531/1273/1264 1680/1219/1263 1726/1338/1407
f 516/1337/1408 1751/1312/1397 1630/1220/1292
f 1630/1220/1199 1705/1066/289 507/1230/289
f 502/1348/227 1484/894/798 506/1317/320
f 1802/1353/1409 1485/969/640 1634/1071/990
f 1587/1142/1148 1688/1288/1293 1858/1318/1333
f 1805/1339/1374 1690/1321/1373 1730/1320/1410
f 1768/1354/1411 1667/1252/1412 1763/1355/1413
f 1763/1355/1413 1667/1252/1412 1666/1251/1414
f 1769/1356/1415 1770/1357/1415 1774/1358/1415
f 1771/1359/1416 1769/1356/1416 1774/1358/1416
f 1770/1357/1417 1769/1356/1417 1771/1359/1417
f 1770/1357/1418 1772/130/1419 1774/1358/1420
f 1787/1360/1421 1774/1358/1421 1773/132/1421
f 1773/132/1422 1774/1358/1420 1772/130/1419
f 1772/130/1423 1770/1357/1423 1771/1359/1423
f 1668/1361/1424 1691/1362/1425 1787/1360/1426
f 1668/1257/1296 1709/1322/1340 1691/1259/1236
f 1847/1363/1427 524/1364/1341 1754/1365/1252
f 1838/1366/1428 1693/1367/1303 1764/1368/1342
f 1733/1325/1350 521/1238/1349 1789/1369/1429
f 521/1238/1349 1677/1295/1430 1789/1369/1429
f 1698/1296/1309 1658/1241/1215 1758/1370/1431
f 508/1371/1432 509/1372/1433 1776/1373/1434
f 1750/1344/1387 1648/1262/1389 1594/1203/1435
f 519/1346/1395 531/1345/1394 1778/1374/1436
f 1802/1353/1409 1687/1128/1084 1485/969/640
f 1657/1189/1437 1708/1264/1398 1688/1288/1438
f 1688/1288/1438 1708/1264/1398 520/1375/1439
f 1708/1349/1398 1690/1321/1399 520/1340/1439
f 1666/1251/1414 1668/1361/1424 1787/1360/1426
f 1774/1358/1440 1787/1360/1426 1691/1362/1425
f 1682/1265/1298 524/1289/1299 1691/1259/1425
f 1764/1324/1441 1602/1173/1207 1808/1277/1275
f 1639/1237/1348 1733/1325/1350 1788/1376/1442
f 1810/1377/1443 1677/1268/1443 1640/1210/1443
f 1756/1279/1281 1579/1145/1380 1757/1352/1444
f 1758/1370/1445 1658/1241/1241 1759/1242/1216
f 1749/1286/1446 509/1372/1447 508/1371/1448
f 1704/1347/1393 519/1346/1449 1760/1378/1392
f 1760/1378/1450 519/1346/1451 1796/1379/1452
f 1666/1251/1414 1787/1360/1426 1763/1355/1413
f 1774/1358/1440 1691/1362/1425 524/1364/1299
f 505/1380/1453 1675/1267/1347 510/1278/1277
f 1603/1174/1402 1678/1269/1454 1757/1352/1403
f 1678/1269/1256 1684/1261/1257 1784/1381/1455
f 1580/1146/1154 1698/1296/1456 1684/1261/1240
f 1829/1382/1457 1759/1177/1139 517/1297/1351
f 1594/1203/1458 1703/1271/1458 1750/1344/1458
f 531/1273/1264 1726/1338/1407 1857/1383/1459
f 516/1337/1370 1815/1384/1460 1726/1338/1371
f 499/124/1461 1442/908/221 1632/1206/1178
f 1585/1127/349 1509/1045/966 1864/1385/1462
f 1707/984/932 1633/985/180 1802/1386/1409
f 1786/1387/1463 520/1375/1464 1869/1388/1465
f 1806/1389/1466 1615/1207/1205 1693/1209/1181
f 1765/1351/1467 1675/1267/1347 505/1380/1453
f 1788/1376/1442 1733/1325/1350 1789/1369/1429
f 1756/1279/1281 1757/1352/1444 1790/1390/1468
f 1757/1352/1403 1678/1269/1454 1854/1391/1469
f 517/1297/1310 1623/1194/1243 1742/1298/1470
f 1796/1379/1452 519/1346/1451 1778/1374/1471
f 1815/1384/1472 516/1337/1408 507/1230/1292
f 516/1337/1408 1630/1220/1292 507/1230/1292
f 1799/1392/170 1798/1393/170 1800/1394/170
f 1800/1394/170 1798/1393/170 518/1185/170
f 1798/1393/170 507/1230/289 518/1185/170
f 1831/1395/210 518/1185/170 1761/1171/1125
f 1761/1171/1125 502/1348/227 1832/1396/1473
f 499/124/1461 1779/1205/1177 1442/908/221
f 1632/1206/1178 1585/1127/349 1864/1385/1462
f 1707/984/932 1864/1385/1462 1509/1045/966
f 1802/1353/1409 1633/152/180 1687/1128/1084
f 1656/1140/1093 1767/1231/991 1802/1353/1409
f 515/1397/1474 1858/1318/1475 520/1375/1439
f 1858/1318/1475 1688/1288/1438 520/1375/1439
f 520/1375/1464 1786/1387/1463 515/1397/1476
f 1869/1388/1477 520/1375/1477 1805/1398/1477
f 1787/1360/1478 1773/132/1479 1847/1363/1480
f 1847/1363/1481 1773/132/160 514/131/159
f 1806/1389/1466 1755/1341/1482 1775/1350/1483
f 1871/1399/1484 1764/1324/1441 1808/1277/1275
f 511/1294/1307 1765/1351/1401 1849/1400/1485
f 1765/1351/1467 505/1380/1453 495/1401/1486
f 1825/1402/1487 510/1278/1488 1809/1403/1489
f 1809/1403/1489 1639/1237/1348 1788/1376/1442
f 1677/1295/1430 1810/1404/1490 1789/1369/1429
f 1640/1210/1186 1734/1239/1213 1810/1377/1491
f 1742/1298/1470 1749/1286/1446 1830/1405/1492
f 1749/1286/1446 508/1371/1448 1830/1405/1492
f 508/1371/1432 1776/1373/1434 1812/1406/1493
f 531/1345/1394 1857/1407/1494 1778/1374/1436
f 1726/1338/1371 1815/1384/1460 1797/1408/1495
f 1798/1393/170 1799/1409/170 507/1230/289
f 507/1230/289 1799/1409/170 1816/1410/289
f 1799/1411/170 1800/1394/170 1816/1410/289
f 1816/1410/289 1800/1394/170 1831/1395/210
f 1800/1394/170 518/1185/170 1831/1395/210
f 1730/1320/1496 1667/1252/1412 1768/1354/1411
f 1768/1354/1497 1763/1355/1498 1860/1412/1499
f 1860/1412/1499 1763/1355/1498 1792/1413/1500
f 1792/1413/1500 1763/1355/1498 1819/1414/1501
f 1763/1355/1502 1787/1360/1478 1819/1414/1503
f 514/131/1504 1772/130/1504 1771/1359/1504
f 1774/1358/1440 524/1364/1299 1771/1359/1505
f 1771/1359/1506 524/1364/1341 1847/1363/1427
f 1754/1365/1377 1755/1415/1378 1821/1416/1507
f 1806/1389/1466 1775/1350/1483 1615/1207/1205
f 1822/1417/1508 1823/1418/1509 1793/1419/1510
f 1823/1418/1509 1837/1420/1511 1793/1419/1510
f 1837/1420/1511 1824/1421/1512 1793/1419/1510
f 1824/1421/1513 1807/1422/1514 1793/1419/1515
f 1807/1422/1516 1806/1423/1516 1793/1419/1516
f 1806/1423/1517 1693/1367/1517 1793/1419/1517
f 1793/1419/1518 1693/1367/1303 1838/1366/1428
f 1871/1424/1484 1838/1366/1519 1764/1368/1441
f 510/1278/1488 1639/1237/1348 1809/1403/1489
f 1826/1425/1520 1789/1369/1521 1810/1404/1522
f 1735/1280/1280 1756/1279/1279 1851/1426/1523
f 1678/1269/1454 1784/1381/1524 1854/1391/1469
f 1684/1261/1257 1811/1427/1525 1784/1381/1455
f 1811/1427/1525 1684/1261/1257 1828/1428/1526
f 1698/1296/1309 1758/1370/1431 504/1429/1527
f 517/1297/1310 1742/1298/1470 1830/1405/1492
f 1749/1286/1446 1750/1343/1528 509/1372/1447
f 1796/1379/1452 1778/1374/1471 1814/1430/1529
f 507/1230/289 1816/1410/289 1831/1395/210
f 1864/1385/1462 1707/984/932 1802/1386/1409
f 1729/970/914 1656/1140/1093 1802/1353/1409
f 1847/1363/1427 514/131/1530 1771/1359/1506
f 1755/1415/1482 1806/1423/1466 1834/1431/1531
f 1807/1422/1514 1824/1421/1513 1835/1432/1532
s 0
f 1835/1432/1533 1824/1421/1534 1836/1433/322
f 1824/1421/1534 1837/1420/1535 1836/1433/322
f 1823/1418/1536 1822/1417/1537 1837/1434/384
s 1
f 1837/1434/1538 1822/1417/1539 1838/1366/1540
f 1822/1417/1539 1793/1419/1518 1838/1366/1428
f 511/1294/1307 1871/1399/1541 1808/1277/1379
f 1849/1400/1542 1765/1351/1467 495/1401/1486
f 505/1380/1543 510/1278/1488 1825/1402/1487
f 1839/1435/1544 1788/1376/1545 1789/1369/1521
f 1810/1377/1491 1734/1239/1213 1840/1436/1546
f 1840/1436/1547 1734/1239/1278 1735/1280/1280
f 1827/1437/1548 1735/1280/1280 1851/1426/1523
f 1790/1390/1468 1757/1352/1444 1795/1438/1549
f 1684/1261/1240 1698/1296/1456 504/1429/1550
f 1759/1242/1216 1829/1439/1551 1758/1370/1445
f 1841/1440/1552 1812/1406/1493 1776/1373/1434
f 509/1372/1447 1750/1343/1528 1813/1441/1553
f 1634/1071/990 1729/970/914 1802/1353/1409
f 1858/1318/1475 515/1397/1474 1846/1442/1554
f 1819/1414/1503 1787/1360/1478 1847/1363/1480
f 1847/1363/1555 1754/1365/1377 1821/1416/1507
f 1807/1422/1556 1835/1432/1557 1838/1366/1540
f 1835/1432/1557 1836/1433/1558 1838/1366/1540
f 1836/1433/1558 1837/1434/1538 1838/1366/1540
f 1789/1369/1521 1826/1425/1520 1839/1435/1544
f 1851/1426/1523 1756/1279/1279 1852/1443/1559
f 1756/1279/1279 1790/1390/1560 1852/1443/1559
f 1757/1352/1444 1854/1391/1561 1795/1438/1549
f 1750/1343/1528 1842/1444/1562 1813/1441/1553
f 1750/1343/1528 1703/1445/1563 1842/1444/1562
f 1842/1444/1562 1703/1445/1563 1760/1378/1564
f 1842/1444/1562 1760/1378/1564 1855/1446/1565
f 1760/1378/1564 1796/1379/1566 1855/1446/1565
f 1814/1430/1529 1778/1374/1471 1856/1447/1567
f 1815/1384/1472 507/1230/1292 503/1448/438
f 1831/1395/210 1761/1171/1125 1832/1396/1473
f 506/1317/320 1779/1205/1177 498/126/1568
f 499/124/1461 1632/1206/1178 1864/1385/1462
f 1877/1449/1569 1804/1151/1372 1858/1318/1333
f 1860/1412/1570 1792/1413/1571 1818/1450/1572
f 1818/1450/1572 1792/1413/1571 1819/1414/1573
f 1883/1451/1574 1806/1423/1575 1838/1366/1540
f 1806/1423/1575 1807/1422/1556 1838/1366/1540
f 1861/1452/1576 1788/1376/1545 1839/1435/1544
f 1827/1437/1577 1850/1453/1578 1872/1454/1579
f 1932/1455/1580 1784/1381/1455 1811/1427/1525
f 1684/1261/1240 504/1429/1550 1828/1428/1581
f 1862/121/1582 1813/1441/1553 1842/1444/1562
f 1778/1374/1436 1857/1407/1494 1863/1456/1583
f 1857/1383/1459 1726/1338/1407 1797/1408/1584
f 1815/1384/1460 503/1448/1585 1797/1408/1495
f 498/126/1568 1779/1205/1177 499/124/1461
f 515/1397/1586 1786/1387/1587 1859/1457/1588
f 1819/1414/1573 1847/1363/1555 1818/1450/1572
f 511/1294/1307 1849/1400/1485 1879/1458/1589
f 1809/1403/1590 1788/1376/1545 1861/1452/1576
f 1810/1404/1522 1840/1459/1591 1826/1425/1520
f 1795/1438/1549 1854/1391/1561 1853/1460/1592
f 1842/1444/1562 1855/1446/1593 1867/1461/1594
f 491/1462/1595 1855/1446/1565 1796/1379/1566
f 1778/1374/1471 1863/1456/1596 1856/1447/1567
f 1876/1463/1597 503/1448/438 507/1230/1292
f 1832/1396/1473 502/1348/227 1831/1395/210
f 1846/1442/1598 515/1397/1586 1859/1457/1588
f 1859/1457/1599 1786/1387/1600 1869/1388/1601
f 1805/1339/1602 1730/1320/1602 1860/1412/1602
f 1730/1320/1603 1768/1354/1603 1860/1412/1603
f 1860/1412/1570 1818/1450/1572 1865/1464/1604
f 1865/1464/1604 1818/1450/1572 1878/1465/1605
f 1847/1363/1555 1821/1416/1507 1866/1466/1606
f 1849/1400/1542 495/1401/1486 489/1467/1607
f 1928/1468/1608 505/1380/1543 1825/1402/1487
f 1898/1469/1609 1827/1437/1577 1872/1454/1579
f 1827/1437/1577 1851/1426/1610 1850/1453/1578
f 1811/1427/1525 1828/1428/1526 492/1470/1611
f 1829/1382/1457 517/1297/1351 1873/1471/1612
f 517/1297/1351 1830/1405/1613 1873/1471/1612
f 494/1472/1614 1776/1373/1434 509/1372/1433
f 1796/1379/1566 1814/1430/1615 491/1462/1595
f 491/1462/1595 1814/1430/1615 1856/1447/1616
f 1797/1408/1495 503/1448/1585 1875/1473/1617
f 503/1448/1585 1876/1463/1618 1875/1473/1617
f 1876/1463/1597 507/1230/1292 1831/1395/1619
f 499/124/1461 500/123/1620 498/126/1568
f 500/123/154 497/125/1621 501/127/155
f 1802/1474/1622 1767/1072/1623 1877/1449/1569
f 1877/1449/1569 1767/1072/1623 1804/1151/1372
f 1846/1442/1624 1868/1475/1624 1881/1476/1624
f 1907/1477/1625 1859/1457/1599 1869/1388/1601
f 1818/1450/1572 1847/1363/1555 1866/1466/1606
f 1834/1431/1626 1806/1423/1575 1883/1451/1574
f 1849/1400/1542 489/1467/1607 1879/1458/1627
f 1735/1280/1280 1827/1437/1548 1898/1469/1628
f 1830/1405/1629 508/1371/1629 1873/1471/1629
f 508/1371/1630 1812/1406/1630 1873/1471/1630
f 1886/1478/1631 1812/1406/1632 1841/1440/1633
f 494/1472/1614 509/1372/1433 1813/1441/1634
f 1888/1479/1635 1857/1383/1459 1797/1408/1584
f 493/1480/1636 1797/1408/1636 1875/1473/1636
f 1877/1449/1637 1858/1318/1475 1846/1442/1554
f 1755/1415/1482 1834/1431/1531 1821/1416/1638
f 505/1380/1543 1928/1468/1608 495/1401/1639
f 1825/1402/1640 1809/1403/1590 1884/1481/1641
f 1809/1403/1590 1861/1452/1576 1884/1481/1641
f 1872/1454/1642 1850/1453/1643 1930/1482/1644
f 1790/1390/1560 1795/1438/1645 1880/1483/1646
f 1813/1441/1634 1862/121/1647 1887/1484/1648
f 1842/1444/1562 1915/1485/1649 1862/121/1582
f 1915/1485/1649 1842/1444/1562 1867/1461/1594
f 1856/1447/1567 1863/1456/1596 1900/1486/1650
f 1888/1479/1635 1797/1408/1584 493/1480/1651
f 497/125/152 496/122/149 1889/1487/1652
f 2011/1488/1653 1877/1449/1637 1846/1442/1554
f 1846/1442/1654 1881/1476/1654 1890/1489/1654
f 1891/1490/1655 1890/1489/1656 1892/1491/1657
f 1892/1491/1657 1890/1489/1656 1903/1492/1658
f 1904/1493/1659 1903/1492/1658 1890/1489/1656
f 1846/1442/1598 1859/1457/1588 1893/1494/1660
f 1908/1495/1661 1869/1388/1661 1805/1398/1661
f 1895/1496/1662 1910/1497/1663 1894/1498/1664
f 1894/1498/1664 1870/1499/1665 1896/1500/1666
f 1818/1450/1572 1866/1466/1606 1911/1501/1667
f 1871/1399/1541 511/1294/1307 1879/1458/1589
f 1839/1435/1668 1826/1425/1669 1885/1502/1670
f 1840/1436/1671 1735/1280/1280 1898/1469/1628
f 1852/1443/1559 1790/1390/1560 1880/1483/1646
f 1828/1428/1526 488/1503/1672 492/1470/1611
f 1886/1478/1631 1841/1440/1633 1899/1504/1673
f 1841/1440/1552 1776/1373/1434 494/1472/1614
f 1841/1440/1633 494/1472/1674 1914/1505/1675
f 1855/1446/1593 491/1462/1676 1917/1506/1677
f 1857/1407/1494 1888/1507/1678 1863/1456/1583
f 1876/1463/1618 1935/1508/1679 1875/1473/1617
f 1876/1463/1597 1831/1395/1619 1935/1508/1680
f 1831/1395/210 502/1348/227 498/126/1568
f 498/126/1568 502/1348/227 506/1317/320
f 1936/1509/1681 497/125/1681 1921/1510/1681
f 1921/1510/1682 497/125/152 1889/1487/1652
f 2011/1488/1683 1846/1442/1683 1890/1489/1683
f 1902/1511/1684 1890/1489/1656 1891/1490/1655
f 1891/1490/1685 1892/1491/1685 1903/1512/1685
f 1904/1493/1659 1890/1489/1656 1905/1513/1686
f 1890/1489/1656 1881/1476/1687 1905/1513/1686
f 1905/1513/1686 1881/1476/1687 1906/1514/1688
f 1907/1477/1689 1869/1388/1690 1908/1495/1691
f 1865/1464/1604 1870/1499/1692 1909/1515/1693
f 1870/1499/1665 1894/1498/1664 1910/1497/1663
f 1870/1499/1665 1865/1464/1604 1925/1516/1694
f 1925/1516/1694 1865/1464/1604 1882/1517/1695
f 1973/1518/1696 1821/1416/1638 1834/1431/1531
f 1883/1451/1697 1838/1366/1519 1897/1519/1698
f 1897/1519/1698 1838/1366/1519 1871/1424/1484
f 1861/1452/1699 1839/1435/1700 1929/1520/1701
f 1826/1425/1669 1840/1459/1702 1885/1502/1670
f 1851/1426/1610 1852/1443/1703 1931/1521/1704
f 1854/1391/1561 1784/1381/1705 1853/1460/1592
f 1853/1460/1592 1784/1381/1705 1952/1522/1706
f 1758/1370/1445 1829/1439/1551 1954/1523/1707
f 1829/1439/1551 1873/1524/1708 1954/1523/1707
f 1955/1525/1709 1812/1406/1709 1886/1478/1709
f 494/1472/1614 1813/1441/1634 1887/1484/1648
f 1867/1461/1594 1855/1446/1593 1916/1526/1710
f 1855/1446/1593 1917/1506/1677 1916/1526/1710
f 1918/1527/1711 491/1462/1595 1856/1447/1616
f 1935/1508/1680 1831/1395/1619 1920/1528/1712
f 497/125/1621 1936/1509/1713 1920/1528/1714
f 2011/1488/1653 1890/1489/1656 1902/1511/1684
f 1891/1490/1715 1903/1512/1715 1906/1514/1715
f 1903/1512/1716 1904/1529/1716 1906/1514/1716
f 1904/1529/1717 1905/1513/1686 1906/1514/1688
f 1868/1475/1718 1846/1442/1598 1893/1494/1660
f 1805/1339/1719 1860/1412/1719 1909/1515/1719
f 1860/1412/1570 1865/1464/1604 1909/1515/1693
f 1923/1530/1720 1894/1498/1721 1924/1531/1722
f 1866/1466/1606 1821/1416/1638 1973/1518/1696
f 1926/1532/1723 1834/1431/1626 1883/1451/1574
f 1912/1533/1724 1871/1424/1541 1879/1534/1589
f 1928/1468/1725 1825/1402/1640 1940/1535/1726
f 1940/1535/1726 1825/1402/1640 1884/1481/1641
f 1839/1435/1668 1885/1502/1670 1974/1536/1727
f 1795/1438/1645 1853/1460/1728 1941/1537/1729
f 1811/1427/1525 492/1470/1730 1932/1455/1580
f 504/1429/1527 1758/1370/1431 1933/1538/1526
f 1812/1406/1731 1955/1525/1731 1873/1471/1731
f 491/1462/1676 1918/1527/1732 2073/1539/1733
f 1969/1540/1734 1863/1456/1583 1888/1507/1678
f 493/1480/1651 1875/1473/1735 1888/1479/1635
f 501/127/155 497/125/1621 1920/1528/1714
f 496/122/149 499/124/151 1889/1487/1652
f 1946/1541/1736 1802/1386/1622 1877/1542/1569
f 1881/1476/1737 1868/1475/1718 1922/1543/1738
f 1922/1543/1738 1868/1475/1718 1893/1494/1660
f 1893/1494/1739 1859/1457/1599 1949/1544/1740
f 1895/1496/1741 1923/1530/1741 490/1545/1741
f 1895/1496/1742 1894/1498/1742 1923/1530/1742
f 1870/1499/1665 1925/1516/1694 1896/1500/1666
f 1882/1517/1695 1865/1464/1604 1938/1546/1743
f 1865/1464/1604 1878/1465/1605 1938/1546/1743
f 1878/1465/1605 1818/1450/1572 1911/1501/1667
f 1912/1533/1724 1879/1534/1589 1939/1547/1744
f 489/1467/1745 495/1401/1639 1927/1548/1746
f 1929/1520/1747 1839/1435/1668 1974/1536/1727
f 1880/1483/1646 1795/1438/1645 1941/1537/1729
f 492/1470/1611 488/1503/1672 1942/1549/1748
f 1828/1428/1581 504/1429/1550 2041/1550/1749
f 1873/1471/1750 1955/1525/1750 1954/1551/1750
f 1899/1504/1673 1841/1440/1633 1914/1505/1675
f 1887/1484/1648 1862/121/1647 1944/120/1751
f 1967/119/146 1862/121/148 1915/1485/1752
f 1918/1527/1711 1856/1447/1616 1900/1486/1753
f 499/124/1754 1864/1385/1755 1889/1487/1756
f 1864/1385/1755 1802/1386/1622 1946/1541/1736
f 2011/1552/1653 1902/1553/1684 1947/1554/1757
f 1906/1514/1758 1881/1476/1737 1922/1543/1738
f 1949/1544/1740 1859/1457/1599 1907/1477/1625
f 1805/1398/1759 1909/1555/1760 1908/1495/1761
f 1882/1517/1762 1938/1546/1762 1950/1556/1762
f 1866/1466/1606 1973/1518/1696 1911/1501/1667
f 2022/1557/1763 1973/1518/1764 1834/1431/1626
f 1926/1532/1765 1883/1451/1697 1897/1519/1698
f 1897/1519/1766 1871/1424/1541 1912/1533/1724
f 1879/1558/1627 489/1559/1607 483/1560/1767
f 1927/1548/1746 495/1401/1639 1951/1561/1768
f 495/1401/1639 1928/1468/1608 1951/1561/1768
f 1884/1481/1769 1861/1452/1699 1929/1520/1701
f 1898/1562/1770 1885/1502/1670 1840/1459/1702
f 1930/1482/1771 486/1563/1772 1965/1564/1773
f 486/1563/1772 1930/1482/1644 1850/1453/1643
f 1784/1381/1705 1932/1455/1774 1952/1522/1706
f 488/1503/1672 1828/1428/1526 2041/1550/1775
f 1915/1485/1752 1867/1461/1776 1978/1565/1777
f 1900/1486/1650 1863/1456/1596 1969/1540/1778
f 1875/1473/1779 480/1566/1779 1958/1567/1779
f 487/1568/1780 1935/1508/1680 1920/1528/1712
f 498/126/153 501/127/155 1920/1528/1714
f 1889/1487/1756 1864/1385/1755 1946/1541/1736
f 1947/1554/1781 1902/1553/1782 1948/1569/1783
f 1902/1511/1784 1891/1490/1785 1922/1543/1738
f 1891/1490/1785 1906/1514/1758 1922/1543/1738
f 1949/1544/1786 1907/1477/1689 1908/1495/1691
f 1961/1570/1787 1882/1517/1787 1950/1556/1787
f 1878/1465/1605 1911/1501/1667 1962/118/1788
f 1926/1532/1723 2022/1557/1763 1834/1431/1626
f 1940/1535/1789 1884/1481/1790 482/1571/1791
f 1963/1572/1792 1885/1502/1793 1964/1573/1794
f 1850/1453/1643 1931/1521/1795 486/1563/1772
f 1851/1426/1610 1931/1521/1704 1850/1453/1578
f 1931/1521/1704 1852/1443/1703 1975/1574/1796
f 1758/1370/1431 1954/1523/1797 1933/1538/1526
f 494/1472/1798 1887/1484/1799 1977/1575/1800
f 1917/1506/1677 491/1462/1676 1979/1576/1801
f 1935/1508/1679 487/1568/1802 1875/1473/1617
f 1831/1395/1619 498/126/1803 1920/1528/1712
f 1970/1577/1804 1947/1554/1804 1971/1578/1804
f 1971/1578/1805 1947/1554/1781 1983/1579/1806
f 1983/1579/1806 1947/1554/1781 1948/1569/1783
f 1922/1543/1807 1893/1494/1739 1949/1544/1740
f 2078/1580/1808 1949/1544/1786 1908/1495/1691
f 1909/1515/1693 1870/1499/1692 1910/1497/1809
f 1985/1581/1810 490/1545/1810 1923/1530/1810
f 1924/1531/1722 1894/1498/1721 1896/1500/1811
f 1925/1516/1812 1882/1517/1812 1961/1570/1812
f 1938/1546/1743 1878/1465/1605 1962/118/1788
f 1939/1582/1813 1879/1558/1627 483/1560/1767
f 1974/1536/1814 1885/1502/1793 1963/1572/1792
f 1975/1574/1796 1880/1483/1815 1966/1583/1816
f 1880/1483/1815 1941/1537/1817 1966/1583/1816
f 1853/1460/1728 1952/1522/1818 2051/1584/1819
f 1914/1505/1820 494/1472/1798 1977/1575/1800
f 1977/1575/1821 1887/1484/1822 1944/120/1823
f 1967/119/146 1915/1485/1752 1978/1565/1777
f 1978/1565/1777 1867/1461/1776 1916/1526/1824
f 491/1462/1676 2073/1539/1733 1979/1576/1801
f 1947/1554/1825 1970/1577/1826 1981/1585/1827
f 1970/1586/1828 1971/1587/1829 1981/1585/1827
f 1981/1585/1827 1971/1587/1829 1982/1588/1830
f 1982/1588/1830 1971/1587/1829 1983/1589/1831
f 1983/1579/1832 1948/1569/1833 1984/1590/1834
f 1982/1588/1830 1984/1590/1834 1948/1569/1833
f 1948/1591/1833 1902/1511/1784 1922/1543/1738
f 1962/118/1788 1911/1501/1667 1986/1592/1835
f 1973/1518/1764 2022/1557/1763 2000/1593/1836
f 471/1594/1837 1939/1582/1813 483/1560/1767
f 482/1571/1838 1884/1481/1769 1987/1595/1839
f 1987/1595/1839 1884/1481/1769 1929/1520/1701
f 2048/1596/1840 1974/1536/1814 1963/1572/1792
f 1898/1469/1841 1872/1454/1642 1930/1482/1644
f 2002/1597/1842 1930/1482/1771 1965/1564/1773
f 1932/1455/1580 492/1470/1730 2025/1598/1843
f 1976/1599/1844 1954/1551/1845 1955/1525/1846
f 1955/1525/1847 1886/1478/1847 2004/1600/1847
f 1944/120/1823 1989/1601/1848 1977/1575/1821
f 1888/1479/1635 1875/1473/1735 1958/1567/1849
f 480/1566/1850 1875/1473/1617 487/1568/1802
f 1990/1602/1851 1991/1603/1852 1992/1604/1853
f 1993/1605/1854 1992/1606/1854 1994/1607/1854
f 1992/1606/1855 1991/1603/1856 1994/1607/1857
f 1994/1607/1857 1991/1603/1856 485/1608/1858
f 1991/1603/1852 1990/1602/1851 485/1608/1859
f 1992/1604/1853 1993/1609/1860 1990/1602/1851
f 1990/1602/1851 1993/1609/1860 1995/1610/1861
f 1993/1605/1862 1994/1607/1862 1995/1610/1862
f 1994/1607/1863 2009/1611/1864 1921/1612/1865
f 1996/1613/1866 2012/1614/1867 1997/1615/1868
f 1997/1615/1868 2012/1614/1867 1998/1616/1869
f 1998/1616/1869 2012/1614/1867 1999/1617/1870
f 1999/1617/1870 2012/1614/1867 2011/1552/1653
f 1999/1617/1870 2011/1552/1653 1947/1554/1757
f 1947/1554/1825 1981/1585/1827 1982/1588/1830
f 1983/1589/1831 1984/1590/1834 1982/1588/1830
f 1922/1543/1807 1949/1544/1740 2029/1618/1871
f 1973/1518/1696 1986/1592/1835 1911/1501/1667
f 2047/1619/1872 489/1559/1745 1927/1620/1746
f 1951/1561/1873 1928/1468/1725 1940/1535/1726
f 486/1563/1772 1931/1521/1795 2089/1621/1874
f 1852/1443/1703 1880/1483/1815 1975/1574/1796
f 1933/1538/1526 1954/1523/1797 1976/1622/1797
f 1955/1525/1846 2004/1600/1875 1976/1599/1844
f 1916/1526/1824 1917/1506/1876 1978/1565/1777
f 1978/1565/1777 1917/1506/1876 2007/1623/1877
f 2008/1624/1878 487/1568/1780 1920/1528/1712
f 1921/1612/1865 2009/1611/1864 1936/1625/1879
f 2027/1626/1880 1936/1625/1879 2009/1611/1864
f 1990/1602/1881 1995/1610/1881 1994/1607/1881
f 1994/1607/1863 1921/1612/1865 1889/1627/1882
f 2012/1614/1867 1996/1613/1866 2013/1628/1883
f 2013/1628/1883 1996/1613/1866 2014/1629/1884
s 0
f 1996/1613/849 1997/1615/848 2014/1629/1061
f 2014/1629/170 1997/1615/170 2015/1630/170
f 1997/1615/182 1998/1616/183 2015/1630/184
s 1
f 2015/1630/1885 1998/1616/1886 1999/1617/1887
f 1923/1530/1888 1924/1531/1889 2031/1631/1890
f 2085/1632/1891 1925/1516/1892 1961/1570/1893
f 1962/118/1894 484/117/1895 2017/1633/1896
f 2019/1634/1897 2018/116/1897 1986/1592/1897
f 2018/116/1898 1962/118/1898 1986/1592/1898
f 2020/1635/1899 2035/1636/1899 1986/1592/1900
f 473/1637/1901 1963/1572/1902 2001/1638/1903
f 1963/1572/1902 1964/1573/1904 2001/1638/1903
f 2069/1639/1905 1930/1482/1906 2002/1597/1907
f 1965/1564/1773 486/1563/1772 1988/1640/1908
f 1941/1537/1729 1853/1460/1728 2051/1584/1819
f 2052/1641/1909 1932/1455/1774 2025/1598/1910
f 492/1470/1730 1942/1549/1911 2025/1598/1843
f 1942/1549/1748 488/1503/1672 2003/1642/1912
f 2041/1550/1749 504/1429/1550 1933/1538/1913
f 1886/1478/1914 1899/1504/1915 2004/1600/1916
f 1899/1504/1915 1914/1505/1917 2072/1643/1918
f 1914/1505/1820 1977/1575/1800 2072/1643/1919
f 2026/1644/1920 1989/1601/1921 1944/120/1922
f 1918/1527/1711 1900/1486/1753 1980/1645/1923
f 1888/1479/1635 1958/1567/1849 2064/1646/1924
f 487/1568/1802 2065/1647/1925 480/1566/1850
f 487/1568/1802 2008/1624/1926 2065/1647/1925
f 1920/1528/1712 1936/1509/1927 2008/1624/1878
f 478/115/1928 2011/1552/1653 2012/1614/1867
f 2045/1648/1929 2012/1614/1867 2028/1649/1930
f 2012/1614/1867 2013/1628/1883 2028/1649/1930
f 2028/1649/1931 2013/1628/1931 1999/1617/1887
f 2013/1628/1931 2014/1629/1932 1999/1617/1887
f 2014/1629/1932 2015/1630/1885 1999/1617/1887
f 479/1650/1933 1947/1554/1825 1982/1588/1830
f 479/1651/1933 1948/1591/1833 1922/1543/1738
f 2030/1652/1934 2101/1653/1935 2078/1580/1936
f 2016/1654/1937 1910/1497/1938 1895/1496/1939
f 1896/1500/1811 1925/1516/1940 1924/1531/1722
f 1924/1531/1889 1925/1516/1892 2031/1631/1890
f 1950/1556/1941 1938/1546/1941 2032/1655/1941
f 1938/1546/1942 1962/118/1942 2032/1655/1942
f 1962/118/1894 2017/1633/1896 2033/1656/1943
f 2017/1633/1896 484/1657/1944 2033/1656/1943
f 484/1657/1944 2018/1658/1945 2033/1656/1943
f 2018/1658/1945 2019/1634/1946 2033/1656/1943
f 2019/1634/1946 1986/1592/1947 2033/1656/1943
f 1986/1592/1947 2035/1636/1948 2034/1659/1949
s 0
f 2035/1660/438 2020/1635/438 2036/1661/438
s 1
f 2036/1661/1950 2020/1635/1950 1973/1518/1950
f 2020/1635/1951 1986/1592/1951 1973/1518/1951
f 1973/1518/1764 2000/1593/1836 2046/1662/1952
f 2023/1663/1953 1927/1548/1954 1951/1561/1873
f 2023/1663/1953 1951/1561/1873 1940/1535/1726
f 1987/1595/1955 1929/1520/1747 2024/1664/1956
f 1885/1502/1793 1898/1562/1957 1964/1573/1794
f 1898/1469/1841 1930/1482/1644 2069/1639/1958
f 486/1563/1772 2089/1621/1874 1988/1640/1908
f 1931/1521/1795 1975/1574/1959 2037/1665/1960
f 2051/1584/1961 481/1666/1962 1941/1537/1963
f 2051/1584/1819 1952/1522/1818 2070/1667/1964
f 1952/1522/1706 1932/1455/1774 2052/1641/1909
f 1942/1549/1911 2003/1642/1965 2025/1598/1843
f 1944/120/1922 1967/119/1966 2026/1644/1920
f 2026/1644/1920 1967/119/1966 2006/1668/1967
f 1967/119/1966 1978/1565/1968 2006/1668/1967
f 1917/1506/1876 1979/1576/1969 2043/1669/1970
f 1994/1607/1863 1889/1627/1882 1990/1602/1971
f 1946/1670/1972 1877/1671/1637 2011/1552/1653
f 2059/1672/1973 478/115/1974 2045/1648/1975
f 478/115/1976 2012/1614/1867 2045/1648/1929
f 1999/1617/1977 1947/1554/1825 479/1650/1933
f 2030/1652/1934 2078/1580/1936 1908/1495/1761
f 1909/1515/1978 1910/1497/1938 2016/1654/1937
f 1985/1581/1979 1923/1530/1980 2031/1631/1981
f 2031/1631/1890 1925/1516/1892 2085/1632/1891
f 1961/1570/1982 1950/1556/1983 2086/1673/1984
f 1986/1592/1947 2034/1659/1949 2046/1662/1952
f 2034/1659/1949 2035/1660/1985 2046/1662/1952
f 2035/1660/1985 2036/1661/1986 2046/1662/1952
f 2036/1661/1986 1973/1518/1764 2046/1662/1952
f 2102/1674/1987 2000/1593/1988 2022/1557/1989
f 2022/1557/1989 1926/1532/1765 475/1675/1990
f 1926/1532/1765 1897/1519/1698 475/1675/1990
f 477/1676/1991 1912/1533/1724 1939/1547/1744
f 471/1594/1992 483/1560/1993 474/1677/1994
f 489/1559/1745 2047/1619/1872 483/1560/1993
f 1940/1535/1789 482/1571/1791 2103/1678/1995
f 2048/1596/1996 1963/1572/1902 473/1637/1901
f 1964/1573/1904 1898/1562/1841 2069/1679/1958
f 2069/1639/1905 2002/1597/1907 2050/1680/1997
f 1931/1521/1795 2037/1665/1960 2089/1621/1874
f 2004/1600/1916 1899/1504/1915 2042/1681/1998
f 2026/1644/1999 2006/1668/2000 2053/1682/2001
f 1978/1565/1968 2007/1623/2002 2006/1668/1967
f 2006/1668/1967 2007/1623/2002 2054/1683/2003
f 2073/1539/1733 1918/1527/1732 2044/1684/2004
f 1918/1527/1732 1980/1645/2005 2044/1684/2004
f 2044/1684/2004 1980/1645/2005 2055/1685/2006
f 2008/1624/1926 1936/1509/1879 2065/1647/1925
f 2065/1686/1925 1936/1625/1879 2027/1626/1880
f 2009/1611/2007 1994/1607/2008 2074/1687/2009
f 2074/1687/2009 1994/1607/2008 2110/1688/2010
f 1990/1602/1851 1889/1627/2011 485/1608/1859
f 1889/1689/2012 1946/1670/1972 485/1690/2013
f 485/1690/2013 1946/1670/1972 2011/1552/1653
f 2028/1649/2014 1999/1617/1977 479/1650/1933
f 1982/1588/1830 1948/1569/1833 479/1650/1933
f 2060/1691/2015 2078/1580/1936 2101/1653/1935
f 1908/1495/1761 1909/1555/1760 2068/1692/2016
f 1895/1496/2017 490/1545/2018 2016/1654/2019
f 1962/118/1894 2033/1656/1943 2032/1655/2020
f 2033/1656/1943 1986/1592/1947 2046/1662/1952
f 2024/1664/1956 1929/1520/1747 1974/1536/1727
f 2114/1693/2021 2048/1596/1996 473/1637/1901
f 2062/1694/2022 1975/1574/1959 1966/1583/2023
f 2039/1695/2024 1966/1583/1816 1941/1537/1817
f 1941/1537/1817 481/1666/2025 2039/1695/2024
f 1952/1522/1818 2052/1641/2026 2070/1667/1964
f 2003/1642/1912 488/1503/1672 2041/1550/2027
f 2007/1623/1877 1917/1506/1876 2043/1669/1970
f 1969/1540/1734 1888/1507/1678 2056/1696/2028
f 1994/1607/2029 485/1608/2030 2058/1697/2031
f 485/1690/2032 2066/114/2033 2075/1698/2034
f 2066/114/2035 485/1690/2013 478/115/1928
f 485/1690/2013 2011/1552/1653 478/115/1928
f 2066/114/143 476/113/142 2076/1699/2036
f 2045/1648/2037 2028/1649/2014 479/1650/1933
f 479/1651/2038 1922/1543/1807 2029/1618/1871
f 2067/1700/2039 2029/1618/2040 1949/1544/1786
f 2030/1652/1934 1908/1495/1761 2068/1692/2016
f 1909/1515/2041 2016/1654/2041 2068/1701/2041
f 1985/1581/1979 2031/1631/1981 2112/1702/2042
f 1950/1556/2043 2032/1655/2044 2086/1673/1984
f 2022/1557/1989 475/1675/1990 2102/1674/1987
f 1897/1519/1766 1912/1533/1724 477/1676/1991
f 2023/1663/2045 1940/1535/1789 2103/1678/1995
f 482/1571/1838 1987/1595/1839 2158/1703/2046
f 1987/1595/1955 2024/1664/1956 2113/1704/2047
f 2024/1664/2048 1974/1536/1814 2048/1596/1840
f 473/1637/2049 2001/1638/2050 2049/1705/2051
f 1966/1583/2023 2039/1695/2052 2038/1706/2053
f 1977/1575/2054 2063/1707/2055 2072/1643/2056
f 1977/1575/2054 1989/1601/2057 2063/1707/2055
f 1980/1645/1923 1900/1486/1753 2083/1708/2058
f 1888/1507/1678 2064/1709/2059 2056/1696/2028
f 1958/1567/1849 480/1566/2060 2064/1646/1924
f 476/113/2061 478/115/1974 2059/1672/1973
f 2045/1648/2037 479/1650/1933 2059/1672/1973
f 2077/1710/2062 479/1650/2038 2095/1711/2063
f 2067/1700/2039 1949/1544/1786 2078/1580/1808
f 2016/1654/2019 490/1545/2018 2068/1701/2064
f 2085/1632/2065 1961/1570/1982 2061/1712/2066
f 1961/1570/1982 2086/1673/1984 2061/1712/2066
f 475/1675/1990 1897/1519/1766 477/1676/1991
f 2047/1619/2067 1927/1620/1954 2144/1713/2068
f 2001/1638/1903 1964/1573/1904 2069/1679/1958
f 1975/1574/1959 2062/1694/2022 2037/1665/1960
f 2039/1695/2024 481/1666/2025 2081/1714/2069
f 2052/1641/1909 2025/1598/1910 2071/1715/2070
f 2054/1683/2003 2007/1623/2002 2043/1669/2071
f 2043/1669/1970 1979/1576/1969 2073/1539/2072
f 1900/1486/1650 1969/1540/1778 2083/1708/2073
f 2065/1716/2074 2027/1717/2075 472/1718/2076
f 2059/1672/1973 479/1650/1933 2077/1710/2077
f 2095/1711/2063 479/1650/2038 2029/1719/1871
f 2084/1720/2078 490/1545/2079 1985/1581/2080
f 2087/1721/2081 2032/1655/2044 2033/1656/2082
f 2046/1662/2083 2000/1593/1988 2102/1674/1987
f 2102/1674/1987 475/1675/1990 2079/1722/2084
f 468/1723/2085 477/1724/2086 471/1594/1837
f 477/1724/2086 1939/1582/1813 471/1594/1837
f 474/1677/1994 483/1560/1993 2047/1619/1872
f 1927/1548/1954 2023/1663/1953 2144/1725/2068
f 2104/1726/2087 2114/1693/2021 473/1637/2049
f 2001/1638/2050 2069/1679/2088 2146/1727/2089
f 2069/1639/2090 2050/1680/2091 2105/1728/2092
f 2051/1584/1961 2070/1667/1964 481/1666/1962
f 2041/1550/1749 1933/1538/1913 2090/1729/2093
f 2090/1729/2093 1933/1538/1913 1976/1622/2094
f 1899/1504/1915 2072/1643/1918 2042/1681/1998
f 2082/1730/2095 2026/1644/1999 2053/1682/2001
f 2006/1668/2096 2054/1683/2097 2091/1731/2098
f 2043/1669/1970 2073/1539/2072 2092/1732/2099
f 2108/1733/2100 1980/1645/1923 2083/1708/2058
f 1969/1540/1778 2056/1696/2101 2083/1708/2073
f 1994/1607/2029 2058/1697/2031 2110/1688/2102
f 2058/1734/2103 485/1690/2032 2075/1698/2034
f 2129/1735/2104 2097/1736/2104 2096/1737/2104
s 0
f 2097/1738/1221 2098/1739/1219 2099/1740/1220
f 2099/1740/2105 2098/1739/1221 2100/1741/1220
s 1
f 2100/1741/2106 2098/1739/2106 2029/1618/2107
f 2098/1739/2106 2097/1736/2108 2029/1618/2107
f 2097/1736/2108 2129/1735/2109 2029/1618/2110
f 2156/1742/2111 2101/1653/2112 2142/1743/2113
f 2112/1702/2042 2031/1631/1981 2085/1632/2065
f 2086/1673/1984 2032/1655/2044 2087/1721/2081
f 2033/1656/2082 2046/1662/2083 2102/1674/1987
f 2062/1694/2022 1966/1583/2023 2038/1706/2053
f 1976/1599/2094 2004/1600/2114 2090/1744/2093
f 2042/1681/2115 2072/1643/2116 2063/1707/2117
f 2106/1745/2118 2053/1682/2001 2006/1668/2119
f 2054/1683/2003 2043/1669/2071 2107/1746/2120
f 2073/1539/2072 2044/1684/2121 2092/1732/2099
f 2092/1732/2099 2044/1684/2121 2055/1685/2122
f 2056/1696/2028 2064/1709/2059 2109/1747/2123
f 2076/1699/2124 476/113/2061 2077/1710/2077
f 476/113/2061 2059/1672/1973 2077/1710/2077
f 2077/1710/2062 2095/1711/2063 470/1748/2125
f 2129/1735/2126 2096/1737/2127 2067/1700/2128
f 2096/1737/2129 2097/1738/2129 2067/1700/2129
f 2097/1738/2130 2099/1740/2130 2067/1700/2130
f 2067/1700/2039 2099/1740/2131 2029/1618/2040
f 2099/1740/2132 2100/1741/2132 2029/1618/2132
f 2142/1743/2113 2101/1653/2112 2030/1652/2133
f 490/1545/2079 2084/1720/2078 2068/1701/2134
f 2103/1678/2135 482/1571/1838 2158/1703/2046
f 2050/1680/2136 2002/1597/2137 2167/1749/2138
f 2168/1750/2139 2002/1597/2140 2116/1751/2141
f 2116/1751/2141 1965/1564/2142 2117/1752/2143
f 2081/1714/2069 481/1666/2025 2118/1753/2144
f 2090/1744/2093 2004/1600/2114 2042/1681/2115
f 2026/1644/1999 2082/1730/2095 1989/1601/2145
f 2107/1746/2120 2043/1669/2071 2120/1754/2146
f 2043/1669/2071 2092/1732/2147 2120/1754/2146
f 2092/1732/2099 2055/1685/2122 2164/1755/2148
f 1980/1645/2005 2121/1756/2149 2055/1685/2006
f 2153/1757/2150 472/1718/2150 2122/1758/2150
f 2027/1717/2075 2122/1758/2151 472/1718/2076
f 2066/114/2152 2076/1699/2124 2075/1698/2153
f 2076/1699/2124 2077/1710/2077 2075/1698/2153
f 2029/1759/2110 2124/1760/2154 2111/1761/2155
f 2111/1761/2156 2124/1760/2157 2125/1762/2158
s 0
f 2124/1760/182 2126/1763/183 2125/1762/184
f 2125/1762/182 2126/1763/185 2127/1764/183
f 2127/1764/2105 2126/1763/1221 2128/1765/1220
s 1
f 2128/1765/2159 2126/1763/2160 2129/1766/2161
f 2126/1763/2160 2124/1760/2162 2129/1766/2161
f 2124/1760/2154 2029/1759/2110 2129/1766/2109
f 2129/1735/2126 2067/1700/2128 2111/1767/2163
f 2067/1700/2164 2078/1580/1936 2189/1768/2165
f 2189/1768/2165 2078/1580/1936 2060/1691/2015
f 2130/1769/2166 2060/1691/2167 2101/1653/2112
f 2087/1721/2081 2033/1656/2082 2102/1674/1987
f 2193/1770/2168 468/1723/2085 471/1594/1992
f 474/1677/2169 2047/1619/2170 2143/1771/2171
f 2144/1725/2172 2023/1663/2045 2103/1678/1995
f 2024/1664/2173 2048/1596/1996 2114/1693/2021
f 2145/1772/2174 2049/1705/2051 2132/1773/2175
f 2132/1773/2175 2049/1705/2051 2115/1774/2176
f 2115/1774/2176 2049/1705/2051 2001/1638/2050
f 2001/1638/2050 2146/1727/2089 2115/1774/2176
f 2002/1597/2140 1965/1564/2142 2116/1751/2141
f 2151/1775/2177 2118/1753/2144 481/1666/2025
f 2071/1715/2070 2025/1598/1910 2003/1642/2178
f 2119/1776/2179 2006/1668/2119 2091/1731/2180
f 2091/1731/2098 2054/1683/2097 2133/1777/2181
f 1980/1645/2005 2108/1733/2182 2121/1756/2149
f 2056/1696/2101 2109/1747/2183 2083/1708/2073
f 2083/1708/2073 2109/1747/2183 2135/1778/2184
f 480/1779/2185 2065/1716/2186 2064/1709/2187
f 2065/1716/2186 2094/1780/2188 2064/1709/2187
f 2009/1611/2189 2154/1781/2190 2027/1626/2191
f 2058/1697/2031 2123/1782/2192 2110/1688/2102
f 470/1748/2193 2095/1711/2194 2136/1783/2195
s 0
f 2137/1784/849 2138/1785/850 2139/1786/848
f 2139/1786/184 2138/1785/182 2140/1787/183
s 1
f 2140/1787/2196 2138/1785/2197 2141/1788/2198
f 2138/1785/2197 2137/1789/2199 2141/1788/2198
f 2137/1789/2200 2095/1790/2201 2141/1788/2202
f 2095/1790/2201 2029/1759/2110 2141/1788/2202
f 2141/1788/2202 2029/1759/2110 2111/1761/2155
f 2125/1762/2158 2127/1764/2203 2111/1761/2156
f 2111/1761/2156 2127/1764/2203 2129/1766/2204
f 2127/1764/2203 2128/1765/2205 2129/1766/2204
f 2030/1652/2133 2068/1692/2206 2142/1743/2113
f 2143/1771/2207 2047/1619/2067 2144/1713/2068
f 2158/1703/2208 1987/1595/1955 2113/1704/2047
f 2104/1726/2087 473/1637/2049 2049/1705/2051
f 2167/1749/2138 2002/1597/2137 2168/1750/2209
f 1965/1564/2142 1988/1640/2210 2117/1752/2143
f 2062/1694/2022 2038/1706/2053 2206/1791/2211
f 2208/1792/2212 2071/1715/2070 2003/1642/2178
f 1989/1601/2145 2082/1730/2095 2063/1707/2213
f 2082/1730/2095 2053/1682/2001 2106/1745/2118
f 2133/1777/2181 2054/1683/2097 2107/1746/2214
f 2092/1732/2215 2164/1755/2216 2134/1793/2217
f 2109/1747/2123 2064/1709/2059 2094/1780/2218
f 2065/1716/2074 472/1718/2076 2094/1780/2219
f 2094/1780/2219 472/1718/2076 2153/1757/2220
f 2154/1794/2221 2122/1758/2151 2027/1717/2075
f 2154/1781/2190 2009/1611/2189 2074/1687/2222
f 2074/1687/2223 2110/1688/2223 2231/1795/2223
f 2171/1796/2224 2058/1734/2225 2075/1698/2226
f 2095/1790/2227 2137/1789/2228 2155/1797/2229
f 2155/1797/2230 2137/1784/2231 2141/1788/2232
f 2137/1784/2233 2139/1786/2234 2141/1788/2235
f 2139/1786/2234 2140/1787/2236 2141/1788/2235
f 2111/1767/2237 2067/1700/2164 2189/1768/2165
f 2130/1769/2166 2101/1653/2112 2156/1742/2111
f 2084/1798/2238 2142/1743/2113 2068/1692/2239
f 2172/1799/2240 2084/1720/2241 1985/1581/2242
f 2254/1800/2243 2061/1712/2066 2086/1673/1984
f 2079/1722/2084 475/1675/1990 469/1801/2244
f 475/1675/1990 477/1676/1991 469/1801/2244
f 2158/1703/2046 2157/1802/2245 2103/1678/2135
f 2113/1704/2246 2024/1664/2173 2238/1803/2247
f 2303/1804/2248 2024/1664/2173 2114/1693/2021
f 2206/1791/2211 2038/1706/2053 2160/1805/2249
f 2038/1706/2053 2039/1695/2052 2160/1805/2249
f 2039/1695/2052 2081/1714/2250 2160/1805/2249
f 2070/1667/1964 2052/1641/2026 2151/1775/2251
f 2052/1641/2252 2071/1715/2253 2162/1806/2254
f 2163/1807/2255 2090/1744/2093 2042/1681/2115
f 2106/1745/2118 2006/1668/2119 2119/1776/2179
f 2092/1732/2147 2134/1793/2256 2120/1754/2146
f 2077/1710/2062 470/1748/2125 2171/1796/2224
f 2136/1783/2257 2095/1711/2258 2165/1808/2259
f 2095/1790/2227 2155/1797/2229 2165/1809/2260
f 2155/1797/2230 2141/1788/2232 2165/1809/2261
f 2079/1722/2084 2087/1721/2081 2102/1674/1987
f 2193/1770/2168 471/1594/1992 474/1677/1994
f 474/1677/2169 2143/1771/2171 2173/1810/2262
f 2238/1803/2247 2024/1664/2173 2303/1804/2248
f 2104/1726/2263 2049/1705/2051 2145/1772/2174
f 2069/1639/2088 2105/1728/2264 2146/1811/2089
f 2167/1749/2265 2105/1728/2092 2050/1680/2091
f 2037/1665/1960 2062/1694/2022 2206/1791/2211
f 2118/1753/2144 2151/1775/2177 2161/1812/2266
f 481/1666/1962 2070/1667/1964 2151/1775/2251
f 2121/1756/2267 2164/1755/2148 2055/1685/2122
f 2311/1813/2268 2170/1814/2269 2123/1782/2270
f 2191/1815/2271 2084/1720/2272 2172/1799/2273
f 2172/1799/2240 1985/1581/2242 2112/1702/2042
f 2085/1632/2065 2061/1712/2066 2112/1702/2042
f 2211/1816/2274 2061/1712/2066 2254/1800/2243
f 477/1724/2086 468/1723/2085 469/1817/2275
f 468/1818/2085 461/1819/2276 469/1820/2275
f 2175/1821/2277 2132/1773/2278 2176/1822/2279
s 0
f 2177/1823/322 2176/1822/322 2178/1824/322
s 1
f 2176/1822/2279 2132/1773/2278 2178/1824/2280
f 2178/1824/2280 2132/1773/2278 2179/1825/2281
f 2179/1825/2281 2132/1773/2278 2180/1826/2282
f 2180/1826/2282 2132/1773/2278 2181/1827/2283
s 0
f 2182/1828/322 2181/1827/322 2183/1829/322
s 1
f 2181/1827/2283 2132/1773/2278 2183/1829/2284
f 2132/1773/2285 2115/1774/2286 2183/1829/2287
f 2183/1829/2288 2115/1774/2289 2199/1830/2290
f 2199/1830/2290 2115/1774/2289 2184/1831/2291
f 2186/1832/2292 2105/1728/2092 2167/1749/2265
f 2168/1750/2293 2116/1751/2294 2187/1833/2295
f 1988/1640/2210 2089/1621/2296 2117/1752/2143
f 2003/1642/1912 2041/1550/2027 2289/1834/2297
f 2042/1681/2115 2063/1707/2117 2163/1807/2255
f 2119/1776/2179 2091/1731/2180 2133/1777/2181
f 2169/1835/2298 2121/1756/2149 2108/1733/2182
f 2135/1778/2184 2109/1747/2183 2094/1780/2299
f 2123/1782/2270 2170/1814/2269 2110/1688/2300
f 2171/1796/2224 2075/1698/2226 2077/1710/2062
f 2171/1796/2301 470/1748/2193 2233/1836/2302
f 2165/1809/2261 2141/1788/2232 2189/1837/2165
f 2141/1788/2232 2111/1761/2237 2189/1837/2165
f 2189/1768/2303 2060/1691/2167 2190/1838/2304
f 2112/1702/2042 2061/1712/2066 2211/1816/2274
f 2086/1673/1984 2087/1721/2081 2254/1800/2243
f 2237/1839/2305 2144/1713/2306 2157/1840/2245
f 2144/1725/2306 2103/1678/2135 2157/1802/2245
f 2213/1841/2307 2158/1703/2208 2113/1704/2047
f 2303/1804/2248 2114/1693/2021 2104/1726/2087
f 2132/1773/2278 2175/1821/2277 2195/1842/2308
s 0
f 2195/1842/438 2175/1821/438 2196/1843/438
f 2175/1821/322 2176/1822/322 2196/1843/322
f 2176/1822/322 2177/1823/322 2196/1843/322
s 1
f 2196/1843/2309 2177/1823/2309 2261/1844/2310
f 2261/1844/2310 2177/1823/2309 2179/1845/2309
s 0
f 2177/1823/322 2178/1824/322 2179/1845/322
f 2179/1825/322 2180/1826/322 2197/1846/322
f 2197/1846/322 2180/1826/322 2198/1847/322
f 2180/1826/438 2181/1827/438 2198/1847/438
f 2181/1827/322 2182/1828/322 2198/1847/322
s 1
f 2198/1847/2309 2182/1828/2309 2261/1844/2310
f 2261/1844/2310 2182/1828/2309 2199/1848/2311
s 0
f 2182/1828/322 2183/1829/322 2199/1848/322
s 1
f 2199/1830/2312 2184/1831/2313 2200/1849/2313
f 2200/1849/2314 2184/1831/2315 2261/1844/2316
f 2201/1850/2317 2184/1831/2318 2202/1851/2319
f 2184/1831/2291 2115/1774/2289 2202/1851/2320
f 2202/1851/2321 2115/1774/2322 2203/1852/2323
f 2203/1852/2323 2115/1774/2322 2204/1853/2324
f 2115/1774/2176 2146/1727/2089 2185/1854/2325
f 2228/1855/2326 2116/1751/2294 2117/1752/2327
f 2089/1621/2296 2284/1856/2328 2117/1752/2143
f 2207/1857/2329 2160/1805/2249 2081/1714/2250
f 2151/1775/2177 2287/1858/2330 2161/1812/2266
f 2082/1730/2331 2106/1745/2332 2163/1807/2255
f 2106/1745/2332 2119/1776/2333 2229/1859/2334
f 2120/1754/2146 2134/1793/2256 2209/1860/2335
f 2164/1755/2216 2271/1861/2336 2134/1793/2217
f 2134/1793/2256 2271/1861/2337 2209/1860/2335
f 2210/1862/2338 2108/1733/2182 467/1863/2339
f 467/1863/2340 2108/1733/2100 2083/1708/2058
f 2153/1757/2341 2122/1758/2151 2154/1794/2221
f 2058/1734/2342 2171/1796/2301 2233/1836/2302
f 2233/1836/2302 470/1748/2193 2136/1783/2195
f 2190/1838/2304 2060/1691/2167 2130/1769/2166
f 2316/1864/2343 2156/1742/2344 2234/1865/2345
f 2156/1742/2111 2142/1743/2113 2084/1798/2238
f 2172/1799/2240 2112/1702/2042 2211/1816/2274
f 461/1819/2276 468/1818/2085 463/1866/2346
f 463/1867/2346 468/1723/2085 2193/1770/2168
f 2239/1868/2347 2104/1726/2263 2214/1869/2348
f 2214/1869/2349 2104/1726/2263 2215/1870/2350
f 2215/1870/2350 2104/1726/2263 2216/1871/2350
f 2104/1726/2263 2194/1872/2350 2216/1871/2350
s 0
f 2216/1871/322 2194/1872/322 2217/1873/322
f 2217/1873/322 2194/1872/322 2218/1874/322
f 2218/1874/322 2194/1872/322 2219/1875/322
s 1
f 2194/1872/2350 2104/1726/2263 2219/1875/2351
f 2104/1726/2263 2145/1772/2174 2219/1875/2351
f 2219/1875/2352 2145/1772/2353 2220/1876/2352
f 2220/1876/2352 2145/1772/2353 2221/1877/2354
s 0
f 2222/1878/322 2221/1877/322 2223/1879/322
s 1
f 2221/1877/2354 2145/1772/2353 2223/1879/2355
f 2145/1772/2356 2132/1773/2357 2224/1880/2358
f 2132/1773/2357 2195/1842/2359 2261/1844/2310
f 2195/1842/2359 2196/1843/2309 2261/1844/2310
f 2179/1845/2309 2197/1846/2309 2261/1844/2310
f 2197/1846/2309 2198/1847/2309 2261/1844/2310
f 2199/1848/2311 2200/1849/2314 2261/1844/2316
f 2184/1831/2315 2201/1850/2360 2261/1844/2316
f 2261/1844/2316 2201/1850/2360 2225/1881/2361
s 0
f 2201/1850/2362 2202/1851/1095 2225/1881/170
f 2202/1851/322 2203/1852/322 2225/1881/322
f 2225/1881/322 2203/1852/322 2226/1882/322
s 1
f 2203/1852/2363 2204/1853/2363 2226/1882/2363
f 2226/1882/2364 2204/1853/2365 2261/1844/2316
f 466/112/141 2115/1774/2322 2185/1854/2366
f 2146/1811/2089 2105/1728/2264 2186/1832/2367
f 2270/1883/2368 2167/1749/2368 2168/1750/2368
f 2089/1621/2296 2037/1665/2369 2284/1856/2328
f 2151/1775/2251 2052/1641/2026 2162/1806/2370
f 2071/1715/2253 2208/1792/2371 2162/1806/2254
f 2208/1792/2212 2003/1642/2178 2289/1834/2372
f 2041/1550/1749 2090/1729/2093 2290/1884/2373
f 2063/1707/2117 2082/1730/2331 2163/1807/2255
f 2163/1807/2255 2106/1745/2332 2229/1859/2334
f 467/1863/2340 2083/1708/2058 2135/1778/2374
f 2135/1778/2184 2094/1780/2299 2153/1757/2375
f 2074/1687/2376 2231/1795/2376 2154/1781/2376
f 2084/1798/2272 2191/1885/2271 2235/1886/2377
f 2254/1800/2243 2079/1722/2084 469/1801/2244
f 2193/1770/2378 474/1677/2169 2173/1810/2262
f 2157/1802/2379 2158/1703/2208 2213/1841/2307
f 2239/1868/2380 2214/1869/2380 2240/1887/2380
s 0
f 2240/1887/438 2214/1869/438 2241/1888/438
f 2214/1869/438 2215/1870/438 2241/1888/438
f 2241/1888/438 2215/1870/438 2242/1889/438
f 2215/1870/322 2216/1871/322 2242/1889/322
f 2216/1871/322 2217/1873/322 2242/1889/322
s 1
f 2242/1889/2381 2217/1873/2382 462/1890/2383
f 2217/1873/2382 2218/1874/2381 462/1890/2383
f 462/1890/2383 2218/1874/2381 2243/1891/2382
s 0
f 2218/1874/322 2219/1875/322 2243/1891/322
f 2219/1875/438 2220/1876/438 2243/1891/438
f 2243/1891/322 2220/1876/322 2244/1892/322
f 2220/1876/438 2221/1877/438 2244/1892/438
f 2221/1877/322 2222/1878/322 2244/1892/322
s 1
f 2244/1892/2382 2222/1878/2384 462/1890/2383
f 2222/1878/2384 2223/1879/2385 462/1890/2383
f 2223/1879/2385 2145/1772/2356 462/1890/2386
f 462/1890/2386 2145/1772/2356 2224/1880/2358
f 2225/1881/2361 2226/1882/2364 2261/1844/2316
f 2204/1853/2324 2115/1774/2322 2245/1893/2387
f 2245/1893/2388 2115/1774/2322 2246/1894/2389
f 2246/1894/2389 2115/1774/2322 2247/1895/2390
f 2115/1774/2322 466/112/141 2247/1895/2390
f 466/112/2391 2227/1896/2391 2247/1895/2391
f 2227/1896/2392 466/112/2392 2248/1897/2392
f 2267/1898/2393 2146/1811/2089 2186/1832/2367
f 2186/1832/2394 2167/1749/2394 2249/1899/2394
f 2207/1857/2329 2081/1714/2250 2118/1753/2395
f 2041/1550/2027 2290/1884/2396 2289/1834/2297
f 2119/1776/2179 2133/1777/2181 2250/1900/2397
f 2107/1746/2214 2120/1754/2398 2250/1900/2397
f 2230/1901/2399 2120/1754/2398 2294/1902/2400
f 2058/1697/2031 2233/1903/2401 2123/1782/2192
f 2136/1783/2257 2252/1904/2402 2253/1905/2403
f 2252/1904/2402 2136/1783/2257 2165/1808/2259
f 2130/1769/2404 2156/1742/2344 2316/1864/2343
f 2254/1800/2243 2087/1721/2081 2079/1722/2084
f 2317/1906/2405 2237/1839/2406 2157/1840/2379
f 2255/1907/2407 2305/1908/2408 2256/1909/2407
f 2256/1909/2409 2305/1908/2410 2257/1910/2411
f 2257/1910/2411 2305/1908/2410 2258/1911/2411
f 2305/1908/2412 2104/1726/2413 2258/1911/2414
f 2258/1911/2415 2104/1726/2263 2259/1912/2416
f 2259/1912/2416 2104/1726/2263 2260/1913/2417
f 2260/1913/2417 2104/1726/2263 2239/1868/2347
f 2239/1868/2418 2240/1887/2419 462/1890/2383
f 2240/1887/2419 2241/1888/2382 462/1890/2383
f 2241/1888/2382 2242/1889/2381 462/1890/2383
f 2243/1891/2382 2244/1892/2382 462/1890/2383
f 2224/1880/2358 2132/1773/2357 2261/1844/2310
f 2204/1853/2420 2245/1893/2420 2262/1914/2420
s 0
f 2245/1893/438 2246/1894/438 2262/1914/438
f 2262/1914/322 2246/1894/322 2263/1915/322
f 2246/1894/438 2247/1895/438 2263/1915/438
f 2247/1895/322 2227/1916/322 2263/1915/322
s 1
f 2263/1915/2421 2227/1916/2422 466/112/2423
f 466/112/2423 464/111/2424 2264/1917/2425
f 464/1918/2426 465/1919/2427 2264/1917/2425
f 2264/1917/2425 465/1919/2427 2265/1920/2428
f 2265/1920/2429 465/110/2429 2185/1854/2429
f 465/110/139 466/112/141 2185/1854/2366
f 2146/1727/2089 2267/1921/2393 2266/1922/2430
f 2267/1921/2431 2186/1923/2431 2268/1924/2431
f 2187/1833/2295 2116/1751/2294 2228/1855/2326
f 2117/1752/2327 2205/1925/2432 2228/1855/2326
f 2284/1856/2328 2037/1665/2369 2302/1926/2433
f 2207/1857/2329 2118/1753/2395 2285/1927/2434
f 2291/1928/2435 2163/1807/2436 2229/1859/2437
f 2229/1859/2334 2119/1776/2333 2292/1929/2438
f 2133/1777/2181 2107/1746/2214 2250/1900/2397
f 2250/1900/2397 2120/1754/2398 2230/1901/2399
f 2164/1755/2148 2121/1756/2267 2272/1930/2439
f 2169/1835/2298 2108/1733/2182 2210/1862/2338
f 2232/1931/2440 2170/1814/2441 2273/1932/2442
f 2233/1836/2443 2136/1783/2257 2253/1905/2403
f 2234/1865/2345 2084/1798/2272 2235/1886/2377
f 2191/1815/2271 2172/1799/2273 2334/1933/2444
f 2295/1934/2445 463/1867/2446 2193/1770/2447
f 2143/1771/2448 2144/1713/2449 2326/1935/2450
f 2144/1713/2306 2237/1839/2305 2326/1935/2451
f 2303/1804/2452 2104/1726/2413 2305/1908/2412
f 2274/1936/2453 2305/1908/2408 2275/1937/2454
f 2305/1908/2408 2255/1907/2407 2275/1937/2454
f 2255/1907/2455 2256/1909/2456 2276/1938/2457
f 2276/1938/2457 2256/1909/2456 2277/1939/2458
s 0
f 2256/1909/2459 2257/1910/2460 2277/1939/438
f 2277/1939/322 2257/1910/322 2278/1940/322
f 2257/1910/322 2258/1911/322 2278/1940/322
f 2278/1940/438 2258/1911/438 2279/1941/438
f 2258/1911/322 2259/1912/322 2279/1941/322
f 2279/1941/322 2259/1912/322 2280/1942/322
f 2259/1912/438 2260/1913/438 2280/1942/438
s 1
f 2280/1942/2461 2260/1913/2461 2239/1868/2461
f 2261/1844/2316 2204/1853/2365 2281/1943/2462
f 2204/1853/2365 2262/1914/2463 2281/1943/2462
f 2262/1914/2463 2263/1915/2421 2281/1943/2462
f 2263/1915/2421 466/112/2423 2281/1943/2462
f 466/112/2423 2264/1917/2425 2281/1943/2462
f 2264/1917/2425 2265/1920/2428 2281/1943/2462
f 2281/1943/2464 2265/1920/2464 2185/1854/2464
f 2185/1854/2325 2146/1727/2089 2282/1944/2465
f 2146/1727/2466 2266/1922/2466 2282/1944/2466
f 2266/1945/322 2267/1946/2467 2282/1944/2468
f 2267/1946/2467 2268/1924/2469 2282/1944/2468
f 2282/1944/2468 2268/1924/2469 2281/1943/2470
f 2268/1924/2471 2186/1923/2472 2281/1943/2473
f 2249/1899/2474 2167/1749/2474 2270/1883/2474
f 2270/1883/2475 2168/1750/2476 2187/1833/2477
f 2283/1947/2478 2117/1752/2327 2284/1856/2479
f 2302/1926/2433 2037/1665/2369 2206/1791/2480
f 2206/1791/2211 2160/1805/2249 2207/1857/2329
f 2118/1753/2395 2161/1812/2481 2286/1948/2482
f 2286/1948/2482 2161/1812/2481 2287/1858/2483
f 2162/1806/2254 2208/1792/2371 2308/1949/2484
f 2090/1744/2093 2163/1807/2485 2290/1950/2373
f 2119/1776/2333 2250/1900/2486 2292/1929/2438
f 2121/1756/2267 2169/1835/2487 2272/1930/2439
f 460/1951/2488 2169/1835/2487 2210/1862/2489
f 2110/1688/2300 2170/1814/2269 2232/1931/2490
f 2123/1782/2270 2233/1903/2491 2311/1813/2268
f 2315/1952/2492 2189/1837/2303 2190/1953/2304
f 2333/1954/2493 2316/1864/2494 2234/1865/2495
f 2156/1742/2344 2084/1798/2272 2234/1865/2345
f 456/1955/2496 2254/1956/2497 461/1819/2276
f 2254/1956/2497 469/1820/2275 461/1819/2276
f 2317/1906/2405 2157/1840/2379 2213/1957/2307
f 2113/1704/2246 2238/1803/2247 459/1958/2498
f 2305/1908/2408 2274/1936/2453 2297/1959/2409
s 0
f 2297/1959/2499 2274/1936/2500 2298/1960/438
f 2298/1960/322 2274/1936/322 2299/1961/322
f 2274/1936/2501 2275/1937/2502 2299/1961/322
f 2275/1937/322 2255/1962/322 2299/1961/322
s 1
f 2299/1961/2503 2255/1962/2504 2337/1963/2505
f 2255/1962/2506 2276/1938/2507 2337/1963/2505
f 2276/1938/2507 2277/1939/2508 2337/1963/2505
f 2277/1939/2508 2278/1940/2509 2337/1963/2505
f 2337/1963/2505 2278/1940/2509 462/1890/2383
f 2278/1940/2509 2279/1941/2510 462/1890/2383
f 2279/1941/2510 2280/1942/2511 462/1890/2383
f 2280/1942/2512 2239/1868/2418 462/1890/2383
f 2261/1844/2513 2281/1943/2514 2300/1964/2515
f 2185/1854/2516 2282/1944/2468 2281/1943/2470
f 2120/1754/2398 2209/1860/2517 2294/1902/2400
f 2164/1755/2216 2272/1930/2518 2271/1861/2336
f 2135/1778/2374 2153/1757/2519 467/1863/2340
f 2231/1795/2520 2110/1688/2300 2232/1931/2490
f 2251/1965/2521 2170/1814/2269 2311/1813/2268
f 2314/1966/2522 2165/1808/2523 2315/1967/2492
f 2165/1809/2523 2189/1837/2303 2315/1952/2492
f 2236/1968/2524 2235/1969/2525 2191/1970/2526
f 2236/1968/2524 2191/1970/2526 2334/1971/2527
f 2193/1770/2378 2173/1810/2262 2296/1972/2528
f 2173/1810/2529 2143/1771/2448 2326/1935/2450
f 2113/1704/2246 459/1958/2498 2213/1841/2530
f 459/1958/2531 2238/1803/2247 2303/1804/2248
f 2297/1959/2532 2298/1960/2532 2305/1908/2532
f 2305/1908/2533 2298/1960/2534 2337/1963/2505
f 2298/1960/2534 2299/1961/2503 2337/1963/2505
f 2186/1923/2472 2301/1973/2535 2281/1943/2473
f 2186/1923/2536 2249/1974/2536 2301/1973/2536
f 2205/1925/2432 2117/1752/2327 2283/1947/2478
f 2286/1948/2482 2307/1975/2537 2118/1753/2395
f 2292/1929/2438 2250/1900/2486 2349/1976/2538
f 2293/1977/2539 2250/1900/2486 2230/1901/2540
f 2209/1860/2335 2271/1861/2337 2310/1978/2541
f 467/1863/2340 2153/1757/2519 2357/1979/2542
f 2153/1757/2519 2154/1794/2543 2357/1979/2542
f 2351/1980/2544 2253/1905/2545 2252/1904/2546
f 2252/1904/2546 2165/1808/2523 2314/1966/2522
f 2190/1838/2547 2130/1769/2404 458/1981/2548
f 2130/1769/2404 2316/1864/2343 458/1981/2548
f 2172/1799/2273 2211/1816/2549 2334/1933/2444
f 2295/1934/2550 2193/1770/2378 2296/1972/2528
f 2382/1982/2551 2237/1839/2406 2317/1906/2405
f 2301/1973/2552 2249/1974/2552 2338/1983/2552
f 2320/1984/2553 2270/1883/2475 2187/1833/2477
f 2320/1984/2553 2187/1833/2477 2228/1855/2554
f 2302/1926/2433 2206/1791/2480 2207/1857/2555
f 2285/1927/2434 2118/1753/2395 2307/1975/2537
f 2287/1858/2556 2151/1775/2557 2162/1806/2558
f 2403/1985/2559 2288/1986/2560 2208/1792/2561
f 2291/1928/2435 2229/1859/2437 457/1987/2562
f 2310/1978/2541 2271/1861/2337 2321/1988/2563
f 2154/1781/2543 2231/1795/2520 2357/1989/2542
f 2231/1795/2520 2232/1931/2490 2357/1989/2542
f 2311/1813/2564 2233/1903/2564 2332/1990/2564
f 2211/1816/2549 2254/1800/2565 2324/1991/2566
f 461/1819/2276 463/1866/2346 2325/1992/2567
f 2296/1972/2568 2173/1810/2529 2326/1935/2450
f 2261/1844/2513 2318/1993/2569 2224/1880/2570
f 2228/1855/2554 2205/1925/2571 2373/1994/2572
f 2289/1834/2372 2403/1985/2573 2208/1792/2212
f 2163/1807/2436 2291/1928/2435 2290/1950/2574
f 457/1987/2562 2229/1859/2437 2329/1995/2575
f 2350/1996/2576 2210/1862/2338 467/1863/2339
f 2350/1996/2576 467/1863/2339 2357/1979/2577
f 2357/1989/2542 2232/1931/2490 2358/1997/2578
f 2170/1814/2441 2251/1965/2579 2273/1932/2442
f 2315/1967/2580 2190/1998/2547 455/1999/2581
f 455/2000/2581 2190/1838/2547 458/1981/2548
f 2333/1954/2493 2234/1865/2495 2323/2001/2582
f 2234/1865/2495 2235/1886/2525 2323/2001/2582
f 2324/2002/2583 2254/1956/2497 456/1955/2496
f 456/1955/2584 461/1819/2276 2353/2003/2585
f 463/1867/2446 2295/1934/2445 2325/2004/2586
f 2317/1906/2587 2213/1957/2530 2354/2005/2588
f 459/1958/2589 2303/1804/2452 2305/1908/2412
f 2224/1880/2570 2318/1993/2569 2345/2006/2590
f 2318/1993/2569 2261/1844/2513 2300/1964/2515
f 2249/1899/2591 2270/1883/2475 2339/2007/2592
f 2283/1947/2478 2284/1856/2479 2391/2008/2593
f 2284/1856/2479 2302/1926/2594 2391/2008/2593
f 2286/1948/2482 2287/1858/2483 2327/2009/2595
f 2287/1858/2556 2162/1806/2558 2328/2010/2596
f 2208/1792/2371 2288/1986/2560 2308/1949/2484
f 2209/1860/2517 2310/1978/2597 2369/2011/2598
f 2271/1861/2337 2272/1930/2599 2321/1988/2563
f 2169/1835/2487 460/1951/2488 2272/1930/2439
f 2358/1997/2600 2232/1931/2440 2330/2012/2601
f 2232/1931/2440 2273/1932/2442 2330/2012/2601
f 2322/2013/2602 2251/1965/2602 2331/2014/2602
f 2332/2015/2603 2233/1836/2443 2253/1905/2403
f 2314/2016/2522 2351/2017/2544 2252/2018/2546
f 2382/1982/2604 2317/1906/2587 2354/2005/2588
f 2213/1957/2530 459/2019/2498 2335/2020/2605
f 459/2021/2589 2305/2022/2412 2344/2023/2606
f 2300/1964/2515 2281/1943/2514 2301/1973/2607
f 2301/1973/2607 2338/1983/2608 2300/1964/2515
f 2338/2024/2609 2249/1899/2591 2339/2007/2592
f 2320/1984/2553 2228/1855/2554 2362/2025/2610
f 2346/2026/2611 2205/1925/2571 2283/1947/2612
f 2411/2027/2613 2290/1950/2574 2291/1928/2435
f 2272/1930/2439 460/1951/2488 2370/2028/2614
f 2251/1965/2579 2322/2013/2615 2341/2029/2616
f 2322/2013/2617 2331/2014/2618 2359/2030/2619
f 2331/2014/2620 2251/1965/2621 2332/1990/2622
f 458/1981/2623 2316/1864/2494 2342/2031/2624
f 2342/2031/2624 2316/1864/2494 2333/1954/2493
f 2235/1969/2525 2236/1968/2524 2323/2032/2582
f 2353/2003/2585 461/1819/2276 2325/1992/2567
f 2354/2005/2588 2213/1957/2530 2335/2020/2605
f 462/1890/2625 2224/1880/2570 2345/2006/2590
f 2373/1994/2572 2205/1925/2571 2346/2026/2611
f 2207/1857/2555 2347/2033/2626 2302/1926/2433
f 2347/2033/2626 2207/1857/2555 2285/1927/2627
f 2286/1948/2482 2327/2009/2595 2307/1975/2537
f 2289/1834/2297 2290/1884/2396 2411/2034/2628
f 2349/1976/2538 2250/1900/2486 2355/2035/2629
f 2369/2011/2598 2310/1978/2597 2356/2036/2630
f 2273/1932/2442 2251/1965/2579 2341/2029/2616
f 2390/2037/2631 2236/1968/2524 2400/2038/2632
f 2334/1933/2444 2211/1816/2549 2324/1991/2566
f 2295/1934/2633 2296/1972/2568 2361/2039/2634
f 2339/2007/2592 2270/1883/2475 2320/1984/2553
f 2228/1855/2554 2373/1994/2572 2362/2025/2610
f 2283/1947/2612 2363/2040/2635 2346/2026/2611
f 2391/2008/2593 2302/1926/2594 2392/2041/2636
f 2392/2041/2636 2302/1926/2594 2347/2033/2637
f 2347/2033/2626 2285/1927/2627 2364/2042/2638
f 2327/2009/2595 2287/1858/2483 2365/2043/2639
f 2162/1806/2640 2308/1949/2641 2328/2010/2642
f 2374/2044/2643 2291/1928/2435 2367/2045/2644
f 2291/1928/2435 457/1987/2645 2367/2045/2644
f 2329/1995/2575 2229/1859/2437 2292/1929/2646
f 2250/1900/2486 2293/1977/2539 2355/2035/2629
f 2293/1977/2539 2230/1901/2540 2355/2035/2629
f 2369/2011/2598 2230/1901/2399 2294/1902/2400
f 2273/1932/2442 2388/2046/2647 2330/2012/2601
f 2341/2029/2648 2322/2013/2649 2359/2030/2650
f 2251/1965/2621 2311/1813/2651 2332/1990/2622
f 2314/1966/2652 2315/1967/2580 2414/2047/2653
f 2315/1967/2580 455/1999/2581 2414/2047/2653
f 2323/2032/2654 2236/1968/2524 2390/2037/2631
f 2325/2004/2655 2295/1934/2656 2380/2048/2657
f 2326/1935/2658 2237/1839/2406 2382/1982/2551
f 2426/2049/2659 2344/2023/2660 2305/2022/2533
f 2305/1908/2533 2337/1963/2505 2372/2050/2661
f 2405/2051/2662 462/1890/2625 2345/2006/2590
f 2366/2052/2663 2287/1858/2556 2328/2010/2596
f 2375/2053/2664 2329/1995/2575 2292/1929/2646
f 2292/1929/2646 2349/1976/2665 2368/2054/2666
f 2321/1988/2563 2272/1930/2599 2370/2028/2667
f 460/1951/2488 2210/1862/2489 2370/2028/2614
f 2210/1862/2489 2350/1996/2668 2387/2055/2669
f 2332/2015/2670 2253/1905/2545 2351/1980/2544
f 2236/1968/2524 2334/1971/2527 2400/2038/2632
f 2295/1934/2633 2361/2039/2634 2380/2048/2671
f 2296/1972/2568 2326/1935/2450 2361/2039/2634
f 2418/2056/2672 2326/1935/2658 2382/1982/2551
f 2363/2040/2635 2283/1947/2612 2391/2008/2673
f 2289/1834/2372 2411/2034/2674 2403/1985/2573
f 2411/2027/2613 2291/1928/2435 2374/2044/2643
f 457/1987/2562 2329/1995/2575 2375/2053/2664
f 2349/1976/2665 2355/2035/2675 2412/2057/2676
f 2355/2035/2629 2230/1901/2540 2394/2058/2677
f 2294/1902/2400 2209/1860/2517 2369/2011/2598
f 2356/2036/2630 2310/1978/2597 2385/2059/2678
f 2385/2059/2678 2310/1978/2597 2321/1988/2679
f 2321/1988/2563 2370/2028/2667 2386/2060/2680
f 2370/2028/2614 2210/1862/2489 2387/2055/2669
f 2396/2061/2681 2341/2029/2648 2359/2030/2650
f 2331/2014/2682 2332/1990/2682 2389/2062/2682
f 2332/1990/2670 2351/2017/2544 2413/2063/2683
f 2414/2064/2653 2351/2017/2684 2314/2016/2652
f 2333/1954/2685 2323/2001/2654 2425/2065/2686
f 2323/2032/2654 2371/2066/2687 2425/2067/2686
f 2401/2068/2688 2325/1992/2655 2380/2069/2657
f 2361/2039/2689 2326/1935/2658 2418/2056/2672
f 2335/2020/2690 459/2019/2589 2419/2070/2691
f 2419/2071/2691 459/2021/2589 2344/2023/2606
f 2305/2022/2533 2372/2072/2661 2426/2049/2659
f 2318/1993/2569 2300/1964/2515 2338/1983/2608
f 2230/1901/2540 2369/2011/2692 2394/2058/2677
f 2357/1989/2693 2358/1997/2694 2395/2073/2695
f 2395/2073/2696 2358/1997/2696 2330/2012/2696
f 2388/2046/2647 2273/1932/2442 2341/2029/2616
f 2359/2030/2619 2331/2014/2618 2397/2074/2697
f 2413/2063/2698 2351/2017/2684 454/2075/2699
f 454/2075/2699 2351/2017/2684 2414/2064/2653
f 2360/2076/2700 455/2000/2701 458/1981/2623
f 2360/2076/2700 458/1981/2623 2342/2031/2624
f 2342/2077/2702 2333/2078/2685 2399/2079/2703
f 456/1955/2584 2353/2003/2585 2379/2080/2704
f 2337/1963/2505 462/1890/2383 2372/2050/2661
f 2405/2051/2705 2345/2006/2706 2453/2081/2707
f 2453/2081/2707 2345/2006/2706 2318/1993/2569
f 2366/2052/2708 2365/2043/2639 2287/1858/2483
f 2411/2027/2709 2374/2044/2709 2403/2082/2709
f 2374/2044/2710 2367/2045/2711 2421/2083/2712
f 2404/2084/2713 457/1987/2645 2375/2053/2714
f 2350/1996/2668 2357/1979/2693 2434/2085/2715
f 2397/2074/2716 2331/2014/2716 2389/2062/2716
f 2415/2086/2717 2414/2047/2718 455/1999/2701
f 2399/2079/2703 2333/2078/2685 2425/2067/2686
f 2371/2066/2687 2323/2032/2654 2390/2037/2631
f 456/1955/2584 2379/2080/2704 2324/2002/2719
f 2324/2002/2719 2379/2080/2704 2400/2087/2720
f 2382/1982/2604 2354/2005/2588 2452/2088/2721
f 2440/2089/2722 2335/2020/2690 2419/2070/2691
f 2426/2049/2659 2419/2071/2723 2344/2023/2660
f 2372/2050/2724 462/1890/2625 2405/2051/2662
f 2402/2090/2725 2318/1993/2569 2338/1983/2608
f 2285/1927/2627 2307/1975/2726 2364/2042/2638
f 2364/2042/2638 2307/1975/2726 2436/2091/2727
f 2327/2009/2728 2365/2043/2639 2444/2092/2729
f 2292/1929/2646 2368/2054/2666 2422/2093/2730
f 2370/2028/2667 2387/2055/2731 2386/2060/2680
f 2387/2055/2669 2350/1996/2668 2434/2085/2715
f 2330/2012/2732 2388/2046/2733 2435/2094/2734
f 2396/2061/2681 2388/2046/2733 2341/2029/2648
f 2389/2062/2735 2332/1990/2735 2413/2063/2735
f 2461/2095/2736 2390/2037/2736 2400/2038/2736
f 2400/2038/2632 2334/1971/2527 2324/2096/2737
f 2453/2081/2707 2318/1993/2569 2406/2097/2738
f 2406/2097/2738 2318/1993/2569 2402/2090/2725
f 2373/1994/2572 2346/2026/2739 2420/2098/2740
f 2392/2041/2636 2347/2033/2637 2364/2042/2741
f 2375/2053/2664 2292/1929/2646 2422/2093/2730
f 2386/2060/2680 2387/2055/2731 2423/2099/2742
f 2357/1979/2693 2395/2100/2695 2434/2085/2715
f 2395/2073/2743 2330/2012/2743 2424/2101/2743
f 2371/2066/2687 2390/2037/2631 2425/2067/2744
f 2416/2102/2745 2390/2037/2746 2461/2095/2747
f 2451/2103/2748 2379/2080/2749 2353/2003/2750
f 2353/2003/2750 2325/1992/2655 2401/2068/2688
f 2402/2104/2725 2338/2024/2608 2339/2007/2751
f 2339/2007/2752 2320/1984/2753 2362/2025/2754
f 2363/2040/2635 2391/2008/2673 2392/2041/2755
f 2307/1975/2726 2327/2009/2728 2475/2105/2756
f 2443/2106/2757 2475/2105/2756 2444/2092/2729
f 2475/2105/2756 2327/2009/2728 2444/2092/2729
f 2349/1976/2665 2431/2107/2758 2368/2054/2666
f 2431/2107/2758 2349/1976/2665 2412/2057/2676
f 2432/2108/2759 2355/2035/2675 2394/2058/2760
f 2369/2011/2761 2356/2036/2762 2385/2059/2678
f 2321/1988/2763 2386/2060/2764 2433/2109/2765
f 2435/2094/2734 2388/2046/2733 2396/2061/2681
f 2396/2061/2766 2359/2030/2767 2470/2110/2768
f 2508/2111/2769 2413/2063/2698 454/2075/2699
f 455/2112/2701 2360/2113/2700 2415/2114/2717
f 2449/2115/2770 2342/2077/2702 2399/2079/2703
f 2510/2116/2771 2390/2037/2746 2416/2102/2745
f 2380/2048/2772 2361/2039/2773 2417/2117/2774
f 2418/2118/2775 2382/2119/2604 2439/2120/2776
f 2439/2120/2776 2382/2119/2604 2452/2121/2721
f 2354/2005/2777 2335/2020/2690 2440/2089/2722
f 2406/2122/2778 2427/2123/2779 2483/2124/2780
f 2362/2025/2610 2373/1994/2572 2420/2098/2740
f 2392/2041/2636 2364/2042/2741 2407/2125/2781
f 2436/2091/2727 2307/1975/2726 2475/2105/2756
f 2365/2043/2639 2366/2052/2708 2602/2126/2782
f 2410/2127/2783 2366/2052/2663 2328/2010/2596
f 2410/2127/2784 2308/1949/2641 2429/2128/2785
f 2308/1949/2484 2288/1986/2560 2429/2128/2786
f 2367/2045/2644 457/1987/2645 2404/2084/2713
f 2422/2093/2730 2368/2054/2666 2467/2129/2787
f 2605/2130/2788 2369/2011/2761 2385/2059/2678
f 2387/2055/2731 2434/2085/2789 2423/2099/2742
f 2459/2131/2790 2395/2100/2790 2424/2132/2790
f 2424/2101/2791 2330/2012/2791 2435/2094/2791
f 2448/2133/2792 2360/2113/2793 2449/2115/2770
f 2360/2113/2793 2342/2077/2702 2449/2115/2770
f 2451/2103/2748 2353/2003/2750 2401/2068/2688
f 2361/2039/2689 2418/2056/2672 2462/2134/2794
f 2354/2005/2777 2440/2089/2722 451/2135/2795
f 2441/2136/2796 2419/2071/2723 2426/2049/2659
f 2606/2137/2797 2372/2072/2724 2405/2138/2662
f 2402/2104/2725 2339/2007/2751 2485/2139/2798
f 2346/2026/2739 2363/2040/2635 2420/2098/2740
f 2288/1986/2560 2403/1985/2559 2429/2128/2786
f 2429/2140/2799 2403/2082/2800 2430/2141/2801
f 2403/2082/2800 2374/2044/2710 2430/2141/2801
f 2374/2044/2710 2421/2083/2712 2430/2141/2801
f 2404/2084/2713 2375/2053/2714 2456/2142/2802
f 2422/2093/2730 2456/2142/2802 2375/2053/2714
f 2516/2143/2803 2431/2107/2758 2412/2057/2676
f 2412/2057/2676 2355/2035/2675 2446/2144/2804
f 2470/2110/2768 2359/2030/2767 2471/2145/2805
f 2471/2145/2805 2359/2030/2767 2397/2074/2806
f 2389/2062/2807 2413/2063/2808 2497/2146/2809
f 2414/2047/2718 2415/2086/2717 2437/2147/2810
f 2450/2148/2811 2390/2037/2746 2510/2116/2771
f 2400/2087/2812 2379/2080/2749 2451/2103/2748
f 2473/2149/2813 2380/2069/2772 2417/2150/2774
f 2417/2117/2814 2361/2039/2689 2462/2134/2794
f 2440/2089/2815 2419/2070/2723 2441/2151/2796
f 2406/2122/2778 2402/2152/2816 2427/2123/2779
f 2363/2040/2635 2392/2041/2755 2465/2153/2817
f 2392/2041/2755 2407/2125/2818 2455/2154/2819
f 2407/2125/2781 2364/2042/2741 2442/2155/2820
f 2364/2042/2741 2436/2091/2821 2442/2155/2820
f 453/2156/2822 2365/2043/2639 2602/2126/2782
f 2410/2127/2784 2328/2010/2642 2308/1949/2641
f 2421/2083/2712 2367/2045/2711 2404/2084/2823
f 2431/2107/2824 2467/2129/2787 2368/2054/2666
f 2355/2035/2675 2432/2108/2759 2446/2144/2804
f 2369/2011/2692 2605/2130/2825 2394/2058/2677
f 2389/2062/2807 2497/2146/2809 2397/2074/2826
f 2497/2146/2827 2413/2063/2698 2508/2111/2769
f 2401/2068/2828 2380/2069/2772 2473/2149/2813
f 2452/2088/2829 2354/2005/2777 451/2135/2795
f 2441/2136/2830 2426/2049/2831 2606/2137/2797
f 2426/2049/2831 2372/2072/2724 2606/2137/2797
f 2492/2157/2832 2405/2138/2705 2453/2158/2707
f 2339/2007/2752 2362/2025/2754 2485/2139/2833
f 2485/2139/2833 2362/2025/2754 2454/2159/2834
f 2420/2098/2740 2363/2040/2635 2464/2160/2835
f 2365/2043/2639 453/2156/2822 2444/2092/2729
f 449/2161/2836 2404/2084/2837 2456/2142/2838
f 2422/2093/2730 2467/2129/2787 2466/2162/2839
f 2394/2058/2677 2605/2130/2825 2479/2163/2840
f 2385/2059/2678 2321/1988/2679 2605/2130/2788
f 2321/1988/2679 2433/2109/2841 2605/2130/2788
f 2423/2099/2742 2434/2085/2789 2459/2131/2842
f 2434/2085/2789 2395/2100/2843 2459/2131/2842
f 452/2164/2844 2497/2146/2827 2508/2111/2769
f 2414/2064/2718 2437/2165/2810 2481/2166/2845
f 2360/2113/2793 2448/2133/2792 2415/2114/2846
f 2425/2067/2847 2390/2037/2746 2450/2148/2811
f 2460/2167/2848 2416/2102/2745 448/2168/2849
f 2462/2169/2850 2418/2118/2775 2439/2120/2776
f 2474/2170/2851 2440/2089/2815 2441/2151/2796
f 2453/2171/2852 2406/2122/2778 2483/2124/2780
f 450/2172/2853 2619/2173/2854 2484/2174/2855
f 2430/2141/2856 2421/2083/2857 2495/2175/2858
f 2456/2142/2802 2422/2093/2730 2466/2162/2839
f 2412/2057/2676 2446/2144/2804 2468/2176/2859
f 2386/2060/2764 2517/2177/2860 2433/2109/2765
f 2517/2177/2860 2386/2060/2764 2423/2099/2861
f 2424/2101/2862 2435/2094/2863 2496/2178/2864
f 2435/2094/2863 2396/2061/2766 2470/2110/2768
f 2508/2111/2769 454/2075/2699 2481/2166/2845
f 2414/2064/2718 2481/2166/2845 454/2075/2699
f 2437/2147/2865 2415/2086/2846 2498/2179/2866
f 2415/2114/2846 2448/2133/2792 2498/2180/2866
f 2520/2181/2867 2425/2067/2847 2472/2182/2868
f 2484/2174/2869 2427/2123/2870 2493/2183/2871
f 2454/2159/2834 2362/2025/2754 2420/2098/2872
f 2465/2153/2817 2392/2041/2755 2455/2154/2819
f 2366/2052/2663 2410/2127/2783 2602/2126/2873
f 2421/2083/2857 2404/2084/2837 449/2161/2836
f 449/2161/2836 2456/2142/2838 2478/2184/2874
f 2516/2143/2803 2412/2057/2676 2468/2176/2859
f 2604/2185/2875 2432/2108/2759 2394/2058/2760
f 2479/2163/2840 2605/2130/2825 2486/2186/2876
f 2423/2099/2877 2459/2131/2877 2480/2187/2877
f 2459/2131/2878 2424/2132/2879 2496/2188/2880
f 2496/2178/2864 2435/2094/2863 2470/2110/2768
f 2437/2165/2865 2498/2180/2866 2616/2189/2881
f 2399/2079/2882 2425/2067/2847 2520/2181/2867
f 2472/2182/2868 2425/2067/2847 2450/2148/2811
f 2510/2116/2883 2416/2102/2745 2460/2167/2848
f 2416/2102/2745 2461/2095/2747 448/2168/2849
f 2400/2087/2884 2451/2103/2885 2461/2190/2886
f 2482/2191/2887 451/2135/2888 2487/2192/2889
f 2487/2192/2887 451/2135/2890 2488/2193/2891
f 2488/2193/2891 451/2135/2890 2489/2194/2892
s 0
f 2490/2195/322 2489/2194/322 2491/2196/322
s 1
f 2489/2194/2892 451/2135/2890 2491/2196/2893
f 451/2135/2894 2440/2089/2815 2474/2170/2851
f 2506/2197/2895 2405/2138/2705 2492/2157/2832
f 2483/2124/2896 2427/2123/2870 2484/2174/2869
f 2427/2123/2870 2402/2152/2897 2493/2183/2871
f 2363/2040/2635 2465/2153/2817 2464/2160/2835
f 2446/2144/2804 2432/2108/2759 2604/2185/2875
f 2604/2185/2875 2394/2058/2760 2469/2198/2898
f 2433/2109/2841 2517/2177/2899 2605/2130/2788
f 2449/2115/2900 2399/2079/2882 2520/2181/2867
f 2451/2103/2885 2401/2068/2901 2461/2190/2886
f 2473/2149/2902 2417/2150/2814 2499/2199/2903
f 2452/2088/2829 451/2135/2795 2482/2191/2904
f 2482/2191/2905 2487/2192/2905 2500/2200/2905
s 0
f 2487/2192/322 2488/2193/322 2500/2200/322
f 2500/2200/322 2488/2193/322 2501/2201/322
f 2488/2193/322 2489/2194/322 2501/2201/322
f 2501/2201/438 2489/2194/438 2502/2202/438
f 2489/2194/322 2490/2195/322 2502/2202/322
s 1
f 2502/2202/2906 2490/2195/2906 2505/2203/2907
f 2505/2203/2907 2490/2195/2906 2503/2204/2906
s 0
f 2490/2195/322 2491/2196/322 2503/2204/322
f 2503/2204/322 2491/2196/322 2504/2205/322
s 1
f 2491/2196/2893 451/2135/2890 2504/2205/2908
f 2505/2203/2907 451/2135/2894 2474/2170/2851
f 2606/2137/2909 2405/2138/2705 2506/2197/2895
f 2607/2206/2910 2492/2157/2911 2453/2158/2912
f 2619/2173/2913 450/2172/2914 2591/2207/2915
f 2407/2125/2818 2442/2155/2916 2455/2154/2819
f 2436/2091/2821 2475/2105/2917 2442/2155/2820
f 2475/2105/2917 2725/2208/2918 2513/2209/2919
f 2475/2105/2917 2443/2106/2920 2725/2208/2918
f 2430/2141/2921 2495/2175/2922 2494/2210/2923
f 2421/2083/2857 449/2161/2836 2495/2175/2858
f 2469/2198/2898 2394/2058/2760 2479/2163/2924
f 2448/2133/2925 2449/2115/2900 2520/2181/2867
f 447/2211/2926 2472/2182/2927 2450/2148/2928
f 2450/2148/2928 2510/2116/2929 2509/2212/2930
f 2462/2169/2850 2439/2120/2776 2511/2213/2931
f 2482/2191/2932 2500/2200/2933 2505/2203/2907
f 2500/2200/2933 2501/2201/2934 2505/2203/2907
f 2501/2201/2934 2502/2202/2906 2505/2203/2907
f 2503/2204/2906 2504/2205/2935 2505/2203/2907
f 2504/2205/2935 451/2135/2894 2505/2203/2907
f 2607/2214/2936 2453/2171/2852 2483/2124/2780
f 2619/2173/2854 2618/2215/2937 2484/2174/2855
f 2619/2173/2913 2591/2207/2915 2635/2216/2938
f 450/2172/2853 2484/2174/2855 2597/2217/2939
f 2598/2218/2940 2597/2217/2940 2493/2183/2940
f 2507/2219/2941 2493/2183/2871 2402/2152/2897
f 2465/2153/2817 2455/2154/2819 2639/2220/2942
f 2442/2155/2820 2475/2105/2917 2513/2209/2919
f 2410/2221/2943 2429/2140/2944 2430/2141/2921
f 2456/2142/2838 2466/2162/2945 2515/2222/2946
f 2515/2222/2946 2466/2162/2945 2467/2129/2947
f 2614/2223/2948 2467/2129/2947 2431/2107/2949
f 2469/2198/2898 2479/2163/2924 2661/2224/2950
f 2518/2225/2951 2423/2099/2861 2480/2187/2952
f 2397/2074/2953 2497/2146/2954 2471/2145/2955
f 2499/2199/2903 2417/2150/2814 2462/2226/2794
f 2633/2227/2956 2474/2170/2957 2441/2151/2830
f 2532/2228/2958 2531/2229/2959 2530/2230/2960
f 2533/2231/618 2536/2232/2961 2534/2233/2962
f 2535/2234/2963 2530/2230/2960 2536/2235/2961
f 2530/2230/2960 2534/2233/2962 2536/2235/2961
f 2536/2232/2961 2533/2231/618 2537/2236/2964
f 2533/2231/618 2534/2233/2962 2537/2236/2964
f 2537/2236/2964 2534/2233/2962 2531/2229/2959
f 2534/2233/2962 2530/2230/2960 2531/2229/2959
f 2531/2229/2959 2532/2228/2958 2540/2237/2965
f 2532/2228/2958 2530/2230/2960 2539/2238/2966
f 2536/2235/2961 2537/2236/2964 2535/2234/2963
f 2535/2234/2963 2537/2236/2964 2531/2229/2959
f 2546/2239/2967 2535/2234/2963 2531/2229/2959
f 2532/2228/2958 2539/2238/2966 2548/2240/2968
f 2540/2237/2965 2532/2228/2958 2545/2241/2969
f 2532/2228/2958 2548/2240/2968 2545/2241/2969
f 2530/2230/2960 2535/2234/2963 2527/2242/2970
f 2541/2243/2971 2543/2244/2972 2528/2245/2973
f 2523/2246/2974 2541/2243/2971 2547/2247/2975
f 2543/2244/2972 2541/2243/2971 2542/2248/2976
f 2559/2249/2977 2542/2248/2976 2541/2243/2971
f 2527/2242/2970 2535/2234/2963 2546/2239/2967
f 2526/2250/2978 2551/2251/2978 2543/2244/2978
f 2523/2252/2974 2531/2229/2959 2540/2237/2965
f 2539/2238/2966 2530/2230/2960 2549/2253/2979
f 2530/2230/2960 2529/2254/2980 2549/2253/2979
f 2546/2239/2967 2531/2229/2959 2547/2255/2975
f 2531/2229/2959 2523/2252/2974 2547/2255/2975
f 2547/2247/2975 2541/2243/2971 2528/2245/2981
f 2539/2238/2966 2549/2253/2979 2548/2240/2968
f 2555/2256/2982 2547/2255/2983 2551/2257/2984
f 2528/2245/2985 2543/2244/2985 2551/2251/2985
f 2546/2239/2967 2547/2255/2975 2524/2258/2986
f 2547/2247/2983 2528/2245/2987 2551/2251/2984
f 2526/2250/2988 2543/2244/2989 2571/2259/2990
f 2559/2249/2977 2541/2243/2971 2523/2246/2974
f 2529/2254/2980 2530/2230/2960 2563/2260/2991
f 2524/2258/2992 2547/2255/2983 2555/2256/2982
f 2555/2256/2993 2551/2257/2994 2556/2261/2995
f 2551/2257/2996 2526/2262/2996 2557/2263/2996
f 2526/2262/2997 2562/2264/2997 2557/2263/2997
f 2543/2244/2972 2542/2248/2976 2525/2265/2998
f 2559/2249/2977 2525/2265/2998 2542/2248/2976
f 2523/2252/2974 2540/2237/2965 2554/2266/2999
f 2584/2267/3000 2529/2254/2980 2563/2260/2991
f 2527/2242/2970 2546/2239/2967 2564/2268/3001
f 2551/2257/3002 2557/2263/3002 2556/2261/3002
f 2576/2269/3003 2526/2250/2988 2571/2259/2990
f 2525/2265/2998 2573/2270/3004 2558/2271/3005
f 2540/2237/2965 2545/2241/2969 2554/2266/2999
f 2563/2260/2991 2530/2230/2960 2527/2242/2970
f 2524/2258/2992 2555/2256/2982 2565/2272/3006
f 2526/2250/3007 2576/2269/3007 2562/2273/3007
f 2554/2266/2999 2545/2241/2969 2522/2274/3008
f 2568/2275/3009 2548/2240/2968 2549/2253/2979
f 2555/2256/2993 2556/2261/2995 2580/2276/3010
f 2556/2261/3011 2557/2263/3012 2569/2277/3013
f 2543/2244/2972 2525/2265/2998 2571/2259/3014
f 2523/2252/2974 2554/2266/2999 2595/2278/3015
f 2529/2254/2980 2584/2267/3000 2549/2253/2979
f 2564/2268/3001 2546/2239/2967 2524/2258/2986
f 2586/2279/3016 2521/2280/3017 2565/2272/3006
f 2521/2280/3017 2524/2258/2992 2565/2272/3006
f 2580/2276/3018 2556/2261/3011 2570/2281/3019
f 2557/2263/3012 2562/2264/3020 2569/2277/3013
f 2572/2282/3021 2566/2283/3022 2620/2284/3023
f 2620/2284/3024 2566/2283/3025 2562/2273/3020
f 2573/2270/3004 2525/2265/2998 2559/2249/2977
f 2578/2285/3026 2523/2252/2974 2595/2278/3015
f 2545/2241/2969 2548/2240/2968 2522/2274/3008
f 2563/2260/2991 2527/2242/2970 2564/2268/3001
f 2565/2272/3027 2555/2256/2993 2580/2276/3010
f 2562/2264/3020 2566/2286/3025 2569/2277/3013
f 2571/2259/3014 2525/2265/2998 2558/2271/3005
f 2559/2249/2977 2523/2246/2974 2578/2287/3026
f 2595/2278/3015 2554/2266/2999 2522/2274/3008
f 2548/2240/2968 2568/2275/3009 2522/2274/3008
f 2568/2275/3009 2549/2253/2979 2579/2288/3028
f 2524/2258/2986 2521/2280/3029 2564/2268/3001
f 2570/2281/3019 2556/2261/3011 2569/2277/3013
f 2569/2277/3030 2566/2286/3030 2581/2289/3030
f 2566/2283/3022 2572/2282/3021 2575/2290/3031
f 2564/2268/3001 2622/2291/3032 2563/2260/2991
f 2564/2268/3001 2521/2280/3029 2585/2292/3033
f 2585/2292/3034 2521/2280/3017 2586/2279/3016
f 2611/2293/3035 2565/2272/3027 2580/2276/3010
f 2625/2294/3036 2570/2281/3037 2574/2295/3038
f 2581/2289/3039 2566/2286/3022 2575/2296/3031
f 2620/2284/3040 2562/2273/3040 2576/2269/3040
f 2576/2269/3041 2571/2259/3042 2592/2297/3043
f 2610/2298/3044 2573/2270/3045 2582/2299/3046
f 2582/2299/3046 2573/2270/3045 2593/2300/3047
f 2579/2288/3028 2549/2253/2979 2584/2267/3000
f 2622/2291/3032 2564/2268/3001 2585/2292/3033
f 2572/2282/3048 2589/2301/3049 2587/2302/3050
f 2620/2284/3051 2576/2269/3052 2651/2303/3053
f 2573/2270/3004 2559/2249/2977 2593/2300/3054
f 2522/2274/3008 2568/2275/3009 2595/2278/3015
f 2623/2304/3055 2585/2292/3034 2586/2279/3016
f 2586/2279/3056 2565/2272/3027 2611/2293/3035
f 2624/2305/3057 2611/2293/3058 2580/2276/3018
f 2570/2281/3037 2569/2277/3059 2654/2306/3060
f 2654/2306/3061 2569/2277/3061 2581/2289/3061
f 2589/2301/3049 2591/2207/3062 2587/2302/3050
f 2597/2217/2939 2484/2174/2855 2493/2183/3063
f 2402/2104/2897 2485/2139/3064 2507/2307/2941
f 2507/2307/2941 2485/2139/3064 2599/2308/3065
f 2512/2309/3066 2485/2139/3067 2454/2159/3068
f 2454/2159/2834 2420/2098/2872 2600/2310/3069
f 2601/2311/3070 2464/2160/2835 2465/2153/2817
f 2478/2184/2874 2456/2142/2838 2515/2222/2946
f 2515/2222/2946 2467/2129/2947 2614/2223/2948
f 2614/2223/2948 2516/2143/3071 2643/2312/3072
f 2516/2143/3071 2614/2223/2948 2431/2107/2949
f 2479/2163/2924 2486/2186/3073 2644/2313/3074
f 2519/2314/3075 2448/2133/2925 2520/2181/2867
f 447/2211/2926 2450/2148/2928 2509/2212/2930
f 2439/2120/3076 2452/2121/2829 446/2315/3077
f 446/2315/3077 2452/2121/2829 2482/2316/2904
f 2633/2227/2956 2441/2151/2830 2606/2317/2797
f 2619/2173/2913 2635/2216/2938 443/2318/3078
f 2609/2319/3079 2591/2207/3062 2589/2301/3049
f 2589/2301/3080 2572/2282/3081 2620/2284/3082
f 2558/2271/3083 2573/2270/3045 2610/2298/3044
f 2584/2267/3000 2563/2260/2991 2621/2320/3084
f 2580/2276/3018 2570/2281/3019 2624/2305/3057
f 2570/2281/3037 2625/2294/3036 2624/2305/3085
f 2574/2295/3038 2570/2281/3037 2654/2306/3060
f 2493/2183/3086 2507/2219/3087 2598/2218/3088
f 2420/2098/2872 2464/2160/2835 2600/2310/3069
f 2626/2321/3089 453/2156/2822 2602/2126/2782
f 2410/2221/2943 2430/2141/2921 2494/2210/2923
f 2495/2175/2858 449/2161/2836 2478/2184/2874
f 2615/2322/3090 2446/2144/2804 2604/2185/3091
f 2517/2177/2860 2423/2099/2861 2518/2225/2951
f 2459/2131/2878 2496/2188/2880 2480/2187/2952
f 2508/2111/3092 2481/2166/3093 2616/2189/2881
f 2481/2166/3093 2437/2165/2865 2616/2189/2881
f 2645/2323/3094 2510/2116/3095 2460/2167/3096
f 2645/2323/3094 2646/2324/3097 2687/2325/3098
f 2461/2190/3099 2401/2068/2828 448/2326/3100
f 2401/2068/2828 2473/2149/2813 448/2326/3100
f 2607/2214/3101 2483/2124/2896 2618/2215/3102
f 2483/2124/2896 2484/2174/2869 2618/2215/3102
f 2637/2327/3103 2589/2301/3080 2620/2284/3082
f 2594/2328/3104 2578/2285/3026 2595/2278/3015
f 2621/2320/3084 2579/2288/3028 2584/2267/3000
f 2679/2329/3105 2586/2279/3056 2611/2293/3035
f 2680/2330/3106 2624/2305/3085 2625/2294/3036
f 2591/2207/2915 450/2172/2914 2597/2217/3107
f 2598/2218/3088 2507/2219/3087 2612/2331/3108
f 2601/2311/3070 2465/2153/2817 2639/2220/2942
f 2455/2154/2819 2442/2155/2916 2513/2209/3109
f 2444/2092/2729 453/2156/3110 2443/2106/2757
f 2443/2106/2757 453/2156/3110 2658/2332/3111
f 2627/2333/3112 2410/2221/3113 2494/2210/3114
f 2494/2210/2923 2495/2175/2922 2628/2334/3115
f 2495/2175/2922 2478/2184/3116 2628/2334/3115
f 2613/2335/3117 2478/2184/3116 2515/2222/3118
f 2468/2176/2859 2446/2144/2804 2615/2322/3090
f 2664/2336/3119 2520/2181/3120 2472/2182/2927
f 2631/2337/3121 2472/2182/2927 447/2211/2926
f 2646/2324/3122 2460/2167/3122 448/2168/3122
f 2473/2149/2902 2499/2199/2903 2647/2338/3123
f 444/2339/3124 2499/2199/3125 2462/2226/2850
f 444/2340/3124 2462/2169/2850 2511/2213/2931
f 2511/2213/3126 2439/2120/3076 446/2315/3077
f 2506/2197/3127 2492/2157/2911 2648/2341/3128
f 2648/2341/3128 2492/2157/2911 2607/2206/2910
f 2635/2216/3129 2591/2207/3062 2609/2319/3079
f 2592/2297/3130 2558/2271/3083 2610/2298/3044
f 2568/2275/3009 2583/2342/3131 2719/2343/3132
f 2622/2291/3032 2585/2292/3033 2653/2344/3133
f 2679/2329/3134 2611/2293/3058 2624/2305/3057
f 2721/2345/3135 2574/2295/3136 2654/2306/3137
f 2575/2290/3138 2572/2282/3138 2587/2302/3138
f 2587/2302/3139 2591/2207/2915 2597/2217/3107
f 2612/2346/3140 2507/2307/3141 2599/2308/3142
f 2485/2139/3064 2512/2309/3143 2599/2308/3065
f 2512/2309/3066 2454/2159/3068 2704/2347/3144
f 2668/2348/3145 2478/2184/3116 2613/2335/3117
f 2629/2349/3146 2516/2143/3071 2468/2176/3147
f 2661/2224/2950 2479/2163/2924 2644/2313/3074
f 2508/2111/3092 2616/2189/2881 2663/2350/3148
f 2498/2180/3149 2448/2133/2925 2519/2314/3075
f 2509/2212/3150 2510/2116/3095 2685/2351/3151
f 2460/2167/3096 2646/2324/3097 2645/2323/3094
f 2686/2352/3152 2645/2323/3094 2687/2325/3098
f 2482/2316/2932 2505/2353/2907 2734/2354/3153
f 2618/2355/2937 2619/2356/2854 2698/2357/3154
f 2636/2358/3155 2635/2216/3129 2609/2319/3079
f 2609/2319/3156 2589/2301/3080 2716/2359/3157
f 2716/2359/3157 2589/2301/3080 2637/2327/3103
f 2650/2360/3158 2637/2327/3159 2651/2303/3053
f 2651/2303/3053 2637/2327/3159 2620/2284/3051
f 2559/2249/2977 2718/2361/3160 2593/2300/3054
f 2595/2278/3015 2568/2275/3009 2719/2343/3132
f 2568/2275/3009 2579/2288/3028 2583/2342/3131
f 2654/2306/3161 2581/2289/3161 2575/2296/3161
f 2612/2346/3140 2599/2308/3142 2655/2362/3162
f 2599/2308/3065 2512/2309/3143 440/2363/3163
f 440/2363/3163 2512/2309/3143 2704/2347/3164
f 2600/2310/3069 2464/2160/2835 2656/2364/3165
f 2656/2364/3165 2464/2160/2835 2601/2311/3070
f 2443/2106/2920 2658/2332/3166 2725/2208/2918
f 453/2156/3110 2626/2321/3167 2641/2365/3168
f 2627/2333/3112 2494/2210/3114 2628/2334/3169
f 2515/2222/3118 2614/2223/3170 2642/2366/3171
f 2516/2143/3071 2629/2349/3146 2643/2312/3072
f 2629/2349/3146 2468/2176/3147 2615/2322/3172
f 2706/2367/3173 2604/2185/3174 2661/2224/3175
f 2604/2185/2875 2469/2198/2898 2661/2224/2950
f 2486/2186/2876 2605/2130/2825 2662/2368/3176
f 2605/2130/2825 2517/2177/3177 2662/2368/3176
f 441/2369/3178 2497/2146/2827 452/2164/2844
f 2683/2370/3179 2616/2189/3180 2498/2180/3181
f 2472/2182/2927 2630/2371/3182 2664/2336/3119
f 2685/2351/3151 2510/2116/3095 2645/2323/3094
f 448/2326/3183 2473/2149/2902 2647/2338/3123
f 2734/2354/3184 2505/2353/3185 2665/2372/3186
f 2665/2373/3186 2505/2203/3185 2474/2170/2957
f 2474/2170/2957 2633/2227/2956 2665/2373/3186
f 2571/2259/3187 2558/2271/3083 2592/2297/3130
f 2610/2298/3044 2582/2299/3046 445/2374/3188
f 2718/2361/3189 2559/2249/3190 2578/2287/3026
f 2622/2291/3032 2621/2320/3084 2563/2260/2991
f 2703/2375/3191 2653/2344/3192 2623/2304/3055
f 2653/2344/3192 2585/2292/3034 2623/2304/3055
f 2623/2304/3193 2586/2279/3056 2679/2329/3105
f 2597/2217/3107 2598/2218/3194 2587/2302/3139
f 2587/2302/3139 2598/2218/3194 2612/2331/3195
f 2742/2376/3196 2626/2377/3197 2602/2378/3198
f 2667/2379/3199 2410/2221/3113 2627/2333/3112
f 2628/2334/3115 2478/2184/3116 2668/2348/3145
f 2707/2380/3200 2470/2110/3201 2471/2145/2955
f 2683/2370/3179 2663/2350/3202 2616/2189/3180
f 2683/2370/3203 2498/2180/3149 2759/2381/3204
f 2498/2180/3149 2519/2314/3075 2759/2381/3204
f 2519/2314/3205 2520/2181/3120 437/2382/3206
f 437/2382/3206 2520/2181/3120 2664/2336/3119
f 2630/2371/3182 2472/2182/2927 2631/2337/3121
f 447/2211/3207 2509/2212/3150 2685/2351/3151
s 0
f 2670/2383/438 2669/2384/438 2671/2385/438
s 1
f 2669/2384/3208 446/2386/3209 2671/2385/3210
s 0
f 2673/2387/3211 2672/2388/643 2674/2389/322
s 1
f 2672/2388/3212 446/2386/3209 2674/2389/3213
s 0
f 2676/2390/322 2675/2391/322 2677/2392/322
s 1
f 2675/2393/3212 446/2386/3214 2677/2394/3212
f 446/2315/3215 2482/2316/2932 2690/2395/3216
f 2633/2227/3217 2606/2317/2909 2762/2396/3218
f 2606/2137/2909 2506/2197/2895 2762/2397/3218
f 2618/2355/2937 2698/2357/3154 431/2398/3219
f 2715/2399/3220 431/2398/3219 2698/2357/3154
f 2619/2356/2913 443/2400/3078 442/2401/3221
f 443/2318/3222 2635/2216/3129 2699/2402/3223
f 2636/2358/3224 2609/2319/3156 2716/2359/3157
f 2717/2403/3225 2716/2359/3226 2637/2327/3159
f 2717/2403/3225 2637/2327/3159 2650/2360/3158
f 2651/2303/3227 2576/2269/3041 2592/2297/3043
f 2718/2361/3160 2582/2299/3228 2593/2300/3054
f 2578/2285/3026 2594/2328/3104 2678/2404/3229
f 2719/2343/3132 2583/2342/3131 2765/2405/3230
f 2653/2344/3133 2703/2375/3231 2622/2291/3032
f 2703/2375/3191 2623/2304/3055 2753/2406/3232
f 2766/2407/3233 2679/2329/3134 2624/2305/3057
f 2680/2330/3106 2625/2294/3036 2574/2295/3038
f 2655/2362/3234 2599/2308/3235 2740/2408/3236
f 2599/2308/3235 440/2363/3237 2740/2408/3236
f 2455/2154/2819 2657/2409/3238 2769/2410/3239
f 2455/2154/2819 2513/2209/3109 2657/2409/3238
f 2513/2209/3109 2725/2208/3240 2640/2411/3241
f 2658/2332/3111 453/2156/3110 2641/2365/3168
f 2602/2378/3242 2410/2221/3113 2667/2379/3199
f 2668/2348/3145 2613/2335/3117 2705/2412/3243
f 2642/2366/3171 2614/2223/3170 2643/2312/3244
f 2629/2349/3146 2615/2322/3172 2681/2413/3245
f 2681/2413/3245 2615/2322/3172 2682/2414/3246
f 2615/2322/3172 2604/2185/3174 2682/2414/3246
f 2726/2415/3247 2661/2224/2950 2644/2313/3074
f 2518/2225/2951 2480/2187/2952 2496/2188/2880
f 2470/2110/3201 2707/2380/3200 2496/2178/2880
f 2707/2380/3200 2471/2145/2955 2497/2146/2954
f 2646/2416/3248 448/2326/3183 2647/2338/3123
f 444/2340/3249 2511/2213/3126 439/2417/3250
f 2713/2418/3251 446/2386/3251 2688/2419/3251
f 446/2386/3209 2669/2384/3208 2688/2419/3208
s 0
f 2688/2419/322 2669/2384/322 2689/2420/322
f 2669/2384/438 2670/2383/438 2689/2420/438
s 1
f 2689/2420/3252 2670/2383/3252 2690/2421/3216
f 2690/2421/3216 2670/2383/3252 2691/2422/3252
s 0
f 2670/2383/322 2671/2385/322 2691/2422/322
f 2691/2422/438 2671/2385/438 2692/2423/438
s 1
f 2671/2385/3210 446/2386/3209 2692/2423/3253
f 446/2386/3209 2672/2388/3212 2692/2423/3253
s 0
f 2692/2423/438 2672/2388/438 2693/2424/438
f 2672/2388/643 2673/2387/3254 2693/2424/3254
s 1
f 2693/2424/3255 2673/2387/3255 2690/2421/3216
f 2690/2421/3216 2673/2387/3255 2694/2425/3252
s 0
f 2673/2387/322 2674/2389/322 2694/2425/322
f 2694/2425/438 2674/2389/438 2695/2426/438
s 1
f 2674/2389/3213 446/2386/3209 2695/2426/3208
f 446/2386/3209 2675/2393/3256 2695/2426/3208
f 2675/2427/3252 2676/2390/3252 2690/2395/3216
f 2690/2395/3216 2676/2390/3252 2696/2428/3257
s 0
f 2676/2390/322 2677/2392/322 2696/2428/322
f 2696/2428/322 2677/2392/322 2697/2429/322
s 1
f 2677/2392/3212 446/2315/3214 2697/2429/3214
f 2762/2397/3258 2506/2197/3127 2648/2341/3128
f 2635/2216/3129 2636/2358/3155 2699/2402/3223
f 2717/2403/3259 2650/2360/3260 2700/2430/3261
f 2701/2431/3262 2610/2298/3044 445/2374/3188
f 2801/107/136 445/2374/3188 438/2432/3263
f 445/2374/3188 2582/2299/3046 438/2432/3263
f 2578/2287/3026 2678/2433/3229 2718/2361/3189
f 440/2363/3163 2704/2347/3164 434/2434/3264
f 2754/2435/3265 2513/2209/3109 2640/2411/3241
f 2641/2365/3266 2626/2321/3267 2756/2436/3268
f 2515/2222/3118 2642/2366/3171 2613/2335/3117
f 2706/2367/3173 2682/2414/3246 2604/2185/3174
f 2707/2437/3200 2662/2368/3176 2517/2177/3177
f 441/2369/3269 452/2164/3270 2783/2438/3271
f 2783/2438/3272 2508/2111/3092 2663/2350/3148
f 2630/2371/3182 2631/2337/3121 447/2211/3273
f 2645/2323/3094 2686/2352/3152 2685/2351/3274
f 2687/2325/3098 2646/2324/3097 2760/2439/3275
f 2729/2440/3276 2499/2199/3125 444/2339/3124
f 444/2339/3249 439/2441/3250 2785/2442/3277
f 2511/2213/3126 446/2315/3077 439/2417/3250
f 2709/2443/3278 446/2315/3279 2710/2444/3280
f 2710/2444/3280 446/2315/3279 2711/2445/3281
f 2712/2446/3282 2711/2447/3282 2713/2448/3282
f 2711/2449/3283 446/2386/3283 2713/2418/3283
f 2713/2418/3284 2688/2419/3284 2714/2450/3284
s 0
f 2688/2419/438 2689/2420/438 2714/2450/438
s 1
f 2714/2450/3285 2689/2420/3252 2690/2421/3216
f 2691/2422/3252 2692/2423/3252 2690/2421/3216
f 2692/2423/3252 2693/2424/3255 2690/2421/3216
f 2694/2425/3252 2695/2426/3257 2690/2421/3216
f 2695/2451/3252 2675/2427/3252 2690/2395/3216
f 2696/2428/3257 2697/2429/3286 2690/2395/3216
f 2697/2429/3287 446/2315/3215 2690/2395/3216
f 2690/2395/3216 2482/2316/2932 2734/2354/3153
f 2813/2452/3288 2762/2397/3258 2648/2341/3128
f 2619/2356/2913 442/2401/3221 2698/2357/3289
f 442/2401/3290 443/2400/3222 2699/2453/3223
f 438/2432/3263 2582/2299/3046 2702/2454/3291
f 2594/2328/3104 2595/2278/3015 2752/2455/3292
f 2765/2405/3230 2583/2342/3131 432/2456/3293
f 2579/2288/3028 2621/2320/3084 2583/2342/3131
f 2780/2457/3294 2623/2304/3193 2679/2329/3105
f 2766/2407/3295 2624/2305/3085 2680/2330/3106
f 2884/2458/3296 2680/2330/3297 2721/2345/3135
f 2680/2330/3297 2574/2295/3136 2721/2345/3135
f 2721/2345/3298 2654/2306/3299 2575/2296/3300
f 2575/2290/3300 2587/2302/3139 2612/2331/3195
f 2454/2159/3068 2600/2310/3301 2704/2347/3144
f 2704/2347/3144 2600/2310/3301 2723/2459/3302
f 2723/2459/3302 2600/2310/3301 2656/2364/3303
f 2643/2312/3244 2629/2349/3304 2775/2460/3305
f 2726/2415/3247 2644/2313/3074 2727/2461/3306
f 2707/2437/3200 2517/2177/3177 2518/2225/2951
f 2518/2225/2951 2496/2188/2880 2707/2437/3200
f 452/2164/3270 2508/2111/3307 2783/2438/3271
f 2664/2336/3308 2630/2371/3309 2728/2462/3310
f 2748/2463/3311 2647/2338/3312 2499/2199/3125
f 439/2417/3313 446/2315/3314 2730/2464/3315
f 2730/2464/3316 446/2315/3279 2731/2465/3317
f 446/2315/3279 2709/2443/3278 2731/2465/3317
s 0
f 2731/2466/438 2709/2467/438 2732/2468/438
f 2732/2468/322 2709/2467/322 2733/2469/322
f 2709/2467/322 2710/2470/322 2733/2469/322
f 2733/2469/322 2710/2470/322 2711/2471/322
s 1
f 2711/2471/3318 2712/2446/3319 439/2441/3320
f 439/2441/3320 2712/2446/3319 2713/2448/3321
f 439/2441/3322 2713/2448/3323 2690/2472/3216
f 2713/2418/3323 2714/2450/3285 2690/2421/3216
f 2734/2354/3184 2665/2372/3186 436/2473/3324
f 2607/2206/3101 2618/2355/3102 2648/2341/3325
f 2618/2355/3102 431/2398/3326 2648/2341/3325
f 2636/2358/3224 2716/2359/3157 2736/2474/3327
f 2737/2475/3328 2610/2298/3044 2701/2431/3262
f 2582/2299/3228 2718/2361/3160 2702/2454/3329
f 2738/2476/3330 2678/2404/3229 2594/2328/3104
f 2752/2455/3292 2595/2278/3015 2719/2343/3132
f 2583/2342/3131 2816/2477/3331 432/2456/3293
f 2739/2478/3332 2583/2342/3131 2621/2320/3084
f 2739/2478/3333 2703/2375/3191 2753/2406/3232
f 2721/2345/3298 2575/2296/3300 2612/2346/3195
f 2612/2346/3195 2655/2362/3334 2721/2345/3298
f 440/2363/3237 434/2434/3335 2740/2408/3236
f 2656/2364/3165 2601/2311/3070 2741/2479/3336
f 2658/2332/3166 2770/2480/3337 2725/2208/2918
f 2756/2481/3268 2626/2377/3267 2742/2376/3338
f 2627/2333/3112 2628/2334/3169 2743/2482/3339
f 2628/2334/3169 2668/2348/3340 2743/2482/3339
f 2613/2335/3117 2642/2366/3341 2744/2483/3342
f 2643/2312/3244 2775/2460/3305 2745/2484/3343
f 2486/2186/3073 2662/2368/3344 435/2485/3345
f 2707/2380/3346 2497/2146/2827 441/2369/3178
f 2759/2381/3347 2519/2314/3205 2810/2486/3348
f 2684/2487/3349 2519/2314/3205 437/2382/3206
f 2630/2371/3309 447/2211/3207 2728/2462/3310
f 447/2211/3207 2685/2351/3151 2746/2488/3350
f 2748/2463/3311 2499/2199/3125 2729/2440/3276
f 2729/2440/3351 444/2339/3249 2785/2442/3277
f 439/2417/3313 2730/2464/3315 2749/2489/3352
s 0
f 2749/2490/322 2730/2491/322 2750/2492/322
f 2730/2491/438 2731/2466/438 2750/2492/438
f 2731/2466/438 2732/2468/438 2750/2492/438
s 1
f 2750/2493/3353 2732/2494/3354 439/2417/3355
f 2732/2494/3354 2733/2495/3356 439/2417/3355
f 2733/2469/3356 2711/2471/3357 439/2441/3355
f 2665/2373/3358 2633/2227/3217 2762/2396/3218
f 2751/2496/3359 442/2401/3290 2763/2497/3360
f 2763/2497/3360 442/2401/3290 2735/2498/3361
f 2736/2474/450 2716/2359/3226 2717/2403/3225
f 2787/2499/3362 2650/2360/3363 2737/2475/3364
f 2650/2360/3363 2651/2303/3227 2737/2475/3364
f 2737/2475/3364 2651/2303/3227 2592/2297/3043
f 2592/2297/3365 2610/2298/3044 2737/2475/3328
f 430/2500/3366 2801/107/136 438/2432/3263
f 2802/2501/3367 2816/2477/3331 2583/2342/3131
f 2621/2320/3084 2622/2291/3032 2739/2478/3332
f 2622/2291/3032 2703/2375/3231 2739/2478/3332
f 2655/2362/3334 2740/2408/3368 2721/2345/3298
f 2658/2332/3369 2641/2365/3370 2755/2502/3371
f 2668/2348/3340 2705/2412/3372 2757/2503/3373
f 2758/2504/3374 2661/2224/3175 2726/2415/3375
f 2644/2313/3074 2486/2186/3073 435/2485/3345
f 2760/2505/3275 2646/2416/3097 2747/2506/3376
f 2646/2416/3377 2748/2463/3311 2747/2506/3378
f 2646/2416/3377 2647/2338/3312 2748/2463/3311
f 2749/2489/3354 2750/2493/3353 439/2417/3355
f 2761/2507/3379 2665/2373/3358 2762/2396/3218
f 2735/2498/3361 442/2401/3290 2699/2453/3223
f 2699/2402/3380 2636/2358/3224 2736/2474/3327
f 2736/2474/450 2717/2403/3225 2777/2508/3381
f 2890/2509/3382 2717/2403/3259 2700/2430/3261
f 2790/2510/3383 2702/2454/3329 2718/2361/3160
f 2718/2361/3384 2678/2433/3385 2764/2511/3386
f 2738/2476/3330 2594/2328/3104 2752/2455/3292
f 2753/2406/3387 2623/2304/3193 2780/2457/3294
f 2780/2457/3388 2679/2329/3134 2766/2407/3233
f 2740/2408/3236 434/2434/3335 2804/2512/3389
f 434/2434/3264 2704/2347/3164 2781/2513/3390
f 2704/2347/3164 2723/2459/3390 2781/2513/3390
f 2723/2459/3302 2656/2364/3303 2768/2514/3391
f 2768/2514/3391 2656/2364/3303 2741/2479/3392
f 2601/2311/3070 2639/2220/2942 2741/2479/3336
f 2639/2220/2942 2455/2154/2819 2769/2410/3239
f 2657/2409/3238 2513/2209/3109 2806/2515/3393
f 2806/2515/3393 2513/2209/3109 2754/2435/3265
f 2866/2516/3394 2640/2411/3241 2725/2208/3240
f 2866/2516/3394 2725/2208/3240 2770/2480/3395
f 2742/2376/3196 2602/2378/3198 2667/2379/3396
f 2772/2517/3397 2667/2379/3396 2627/2333/3398
f 2705/2412/3243 2613/2335/3117 2774/2518/3399
f 2642/2366/3171 2643/2312/3244 2745/2484/3343
f 2629/2349/3304 2681/2413/3400 2775/2460/3305
f 2706/2367/3173 2661/2224/3175 2758/2504/3374
f 2727/2461/3306 2644/2313/3074 435/2485/3401
f 2897/2519/3402 2663/2350/3403 2759/2381/3204
f 2759/2381/3204 2663/2350/3403 2683/2370/3203
f 2886/2520/3404 2687/2325/3405 2760/2439/3406
f 2787/2499/3407 2700/2430/3408 2650/2360/3409
f 445/2374/3188 2801/107/136 2778/109/138
f 429/2521/3410 2765/2405/3230 433/2522/3411
f 427/2523/3412 2739/2478/3333 421/2524/3413
f 2739/2478/3333 2753/2406/3232 421/2524/3413
f 2863/2525/3414 2680/2330/3297 2884/2458/3296
f 2804/2512/3389 434/2434/3335 2781/2513/3415
f 2768/2514/3391 2741/2479/3392 2805/2526/3416
f 2641/2365/3417 2756/2436/3418 2755/2502/3419
f 2772/2517/3397 2627/2333/3398 2773/2527/3420
f 2743/2482/3339 2668/2348/3340 2757/2503/3373
f 2613/2335/3117 2744/2483/3342 2774/2518/3399
f 2744/2483/3342 2642/2366/3341 2782/2528/3421
f 2681/2413/3400 2776/2529/3422 2793/2530/3423
f 2681/2413/3400 2682/2414/3424 2776/2529/3422
f 2776/2529/3422 2682/2414/3424 2706/2367/3425
f 2687/2325/3405 2886/2520/3404 2870/2531/3426
f 2872/2532/3427 2729/2440/3351 2785/2442/3277
f 2734/2354/3184 436/2473/3324 428/2533/3428
f 2813/2452/3429 2648/2341/3325 431/2398/3326
f 2698/2357/3289 442/2401/3221 2715/2399/3430
f 2715/2399/3430 442/2401/3221 2751/2496/3431
f 2735/2498/3432 2699/2453/3380 2786/2534/3433
f 2786/2534/3433 2699/2453/3380 2736/2535/3327
f 430/2500/3366 438/2432/3263 2702/2454/3434
f 2718/2361/3384 2764/2511/3386 2790/2510/3435
f 2719/2343/3132 429/2521/3410 2752/2455/3292
f 2719/2343/3132 2765/2405/3230 429/2521/3410
f 2815/2536/3436 2765/2405/3230 432/2456/3293
f 2802/2501/3367 2583/2342/3131 427/2523/3437
f 427/2523/3437 2583/2342/3131 2739/2478/3332
f 2936/2537/3438 2753/2406/3387 2780/2457/3294
f 2883/2538/3439 2766/2407/3295 2680/2330/3106
f 2680/2330/3297 2863/2525/3414 2985/2539/3440
f 2884/2458/3441 2721/2345/3298 2740/2408/3368
f 2723/2459/3390 2791/2540/3442 2781/2513/3390
f 2770/2480/3443 2658/2332/3369 2755/2502/3371
f 2667/2379/3396 2772/2517/3397 2742/2376/3196
f 2627/2333/3398 2743/2482/3444 2773/2527/3420
f 2808/2541/3445 2758/2504/3374 2726/2415/3375
f 2727/2461/3306 435/2485/3401 416/2542/3446
f 2796/2543/3447 435/2485/3345 2662/2368/3344
f 2809/2544/3448 2783/2438/3272 2663/2350/3148
f 2810/2486/3348 2519/2314/3205 2684/2487/3349
f 437/2382/3449 2664/2336/3450 2885/2545/3451
f 2728/2462/3310 447/2211/3207 2811/2546/3452
f 447/2211/3207 2746/2488/3350 2811/2546/3452
f 2686/2352/3453 2687/2325/3405 3024/2547/3454
f 2886/2548/3455 2760/2505/3275 2797/2549/3456
f 2747/2506/3376 2871/2550/3457 2760/2505/3275
f 2955/2551/3458 2785/2442/3459 439/2441/3322
f 2799/2552/3460 431/2398/3219 424/2553/3461
f 424/2553/3461 431/2398/3219 2715/2399/3220
f 2814/105/134 426/104/133 2751/2496/3359
f 2777/2508/3462 2717/2403/3259 2874/2554/3463
f 2874/2554/3463 2717/2403/3259 2890/2509/3382
f 2890/2509/3464 2700/2430/3408 2787/2499/3407
f 445/2374/3188 2778/109/138 2788/2555/3465
f 2801/107/136 430/2500/3366 2789/2556/3466
f 2882/2557/3467 2936/2537/3468 2780/2457/3388
f 2791/2540/3442 2723/2459/3390 2768/2514/3469
f 2769/2410/3239 2657/2409/3238 2806/2515/3393
f 2775/2460/3305 2681/2413/3400 2793/2530/3423
f 2776/2529/3422 2706/2367/3425 2758/2504/3470
f 2684/2487/3471 437/2382/3449 2885/2545/3451
f 2869/2558/3472 2728/2462/3310 2811/2546/3452
f 3024/2547/3454 2687/2325/3405 2870/2531/3426
f 2797/2549/3456 2760/2505/3275 2871/2550/3457
f 2814/105/134 2751/2496/3359 2763/2497/3360
f 2763/2497/3473 2735/2498/3432 2786/2534/3433
f 2888/2559/3474 2786/2560/3475 2777/2508/3381
f 2786/2560/3475 2736/2474/450 2777/2508/3381
f 445/2374/3188 2788/2555/3465 2701/2431/3262
f 2702/2454/3434 2790/2510/3435 2876/2561/3476
f 2765/2405/3230 2815/2536/3436 433/2522/3411
f 2819/2562/3477 2818/2563/3478 2820/2564/3479
f 2821/2565/3480 2818/2563/3478 2819/2562/3477
f 2817/2566/3481 2819/2562/3477 2820/2564/3479
f 2822/2567/3482 2818/2563/3483 2821/2565/3484
f 2820/2564/3485 2818/2563/3483 2822/2567/3482
f 2825/2568/3486 2819/2562/3477 2817/2566/3481
f 2824/2569/3487 2820/2564/3485 2822/2567/3482
f 2822/2567/3482 2821/2565/3484 2826/2570/3488
f 2821/2565/3480 2828/2571/3489 2826/2570/3490
f 2819/2562/3477 2823/2572/3491 2827/2573/3492
f 2819/2562/3493 2825/2568/3494 2823/2572/3495
f 2828/2571/3489 2821/2565/3480 2827/2573/3492
f 2821/2565/3480 2819/2562/3477 2827/2573/3492
f 2829/2574/3496 2822/2567/3497 2826/2570/3498
f 2817/2566/3499 2820/2564/3500 2824/2569/3501
f 2824/2569/3502 2822/2567/3502 2829/2574/3502
f 2826/2570/3503 2828/2571/3504 2934/2575/3505
f 2823/2572/3495 2825/2568/3494 2831/2576/3506
f 2832/2577/3507 2826/2570/3503 2934/2575/3505
f 2833/2578/3508 2827/2573/3492 2823/2572/3509
f 2817/2566/3499 2824/2569/3501 2935/2579/3510
f 2893/2580/3511 2834/2581/3512 2857/2582/3513
f 2836/2583/3514 2835/2584/3515 2846/2585/3516
f 2846/2585/3516 2842/2586/3517 2843/2587/3518
f 2841/2588/3519 2840/2589/3520 2842/2586/3517
f 2840/2589/3520 2851/2590/3521 2842/2586/3517
f 2842/2586/3517 2851/2590/3521 2843/2587/3518
f 2844/2591/3522 2840/2589/3523 2841/2588/3524
f 2850/2592/3525 2838/2593/3526 2839/2594/3527
f 2839/2594/3527 2841/2588/3519 2862/2595/3528
f 2850/2592/3525 2845/2596/3529 2838/2593/3526
f 2843/2587/3518 2851/2590/3521 2847/2597/3530
f 2852/2598/3531 2840/2589/3532 2844/2591/3533
f 2862/2595/3528 2841/2588/3519 2842/2586/3517
f 2841/2588/3524 2839/2594/3534 2879/2599/3535
f 2854/2600/3536 2845/2596/3537 2853/2601/3538
f 2845/2596/3537 2848/2602/3539 2853/2601/3538
f 2848/2602/3540 2845/2596/3529 2855/2603/3541
f 2862/2595/3528 2842/2586/3517 2835/2584/3515
f 2842/2586/3517 2846/2585/3516 2835/2584/3515
f 2838/2593/3542 2845/2596/3537 2854/2600/3536
f 2853/2601/3538 2848/2602/3539 2849/2604/3543
f 2855/2603/3541 2845/2596/3529 2850/2592/3525
f 2850/2592/3525 2839/2594/3527 2862/2595/3528
f 2893/2580/3511 2857/2582/3513 2836/2583/3544
f 2836/2583/3544 2857/2582/3513 2835/2584/3545
f 2877/2605/3546 2843/2587/3518 2847/2597/3530
f 2840/2589/3532 2852/2598/3531 2851/2590/3547
f 2844/2591/3522 2841/2588/3524 2879/2599/3535
f 2856/2606/3548 2879/2599/3535 2839/2594/3534
f 2839/2594/3534 2838/2593/3549 2856/2606/3548
f 2856/2606/3550 2838/2593/3542 2860/2607/3551
f 2838/2593/3542 2854/2600/3536 2860/2607/3551
f 2862/2595/3528 2835/2584/3515 2824/2569/3552
f 2843/2587/3518 2877/2605/3546 2846/2585/3516
f 2851/2590/3547 2852/2598/3531 2903/2608/3553
f 2905/2609/3554 2852/2598/3531 2878/2610/3555
f 2895/2611/3556 2879/2599/3557 2856/2606/3550
f 2880/2612/3558 2849/2604/3559 3000/2613/3560
f 2849/2604/3543 2848/2602/3539 2947/2614/3561
f 2829/2574/3496 2826/2570/3498 2830/2615/3562
f 2830/2615/3563 2826/2570/3563 2832/2577/3563
f 2828/2571/3489 2827/2573/3492 2981/2616/3564
f 2825/2568/3565 2817/2566/3499 2935/2579/3510
f 421/2524/3566 2753/2406/3387 2936/2537/3438
f 2882/2557/3467 2780/2457/3388 2766/2407/3233
f 2884/2458/3441 2740/2408/3368 2804/2512/3567
f 2781/2513/3415 2791/2540/3568 2804/2512/3389
f 2741/2479/3336 2639/2220/2942 2792/2617/3569
f 2639/2220/2942 2769/2410/3570 2792/2617/3569
f 2755/2502/3419 2756/2436/3418 2867/2618/3571
f 2756/2481/3268 2742/2376/3338 2868/2619/3572
f 2868/2619/3573 2742/2376/3574 2772/2517/3575
f 2782/2528/3421 2642/2366/3341 2745/2484/3576
f 2793/2530/3423 2776/2529/3422 2794/2620/3577
f 2776/2529/3422 2758/2504/3470 2807/2621/3578
f 435/2485/3401 2795/2622/3579 416/2542/3446
f 2796/2623/3580 2707/2380/3346 441/2369/3178
f 2796/2623/3581 441/2369/3269 2783/2438/3271
f 2664/2336/3308 2728/2462/3310 2869/2558/3472
f 2685/2351/3582 2686/2352/3453 2784/2624/3583
f 2872/2532/3584 2785/2442/3459 2955/2551/3458
f 2690/2395/3585 2734/2354/3184 2956/2625/3586
f 2956/2625/3586 2734/2354/3184 428/2533/3428
f 436/2473/3587 2665/2372/3358 2761/2626/3379
f 2715/2399/3430 2751/2496/3431 426/104/3588
f 2941/2627/3589 2763/2497/3473 2786/2534/3433
f 2899/2628/3590 430/2500/3366 2876/2561/3476
f 430/2500/3366 2702/2454/3434 2876/2561/3476
f 2738/2476/3330 2752/2455/3292 2901/2629/3591
f 2892/2630/3592 432/2456/3293 2816/2477/3331
f 2816/2477/3331 2857/2631/3593 2943/2632/3594
f 2857/2582/3595 2834/2581/3595 2902/2633/3595
f 2859/2634/3596 2852/2598/3531 2905/2609/3554
f 2852/2598/3531 2844/2591/3533 2878/2610/3555
f 2853/2601/3597 2849/2604/3598 2908/2635/3599
f 2908/2635/3600 2849/2604/3600 2861/2636/3600
f 2861/2636/3601 2849/2604/3559 2880/2612/3558
f 2862/2595/3528 2824/2569/3552 2829/2574/3602
f 2881/2637/3603 427/2523/3412 421/2524/3413
f 2883/2538/3439 2882/2557/3604 2766/2407/3295
f 2883/2538/3605 2680/2330/3297 2985/2539/3440
f 2754/2435/3265 2640/2411/3241 2865/2638/3606
f 2705/2412/3372 2774/2518/3607 2757/2503/3373
f 2774/2518/3399 2744/2483/3342 2782/2528/3608
f 2808/2541/3445 2726/2415/3375 2727/2461/3609
f 2662/2368/3344 2707/2437/3610 2796/2543/3447
f 2783/2438/3272 2809/2544/3448 2916/2639/3611
f 2809/2544/3612 2663/2350/3403 2897/2519/3402
f 2885/2545/3451 2810/2486/3613 2684/2487/3471
f 2885/2545/3614 2664/2336/3308 2869/2558/3472
f 2784/2624/3583 2686/2352/3453 3024/2547/3454
f 2886/2548/3615 2797/2549/3615 2887/2640/3615
f 2747/2506/3616 2748/2463/3617 2871/2550/3618
f 2748/2463/3617 2729/2440/3351 2872/2532/3427
f 439/2441/3322 2690/2472/3216 2955/2551/3458
f 436/2473/3587 2761/2626/3379 3026/2641/3619
f 2940/2642/3620 2761/2507/3621 2813/2643/3288
f 2761/2507/3621 2762/2396/3258 2813/2643/3288
f 2813/2452/3429 431/2398/3326 2799/2552/3622
f 2814/105/3623 2763/2497/3473 2941/2627/3589
f 2876/2561/3476 2790/2510/3435 2891/2644/3624
f 2891/2644/3624 2790/2510/3435 2764/2511/3386
f 2847/2597/3625 2851/2590/3547 2903/2608/3553
f 2844/2591/3626 2894/2645/3627 2878/2610/3628
f 2894/2645/3627 2844/2591/3626 2879/2599/3629
f 2854/2600/3630 2853/2601/3597 2908/2635/3599
f 2848/2602/3540 2855/2603/3541 2933/2646/3631
f 2855/2603/3541 2850/2592/3525 2948/2647/3632
f 2835/2584/3515 2857/2582/3633 2802/2648/3367
f 2791/2540/3568 415/2649/3634 2804/2512/3389
f 2770/2480/3395 2755/2502/3635 2866/2516/3394
f 2989/2650/3636 2773/2527/3420 2743/2482/3444
f 2807/2621/3578 2758/2504/3470 2808/2541/3637
f 2795/2622/3579 435/2485/3401 2796/2543/3638
f 2918/2651/3639 2759/2381/3347 2810/2486/3348
f 428/2533/3640 436/2473/3587 3026/2641/3619
f 2715/2399/3430 426/104/3588 424/2553/3641
f 420/2652/135 2957/2653/3642 426/2654/133
f 2976/2655/3643 2941/2656/3644 2888/2559/3474
f 2941/2656/3644 2786/2560/3475 2888/2559/3474
f 2888/2559/3645 2777/2508/3462 2889/2657/3646
f 2777/2508/3462 2874/2554/3463 2889/2657/3646
f 2923/2658/3647 2890/2509/3464 2787/2499/3407
f 2737/2475/3328 2701/2431/3262 2787/2499/3648
f 2942/2659/3649 422/2660/3650 425/108/3651
f 2942/2659/3649 425/108/3651 2898/2661/3652
f 2789/2556/3466 430/2500/3366 2899/2628/3590
f 2764/2511/3653 2678/2433/3654 2900/2662/3655
f 2678/2404/3654 2738/2476/3330 2900/2663/3655
f 2901/2629/3591 2752/2455/3292 429/2521/3410
f 2892/2630/3592 2816/2477/3331 2943/2632/3594
f 2846/2585/3516 2877/2605/3546 418/2664/3656
f 2903/2608/3553 2852/2598/3531 2859/2634/3596
f 2895/2611/3556 2856/2606/3550 2860/2607/3551
f 417/2665/3657 2880/2612/3558 3000/2613/3560
f 3000/2613/3658 2849/2604/3543 2947/2614/3561
f 2947/2614/3659 2848/2602/3660 2933/2646/3661
f 2981/2616/3564 2827/2573/3492 2833/2578/3508
f 2910/2666/3662 2823/2572/3662 2831/2576/3662
f 2831/2576/3663 2825/2568/3663 2935/2579/3663
f 2857/2631/3664 2816/2477/3664 2802/2501/3664
f 2881/2637/3603 2896/2667/3665 427/2523/3412
f 3017/2668/3666 2882/2557/3604 2883/2538/3439
f 2768/2514/3469 2805/2526/3667 2988/2669/3668
f 2865/2638/3606 2640/2411/3241 2866/2516/3394
f 2743/2482/3444 2757/2503/3669 2989/2650/3636
f 2782/2528/3421 2745/2484/3576 2914/2670/3670
f 2745/2484/3576 2775/2460/3671 2914/2670/3670
f 3059/2671/3672 2897/2519/3402 2917/2672/3673
f 2897/2519/3402 2759/2381/3347 2917/2672/3673
f 2917/2672/3673 2759/2381/3347 2918/2651/3639
f 2918/2651/3674 2810/2486/3613 2885/2545/3451
f 2957/2653/3642 420/2652/135 414/2673/3675
f 420/106/3676 2814/105/3623 2941/2627/3589
f 2874/2554/3677 2890/2509/3464 2923/2658/3647
f 2787/2499/3648 2701/2431/3262 2788/2555/3465
f 423/2674/3678 2788/2555/3465 2778/109/138
f 425/108/137 422/2660/3679 2778/109/138
f 425/108/3651 2801/107/136 2898/2661/3652
f 2901/2629/3591 429/2521/3410 413/2675/3680
f 2925/2676/3681 433/2522/3411 2926/2677/3682
f 2815/2536/3436 432/2456/3293 2978/2678/3683
f 432/2456/3293 2892/2630/3592 2978/2678/3683
f 2836/2583/3514 2846/2585/3516 418/2664/3656
f 2877/2605/3546 2847/2597/3530 2927/2679/3684
f 2929/2680/3685 2904/2681/3686 2905/2609/3687
f 2906/2682/3688 2878/2610/3689 2894/2645/3690
f 2894/2645/3691 2879/2599/3691 2931/2683/3691
f 2879/2599/3557 2895/2611/3556 2907/2684/3692
f 2932/2685/3693 2860/2607/3694 2908/2635/3599
f 2860/2607/3694 2854/2600/3630 2908/2635/3599
f 2850/2592/3525 2862/2595/3528 2948/2647/3632
f 2862/2595/3528 2829/2574/3602 2830/2615/3695
f 2823/2572/3696 2910/2666/3697 2833/2578/3698
f 2835/2584/3515 2802/2648/3367 2824/2569/3552
f 2768/2514/3469 2988/2669/3668 2791/2540/3442
f 2805/2526/3416 2741/2479/3392 2912/2686/3699
f 2741/2479/3392 2792/2617/3700 2912/2686/3699
f 2792/2617/3569 2769/2410/3570 2937/2687/3701
f 2756/2481/3702 2868/2619/3703 2867/2688/3704
f 2914/2670/3670 2775/2460/3671 2939/2689/3705
f 2775/2460/3671 2793/2530/3706 2939/2689/3705
f 2727/2461/3609 416/2542/3707 409/2690/3708
f 416/2542/3709 2795/2622/3579 2952/2691/3710
f 2953/2692/3711 2796/2623/3581 2783/2438/3271
f 2954/2693/3712 2870/2531/3713 2886/2520/3714
f 2955/2551/3715 2690/2472/3585 2956/2694/3586
f 2922/2695/3716 2799/2696/3460 3006/2697/3717
f 2959/2698/3718 2888/2559/3645 2889/2657/3646
f 2923/2658/3647 2889/2657/3719 2874/2554/3677
f 2778/109/138 422/2660/3679 2924/2699/3720
f 419/2700/3721 422/2660/3650 2977/2701/3722
f 2898/2661/3652 2801/107/136 2789/2556/3466
f 3008/2702/3723 2789/2556/3466 2899/2628/3590
f 2900/2663/3655 2738/2476/3330 2901/2629/3591
f 2925/2676/3681 429/2521/3410 433/2522/3411
f 2815/2536/3436 2978/2678/3683 433/2522/3411
f 2979/2703/3724 2834/2581/3512 2893/2580/3511
f 2859/2634/3596 2905/2609/3554 2928/2704/3725
f 2905/2609/3687 2878/2610/3689 2930/2705/3726
f 2878/2610/3689 2906/2682/3688 2930/2705/3726
f 3000/2613/3560 2909/2706/3727 417/2665/3657
f 2831/2576/3728 2935/2579/3728 2910/2666/3728
f 2935/2579/3729 2824/2569/3552 2802/2648/3367
f 421/2524/3566 2936/2537/3438 2983/2707/3730
f 2863/2525/3731 2884/2458/3441 2804/2512/3567
f 2791/2540/3568 2988/2669/3732 2987/2708/3733
f 2755/2502/3635 2913/2709/3734 2866/2516/3394
f 2989/2650/3636 2757/2503/3669 2774/2518/3735
f 2793/2530/3706 2794/2620/3736 2939/2689/3705
f 2727/2461/3609 409/2690/3708 2808/2541/3445
f 3059/2671/3737 2917/2672/3738 2972/2710/3739
f 2746/2488/3740 2685/2351/3582 2784/2624/3583
f 2954/2693/3741 3024/2547/3742 2870/2531/3743
f 2871/2550/3744 2919/2711/3744 2797/2549/3744
f 2919/2711/3745 2871/2550/3618 2872/2532/3427
f 2871/2550/3618 2748/2463/3617 2872/2532/3427
f 3026/2641/3746 2761/2626/3621 2940/2712/3620
f 2940/2642/3747 2813/2643/3429 2799/2713/3622
f 2799/2552/3460 424/2553/3461 3006/2714/3717
f 2976/2655/3748 2888/2559/3645 2959/2698/3718
f 2889/2657/3719 2923/2658/3647 2960/2715/3749
f 2778/109/138 2924/2699/3720 423/2674/3678
f 422/2660/3679 419/2700/3750 2924/2699/3720
f 422/2660/3650 2942/2659/3649 2977/2701/3722
f 413/2675/3680 429/2521/3410 2925/2676/3681
f 2943/2632/3594 2857/2631/3593 2902/2716/3751
f 2893/2580/3752 2836/2583/3514 418/2664/3656
f 2927/2679/3753 2847/2597/3625 2903/2608/3553
f 2905/2609/3554 2904/2681/3754 3009/2717/3755
f 2904/2681/3756 2945/2718/3757 2944/2719/3758
f 2945/2718/3759 2904/2681/3760 3011/2720/3761
f 3011/2720/3761 2904/2681/3760 2929/2680/3762
f 2906/2682/3763 2894/2645/3763 2931/2683/3763
f 2931/2683/3764 2879/2599/3557 2907/2684/3692
f 2895/2611/3765 2860/2607/3694 2932/2685/3693
f 2880/2612/3766 417/2665/3766 2909/2706/3766
f 412/2721/3767 2909/2706/3768 2964/2722/3769
f 2964/2722/3769 2909/2706/3768 3000/2613/3770
f 2855/2603/3541 3057/2723/3771 2933/2646/3772
f 3057/2723/3771 2855/2603/3541 2948/2647/3632
f 2948/2647/3632 2862/2595/3528 2830/2615/3695
f 2934/2575/3773 2828/2571/3774 2965/2724/3775
f 2828/2571/3774 2981/2616/3776 2965/2724/3775
f 2966/2725/3777 407/2726/3778 2949/2727/3779
f 2949/2727/3779 2896/2667/3665 2881/2637/3603
f 2881/2637/3780 421/2524/3566 2983/2707/3730
f 3017/2668/3781 2883/2538/3782 2984/2728/3783
f 2804/2512/3567 415/2649/3784 2863/2525/3731
f 415/2649/3634 2791/2540/3568 2987/2708/3733
f 2769/2410/3570 2806/2515/3785 2937/2687/3701
f 2867/2688/3704 2868/2619/3703 2968/2729/3786
f 2968/2729/3787 2868/2619/3788 2938/2730/3789
f 2868/2619/3573 2772/2517/3575 2938/2730/3790
f 2938/2730/3790 2772/2517/3575 2969/2731/3791
f 2989/2650/3636 2774/2518/3735 2970/2732/3792
f 2776/2529/3422 2807/2621/3793 2794/2620/3577
f 2795/2622/3579 2796/2543/3638 2953/2733/3794
f 2783/2438/3272 2916/2639/3611 2953/2692/3795
f 2972/2710/3739 2917/2672/3738 2918/2651/3796
f 2869/2558/3797 2811/2546/3798 3004/2734/3799
f 2746/2488/3740 2784/2624/3583 2973/2735/3800
f 2954/2693/3712 2886/2520/3714 2974/2736/3801
f 2974/2736/3801 2886/2520/3714 2887/2737/3802
f 2887/2640/3803 2797/2549/3803 2975/2738/3803
f 2993/2739/3804 2872/2532/3584 2955/2551/3458
f 2955/2551/3715 2956/2694/3586 3061/2740/3805
f 3005/2741/3806 3026/2641/3746 2940/2712/3620
f 2799/2696/3622 2922/2695/3807 2940/2712/3747
f 3006/2714/3808 424/2553/3641 426/104/3588
f 414/2673/3809 420/2652/3676 2941/2742/3589
f 2958/2743/3810 2976/2655/3748 2959/2698/3718
f 2923/2658/3811 2787/2499/3648 2788/2555/3465
f 2898/2661/3652 2789/2556/3466 3008/2702/3723
f 2926/2677/3682 433/2522/3411 3069/2744/3812
f 2944/2719/3758 2945/2718/3757 3010/2745/3813
f 2905/2609/3687 2930/2705/3726 2929/2680/3685
f 2907/2684/3814 2895/2611/3765 2980/2746/3815
f 2895/2611/3765 2932/2685/3693 2980/2746/3815
f 2861/2636/3816 2880/2612/3817 2909/2706/3818
f 412/2721/3819 405/2747/3820 2909/2706/3818
f 3037/2748/3821 2909/2706/3818 405/2747/3820
f 405/2747/3822 412/2721/3823 3014/2749/3824
f 2830/2615/3695 2832/2577/3825 2948/2647/3632
f 2832/2577/3825 2934/2575/3826 2948/2647/3632
f 2833/2578/3698 2910/2666/3697 3001/2750/3827
f 2935/2579/3729 2802/2648/3367 2910/2666/3828
f 2949/2727/3779 407/2726/3778 2896/2667/3665
f 2982/2751/3829 2949/2727/3830 2881/2637/3780
f 2983/2707/3831 2936/2537/3468 2882/2557/3467
f 2987/2708/3733 2988/2669/3732 2967/2752/3832
f 2988/2669/3668 2805/2526/3667 2912/2686/3833
f 2772/2517/3575 2773/2527/3834 2969/2731/3791
f 409/2690/3708 416/2542/3707 2952/2691/3835
f 3080/2753/3836 2746/2488/3740 2973/2735/3800
f 2993/2739/3804 2919/2711/3837 2872/2532/3584
f 2956/2625/3838 428/2533/3640 3026/2641/3619
f 2957/2653/3642 414/2673/3675 410/2754/3839
f 3028/2755/3840 414/2673/3809 2941/2742/3589
f 2941/2656/3644 2976/2655/3643 3029/2756/3841
f 2958/2743/3842 2959/2698/3843 3030/2757/3844
f 2959/2698/3843 2889/2657/3719 2960/2715/3749
f 2876/2561/3476 2891/2644/3845 2997/2758/3846
f 2900/2663/3655 2901/2629/3591 413/2675/3680
f 3069/2744/3812 433/2522/3411 2978/2678/3683
f 3052/2759/3847 418/2664/3656 2877/2605/3546
f 3052/2759/3847 2877/2605/3546 2927/2679/3684
f 3036/2760/3848 2903/2608/3553 2859/2634/3849
f 2928/2704/3725 2905/2609/3554 3009/2717/3755
f 2904/2681/3754 2944/2719/3850 3009/2717/3755
f 2907/2684/3851 2946/2761/3851 2931/2683/3851
f 2946/2761/3852 2907/2684/3814 2980/2746/3815
f 2802/2501/3367 427/2523/3437 407/2726/3853
f 407/2726/3853 427/2523/3437 2896/2667/3854
f 3058/2762/3855 2983/2707/3831 2882/2557/3467
f 2883/2538/3605 2985/2539/3440 3002/2763/3856
f 2912/2686/3699 2792/2617/3700 2937/2687/3857
f 2913/2709/3858 2755/2502/3859 2867/2618/3860
f 2970/2732/3792 2774/2518/3735 2782/2528/3861
f 2939/2689/3705 2794/2620/3736 2971/2764/3862
f 2807/2621/3578 2808/2541/3637 2991/2765/3863
f 2991/2765/3863 2808/2541/3637 409/2690/3864
f 2809/2544/3612 2897/2519/3402 3059/2671/3672
f 2918/2651/3865 2885/2545/3866 3046/2766/3867
f 2885/2545/3866 2869/2558/3797 3023/2767/3868
f 2811/2546/3798 2746/2488/3740 3140/2768/3869
f 2746/2488/3740 3080/2753/3836 3140/2768/3869
f 2797/2549/3870 2919/2711/3870 2975/2738/3870
f 2993/2739/3871 2955/2551/3715 3061/2740/3805
f 3063/2769/3872 2922/2695/3716 3006/2697/3717
f 426/2654/3588 2957/2653/3873 3006/2697/3808
f 410/2754/3874 414/2673/3809 3028/2755/3840
f 3029/2756/3875 2976/2655/3748 3047/2770/3876
f 2924/2699/3720 419/2700/3750 411/2771/3877
f 2995/2772/3878 411/2771/3879 3049/2773/3880
f 2899/2628/3590 2876/2561/3476 2997/2758/3846
f 3069/2744/3812 2978/2678/3683 2998/2774/3881
f 2927/2679/3753 2903/2608/3553 3036/2760/3848
f 2944/2719/3758 3010/2745/3813 2963/2775/3882
f 2929/2680/3883 2930/2705/3884 3012/2776/3885
f 2930/2705/3886 2906/2682/3887 3012/2776/3888
f 3012/2776/3888 2906/2682/3887 2999/2777/3889
f 2906/2682/3890 2931/2683/3890 2999/2777/3890
f 3013/2778/3891 2932/2685/3892 2908/2635/3893
f 3014/2749/3824 412/2721/3823 2964/2722/3894
f 2981/2616/3895 2833/2578/3895 2965/2724/3895
f 407/2726/3778 2966/2725/3777 3137/2779/3896
f 3137/2779/3897 2966/2725/3898 3016/2780/3899
f 2983/2707/3730 2982/2751/3829 2881/2637/3780
f 3017/2668/3666 3058/2762/3900 2882/2557/3604
f 2984/2728/3901 2883/2538/3605 3002/2763/3856
f 2967/2752/3832 2988/2669/3732 3040/2781/3902
f 2988/2669/3668 2912/2686/3833 3018/2782/3903
f 2912/2686/3699 2937/2687/3857 3019/2783/3904
f 2937/2687/3701 2806/2515/3785 3042/2784/3905
f 3020/2785/3906 2968/2729/3787 2938/2730/3789
f 2970/2732/3792 2782/2528/3861 3021/2786/3907
f 2794/2620/3736 2807/2621/3908 2971/2764/3862
f 2971/2764/3862 2807/2621/3908 2990/2787/3909
f 2990/2787/3909 2807/2621/3908 2991/2765/3910
f 2952/2691/3710 2795/2622/3579 2953/2733/3794
f 2869/2558/3797 3004/2734/3799 3023/2767/3868
f 3025/2788/3911 2954/2693/3712 2974/2736/3801
f 2940/2712/3747 2922/2695/3807 3063/2769/3912
f 3064/2789/3913 3063/2769/3872 3006/2697/3717
f 2957/2653/3642 410/2754/3839 3007/2790/3914
f 3028/2791/3915 2941/2656/3644 3029/2756/3841
f 3065/2792/3916 3029/2756/3875 3047/2770/3876
f 3047/2770/3876 2976/2655/3748 2958/2743/3810
f 3030/2757/3844 2959/2698/3843 2960/2715/3749
f 2924/2699/3720 411/2771/3877 3048/2793/3917
f 3049/2773/3880 411/2771/3879 3032/2794/3918
f 411/2771/3879 419/2700/3721 3032/2794/3918
f 3032/2794/3918 419/2700/3721 2977/2701/3722
f 2942/2659/3649 2898/2661/3652 3008/2702/3723
f 2764/2511/3653 2900/2662/3655 2891/2644/3919
f 3068/2795/3920 2900/2663/3655 413/2675/3680
f 413/2675/3680 2925/2676/3681 3034/2796/3921
f 3052/2759/3847 2979/2703/3922 418/2664/3656
f 3054/2797/3923 3010/2745/3924 3011/2720/3925
f 3010/2745/3924 2945/2718/3926 3011/2720/3925
f 3011/2720/3927 2929/2680/3928 3085/2798/3929
f 2980/2746/3930 2932/2685/3892 3013/2778/3891
f 2908/2635/3893 2861/2636/3816 3013/2778/3891
f 3013/2778/3891 2861/2636/3816 3037/2748/3821
f 2861/2636/3816 2909/2706/3818 3037/2748/3821
f 3037/2748/3821 405/2747/3820 3101/2799/3931
f 3000/2613/3658 2947/2614/3561 3056/2800/3932
f 3001/2750/3933 2965/2724/3933 2833/2578/3933
f 2910/2666/3828 2802/2648/3367 407/2801/3853
f 2966/2725/3934 2949/2727/3830 2982/2751/3829
f 3089/2802/3935 3017/2668/3781 2984/2728/3783
f 2985/2539/3936 2863/2525/3731 2987/2708/3937
f 2863/2525/3731 415/2649/3784 2987/2708/3937
f 2806/2515/3785 2754/2435/3938 3042/2784/3905
f 2782/2528/3861 2914/2670/3939 3021/2786/3907
f 3021/2786/3907 2914/2670/3939 3044/2803/3940
f 2973/2735/3800 2784/2624/3583 3024/2547/3454
f 2887/2737/3941 3107/2804/3942 2974/2736/3943
f 3062/2805/3944 2956/2625/3838 3026/2641/3619
f 410/2754/3839 3027/2806/3945 3007/2790/3914
f 3028/2791/3915 3029/2756/3841 3108/2807/3946
f 3066/2808/3947 2958/2743/3842 3030/2757/3844
f 2960/2715/3948 2923/2658/3811 3096/2809/3949
f 2923/2658/3811 2788/2555/3465 3096/2809/3949
f 2788/2555/3465 423/2674/3678 3096/2809/3949
f 411/2771/3877 2995/2772/3950 3048/2793/3917
f 3082/2810/3951 408/2811/3952 3049/2773/3880
f 408/2811/3952 2995/2772/3878 3049/2773/3880
f 2977/2701/3722 2942/2659/3649 3097/2812/3953
f 3008/2702/3723 2899/2628/3590 3110/2813/3954
f 3110/2813/3954 2899/2628/3590 3033/2814/3955
f 2899/2628/3590 2997/2758/3846 3033/2814/3955
f 402/2815/3956 2997/2758/3846 2891/2644/3845
f 402/2815/3957 2891/2644/3919 2900/2662/3655
f 3050/2816/3958 2998/2774/3881 2892/2630/3592
f 2998/2774/3881 2978/2678/3683 2892/2630/3592
f 3050/2816/3958 2892/2630/3592 2943/2632/3594
f 2893/2580/3752 418/2664/3656 2979/2703/3922
f 3009/2717/3755 2944/2719/3850 2963/2775/3959
f 3085/2798/3960 2929/2680/3883 3012/2776/3885
f 405/2747/3820 3055/2817/3961 3101/2799/3931
f 2910/2666/3828 407/2801/3853 3001/2750/3962
f 3001/2750/3962 407/2801/3853 2965/2724/3963
f 2982/2751/3964 2983/2707/3831 3058/2762/3855
f 3089/2802/3965 2984/2728/3966 3039/2818/3967
f 3040/2781/3902 2988/2669/3732 3041/2819/3968
f 3041/2819/3968 2988/2669/3732 3018/2782/3969
f 2865/2638/3606 2866/2516/3394 404/2820/3970
f 3020/2785/3906 2938/2730/3789 3076/2821/3971
f 2969/2731/3791 2773/2527/3834 3043/2822/3972
f 2773/2527/3834 2989/2650/3973 3043/2822/3972
f 409/2690/3708 2952/2691/3835 3093/2823/3974
f 3060/2824/3975 3059/2671/3737 3106/2825/3976
f 3059/2671/3737 2972/2710/3739 3106/2825/3976
f 3124/2826/3977 3024/2547/3742 2954/2693/3741
f 2975/2738/3978 2919/2711/3837 2993/2739/3804
f 3062/2827/3944 3061/2740/3979 2956/2694/3838
f 3066/2808/3947 3047/2770/3980 2958/2743/3842
f 3096/2809/3949 423/2674/3678 2924/2699/3720
f 2924/2699/3981 3048/2793/3981 3096/2809/3981
f 3067/2828/3982 2900/2663/3655 3068/2795/3920
f 3034/2796/3921 2925/2676/3681 2926/2677/3682
f 3070/2829/3983 3050/2816/3958 2943/2632/3594
f 2902/2633/3984 2834/2581/3985 3051/2830/3986
f 2834/2581/3987 2979/2703/3987 3051/2830/3987
f 3084/2831/3988 2963/2775/3882 3010/2745/3813
f 2931/2683/3989 2946/2761/3990 2980/2746/3930
f 3072/2832/3991 3037/2748/3821 3101/2799/3931
f 3103/2833/3992 2964/2722/3993 3136/2834/3994
f 2964/2722/3993 3000/2613/3658 3136/2834/3994
f 3015/2835/3995 2933/2646/3772 3057/2723/3771
f 3040/2781/3996 3041/2819/3996 3074/2836/3996
f 2912/2686/3833 3019/2783/3997 3018/2782/3903
f 2754/2435/3938 2865/2638/3606 3042/2784/3905
f 2867/2688/3998 2968/2729/3999 3105/2837/4000
f 2914/2670/3939 2939/2689/4001 3044/2803/3940
f 3003/2838/4002 409/2690/3864 3093/2823/4003
f 3060/2824/4004 2809/2544/3612 3059/2671/3672
f 2887/2640/4005 2975/2738/4005 3107/2839/4005
f 3108/2807/4006 3029/2756/3875 3065/2792/3916
f 3109/2840/4007 3047/2770/3980 3066/2808/3947
f 3048/2793/3917 2995/2772/3950 3081/2841/4008
f 3081/2841/4008 2995/2772/3950 408/2811/4009
f 3031/2842/4010 408/2811/3952 403/2843/4011
f 3083/2844/4012 2942/2659/3649 3008/2702/3723
f 402/2815/3957 2900/2662/3655 3067/2845/3982
f 2943/2632/3594 3035/2846/4013 3070/2829/3983
f 3052/2759/3847 2927/2679/3684 3053/2847/4014
f 2927/2679/3753 3036/2760/3848 3053/2847/4015
f 3009/2717/4016 3071/2848/4017 2928/2704/4018
f 3009/2717/3755 2963/2775/3959 3148/2849/4019
f 3100/2850/4020 3086/2851/4021 3037/2748/3821
f 3086/2851/4021 3013/2778/3891 3037/2748/3821
f 3014/2749/4022 2964/2722/3993 3103/2833/3992
f 3136/2834/3994 3000/2613/3658 3056/2800/3932
f 2948/2647/3632 2934/2575/3826 2965/2724/3963
f 2982/2751/3964 3058/2762/3855 3117/2852/4023
f 3088/2853/4024 3058/2762/3900 3017/2668/3666
f 2937/2687/3857 3042/2784/4025 3019/2783/3904
f 2866/2516/3394 2913/2709/3734 404/2820/3970
f 3090/2854/4026 2968/2729/3999 3020/2785/4027
f 3076/2821/3971 2938/2730/3789 3077/2855/4028
f 2938/2730/3789 2969/2731/4029 3077/2855/4028
f 3044/2803/3940 2939/2689/4001 3078/2856/4030
f 3078/2856/4030 2939/2689/4001 3091/2857/4031
f 2939/2689/4001 2971/2764/4032 3091/2857/4031
f 2971/2764/4033 2990/2787/4034 3092/2858/4035
f 409/2690/3864 3003/2838/4002 2991/2765/3863
f 3093/2823/3974 2952/2691/3835 2916/2859/4036
f 2952/2691/3835 2953/2733/4037 2916/2859/4036
f 2972/2710/4038 2918/2651/3865 3122/2860/4039
f 3046/2766/3867 2885/2545/3866 3079/2861/4040
f 2885/2545/3866 3023/2767/3868 3079/2861/4040
f 3023/2767/4041 3004/2734/3799 3094/2862/4042
f 3004/2734/3799 2811/2546/3798 3140/2768/3869
f 3125/2863/4043 3062/2805/4044 3005/2741/3806
f 3062/2805/4044 3026/2641/3746 3005/2741/3806
f 401/2864/4045 3063/2769/3872 3064/2789/3913
f 3006/2697/3808 2957/2653/3873 3064/2789/4046
f 3064/2789/4046 2957/2653/3873 3007/2790/4047
f 3145/2865/4048 3108/2807/4006 3065/2792/3916
f 403/2843/4011 408/2811/3952 3082/2810/3951
f 2926/2677/3682 3069/2744/3812 3034/2796/3921
f 400/2866/4049 3148/2849/4019 2963/2775/3959
f 3054/2797/4050 3011/2720/3927 3130/2867/4051
f 3011/2720/3927 3085/2798/3929 3130/2867/4051
f 3012/2776/4052 2999/2777/4053 3085/2798/4054
f 2999/2777/4053 2931/2683/3989 3085/2798/4054
f 2931/2683/3989 2980/2746/3930 3099/2868/4055
f 3101/2799/3931 3055/2817/3961 3102/2869/4056
f 3055/2817/4057 405/2747/3822 3014/2749/3824
f 2947/2614/3659 2933/2646/3661 3015/2835/4058
f 3057/2723/3771 2948/2647/3632 2965/2724/3963
f 3016/2780/4059 2966/2725/4059 3104/2870/4059
f 2966/2725/3934 2982/2751/3829 3104/2870/4060
f 3058/2762/3900 3088/2853/4024 3118/2871/4061
f 3002/2763/4062 2985/2539/3936 2967/2752/4063
f 2985/2539/3936 2987/2708/3937 2967/2752/4063
f 3040/2781/3902 3074/2836/4064 2967/2752/3832
f 382/2872/4065 3018/2782/3903 3019/2783/3997
f 3019/2783/3904 3042/2784/4025 3138/2873/4066
f 3042/2784/3905 2865/2638/3606 3075/2874/4067
f 2865/2638/3606 404/2820/3970 3075/2874/4067
f 2968/2729/3999 3090/2854/4026 3105/2837/4000
f 2969/2731/4029 3043/2822/4068 3077/2855/4028
f 3043/2822/3972 2989/2650/3973 2970/2732/4069
f 3121/2875/4070 3120/2876/4071 2972/2710/4038
f 3095/2877/4072 2993/2739/3871 3061/2740/3805
f 3005/2741/4073 2940/2712/3747 3063/2769/3912
f 3047/2770/3980 3109/2840/4007 3065/2792/4074
f 2960/2715/3948 3096/2809/3949 3030/2757/4075
f 3048/2793/4076 3081/2841/4077 3096/2809/3949
f 3081/2841/4008 408/2811/4009 3031/2842/4078
f 3126/2878/4079 3049/2773/3880 376/2879/4080
f 3049/2773/3880 3032/2794/3918 376/2879/4080
f 3032/2794/3918 2977/2701/3722 376/2879/4080
f 2977/2701/3722 3097/2812/3953 376/2879/4080
f 3097/2812/3953 2942/2659/3649 3083/2844/4012
f 3068/2795/3920 413/2675/3680 3034/2796/3921
f 2943/2632/3594 2902/2716/3751 3035/2846/4013
f 2902/2633/3984 3051/2830/3986 3098/2880/4081
f 3053/2847/4015 3036/2760/3848 379/2881/4082
f 3036/2760/3848 2859/2634/3849 3111/2882/4083
f 2859/2634/3849 2928/2704/4018 3111/2882/4083
f 2963/2775/3882 3084/2831/3988 400/2866/4084
f 3084/2831/4085 3054/2797/3923 3128/2883/4086
f 3084/2831/4085 3010/2745/3924 3054/2797/3923
f 2980/2746/3930 3013/2778/3891 3099/2868/4055
f 3014/2749/4022 3103/2833/3992 3115/2884/4087
f 3057/2723/3771 2965/2724/3963 3137/2885/4088
f 2965/2724/3963 407/2801/3853 3137/2885/4088
f 3104/2870/4089 2982/2751/3964 3117/2852/4023
f 3117/2852/4090 3058/2762/3900 3118/2871/4061
f 3088/2853/4091 3017/2668/3781 3168/2886/4092
f 3018/2782/3969 3153/2887/4093 3041/2819/3968
f 3138/2873/4066 3042/2784/4025 3075/2874/4094
f 2913/2709/3858 2867/2618/3860 3105/2888/4095
f 3020/2785/4027 3076/2821/4096 3119/2889/4097
f 2970/2732/4069 3021/2786/4098 3156/2890/4099
f 381/2891/4100 3091/2857/4031 2971/2764/4032
f 3122/2860/4039 2918/2651/3865 3046/2766/3867
f 3080/2753/3836 2973/2735/3800 3024/2547/3454
f 3024/2547/3742 3124/2826/3977 3142/2892/4101
f 3124/2826/4102 2954/2693/3712 3025/2788/3911
f 3025/2788/3911 2974/2736/3801 3143/2893/4103
f 2975/2738/4104 2993/2739/3871 3095/2877/4072
f 377/2894/4105 3063/2769/3872 401/2864/4045
f 3187/2895/4106 3028/2791/3915 3108/2807/3946
f 3031/2842/4010 403/2843/4011 3174/2896/4107
f 3083/2844/4012 3008/2702/3723 3110/2813/3954
f 3069/2744/3812 2998/2774/3881 3034/2796/3921
f 2998/2774/3881 3162/2897/4108 3034/2796/3921
f 2979/2703/3922 3052/2759/3847 3051/2830/4109
f 379/2881/4110 3036/2760/3848 3111/2882/4083
f 2928/2704/4018 3071/2848/4017 3111/2882/4083
f 400/2866/4084 3084/2831/3988 398/2898/4111
f 3085/2798/4054 392/97/4112 3130/2867/4113
f 392/97/4112 395/102/4114 3130/2867/4113
f 3164/2899/4115 393/98/4115 394/99/4115
f 389/93/119 390/95/118 3131/2900/4116
f 3131/2900/4116 390/95/118 3132/103/132
f 2931/2683/3989 397/101/4117 391/96/4118
f 392/97/4112 3085/2798/4054 391/96/4118
f 391/96/4118 3085/2798/4054 2931/2683/3989
f 3180/2901/4119 3013/2778/4120 3086/2851/4121
f 3100/2850/4020 3037/2748/3821 3072/2832/3991
f 3072/2832/4122 3101/2799/4123 3113/2902/4124
f 3114/2903/4125 3055/2817/4057 3014/2749/3824
f 373/2904/4126 2947/2614/3659 3015/2835/4058
f 3195/2905/4127 399/2906/4128 3183/2907/4129
f 3116/2908/4130 399/2906/4128 3016/2780/4131
f 3017/2668/3781 3089/2802/3935 3168/2886/4092
f 2984/2728/3966 3002/2763/4062 3074/2836/4132
f 3002/2763/4062 2967/2752/4063 3074/2836/4132
f 3018/2782/3969 382/2872/4133 3153/2887/4093
f 3090/2854/4026 3020/2785/4027 3119/2889/4097
f 378/2909/4134 3077/2855/4028 3043/2822/4068
f 3043/2822/3972 2970/2732/4069 3156/2890/4099
f 3003/2838/4002 3093/2823/4003 3139/2910/4135
f 2916/2639/4136 2809/2544/3612 3060/2824/4004
f 3106/2825/3976 2972/2710/3739 3120/2876/4137
f 3121/2875/4070 2972/2710/4038 3122/2860/4039
f 3140/2768/4138 3080/2753/4139 3141/2911/4140
f 3080/2753/4139 3024/2547/3742 3142/2892/4101
f 3242/2912/4141 3124/2826/4102 3025/2788/3911
f 3107/2839/4142 2975/2738/4104 3095/2877/4072
f 3005/2741/4073 3063/2769/3912 377/2894/4143
f 3064/2789/4046 3007/2790/4047 401/2864/4144
f 401/2864/4144 3007/2790/4047 3027/2806/4145
f 410/2754/3839 3144/2913/4146 3027/2806/3945
f 410/2754/3874 3028/2755/3840 3144/2913/4147
f 3145/2865/4148 3065/2792/4074 3161/2914/4149
f 3161/2914/4149 3065/2792/4074 3109/2840/4007
f 3066/2808/4150 3030/2757/4075 3096/2809/3949
f 3031/2842/4010 3174/2896/4107 3230/2915/4151
f 3082/2810/3951 3049/2773/3880 3126/2878/4079
f 3033/2814/3955 3176/2916/4152 3110/2813/3954
f 3176/2916/4152 3033/2814/3955 2997/2758/3846
f 3050/2816/3958 3070/2829/3983 3162/2897/4108
f 3189/2917/4153 3071/2848/4017 3009/2717/4016
f 3127/2918/4154 398/2898/4111 3084/2831/3988
f 3054/2797/4050 3129/87/4155 3128/2883/4156
f 3054/2797/4050 3130/2867/4051 3129/87/4155
f 393/98/4157 3164/2899/4157 395/102/4157
f 394/99/127 389/93/117 3131/2900/4158
f 3099/2868/4159 3013/2778/4120 3149/2919/4160
f 3100/2850/4161 3134/2920/4162 3086/2851/4121
f 3135/2921/4163 3100/2850/4161 3072/2832/4122
f 3135/2921/4163 3072/2832/4122 3113/2902/4124
f 375/2922/4164 3055/2817/4057 3114/2903/4125
f 3115/2884/4165 3103/2833/4166 3150/2923/4167
f 3103/2833/4166 3136/2834/4168 3182/2924/4169
f 3137/2779/3897 3016/2780/3899 399/2906/4170
f 3183/2907/4129 399/2906/4128 3116/2908/4130
f 3152/2925/4171 3117/2852/4090 3118/2871/4061
f 2984/2728/3966 3074/2836/4132 3041/2819/4172
f 382/2872/4065 3019/2783/3997 374/2926/4173
f 3019/2783/3997 3138/2873/4174 374/2926/4173
f 3075/2874/4094 3169/2927/4175 3154/2928/4176
f 404/2820/3970 2913/2709/4177 3105/2888/4178
f 3156/2890/4099 3021/2786/4098 3044/2803/4179
f 2991/2765/3910 3003/2838/4180 3158/2929/4181
f 3003/2838/4180 3139/2910/4182 3158/2929/4181
f 3093/2823/4003 2916/2859/4183 3139/2910/4135
f 3094/2862/4042 3004/2734/3799 3123/2930/4184
f 3123/2930/4184 3004/2734/3799 3140/2768/3869
f 3141/2911/4140 3080/2753/4139 3142/2892/4101
f 3186/2931/4185 3062/2827/4044 3125/2932/4043
f 3125/2863/4186 3005/2741/4073 377/2894/4143
f 377/2894/4105 401/2864/4045 3202/2933/4187
f 3160/2934/4188 3108/2807/4006 3145/2865/4048
f 3109/2840/4189 3066/2808/4150 3096/2809/3949
f 3146/2935/4190 3126/2878/4079 376/2879/4080
f 2997/2758/3846 402/2815/3956 3176/2916/4152
f 3176/2916/4152 402/2815/3956 3205/2936/4191
f 3009/2717/4016 3148/2849/4192 3189/2917/4153
f 3128/2883/4156 3129/87/4155 3163/2937/4193
f 3099/2868/4194 3112/2938/4195 3179/2939/4196
f 3112/2938/4197 3099/2868/4159 3149/2919/4160
f 3013/2778/4120 3180/2901/4119 3149/2919/4160
f 3180/2901/4119 3086/2851/4121 3165/2940/4198
f 3086/2851/4121 3134/2920/4162 3165/2940/4198
f 3134/2920/4162 3100/2850/4161 3135/2921/4163
f 3114/2903/4199 3014/2749/4022 3115/2884/4087
f 3150/2923/4167 3103/2833/4166 3182/2924/4169
f 3057/2723/3771 3151/2941/4200 3166/2942/4201
f 3016/2780/4202 3104/2870/4202 3116/2908/4202
f 3167/2943/4203 3118/2871/4204 3168/2886/4092
f 3118/2871/4204 3088/2853/4091 3168/2886/4092
f 2984/2728/3966 3041/2819/4172 3153/2887/4205
f 3138/2873/4066 3075/2874/4094 3154/2928/4176
f 3075/2874/4067 404/2820/3970 3169/2927/4206
f 3076/2821/4096 3077/2855/4207 3208/2944/4208
f 3208/2944/4208 3077/2855/4207 3170/2945/4209
f 378/2909/4134 3043/2822/4068 3155/2946/4210
f 3156/2890/4099 3044/2803/4179 3157/2947/4211
f 3158/2929/4181 2990/2787/3909 2991/2765/3910
f 3023/2767/4041 3172/2948/4212 3079/2861/4213
f 3025/2788/3911 380/2949/4214 3242/2912/4141
f 3028/2950/3840 372/2951/4215 3144/2952/4147
f 3028/2791/3915 3187/2895/4106 372/2953/4216
f 3160/2934/4188 3187/2895/4217 3108/2807/4006
f 3145/2865/4148 3161/2914/4149 3188/2954/4218
f 3204/2955/4219 3097/2812/3953 3175/2956/4220
f 3097/2812/3953 3083/2844/4012 3175/2956/4220
f 3205/2936/4191 402/2815/3956 3067/2845/3982
f 3177/2957/4221 3068/2795/3920 3034/2796/3921
f 3162/2897/4108 2998/2774/3881 3050/2816/3958
f 3162/2897/4108 3070/2829/3983 354/2958/4222
f 3035/2846/4013 2902/2716/3751 354/2958/4222
f 354/2958/4222 2902/2716/3751 3098/2959/4223
f 3051/2830/4109 3052/2759/3847 3147/2960/4224
f 3147/2960/4224 3052/2759/3847 3053/2847/4014
f 3193/2961/4225 396/100/4225 397/101/4225
f 3101/2799/4226 3181/2962/4227 3113/2902/4228
f 3181/2962/4227 3101/2799/4226 3102/2869/4229
f 375/2922/4164 3194/2963/4230 3055/2817/4057
f 3056/2800/4231 2947/2614/3659 373/2904/4126
f 3015/2835/3995 3057/2723/3771 3166/2942/4201
f 3116/2908/4232 3104/2870/4089 3117/2852/4023
f 3152/2925/4233 3118/2871/4204 3167/2943/4203
f 3089/2802/3965 3039/2818/3967 3153/2887/4205
f 3039/2818/3967 2984/2728/3966 3153/2887/4205
f 3153/2887/4093 382/2872/4133 374/2926/4234
f 3170/2945/4209 3077/2855/4207 378/2909/4235
f 3043/2822/4068 3156/2890/4236 3155/2946/4210
f 3044/2803/4179 3078/2856/4237 3157/2947/4211
f 381/2891/4100 2971/2764/4032 3226/2964/4238
f 3226/2964/4238 2971/2764/4032 3092/2858/4239
f 2990/2787/4034 3158/2929/4240 3092/2858/4035
f 3120/2876/4071 3171/2965/4241 3198/2966/4242
f 3046/2766/4243 3079/2861/4213 2649/2967/4244
f 3172/2948/4212 3023/2767/4041 3094/2862/4042
f 3142/2892/4245 3124/2826/4102 3184/2968/4246
f 380/2949/4214 3025/2788/3911 3143/2893/4103
f 3143/2893/4247 2974/2736/3943 3107/2804/3942
f 3095/2877/4248 3061/2740/3979 3062/2827/3944
f 3202/2933/4249 401/2864/4144 3213/2969/4250
f 3027/2806/3945 3144/2913/4146 3173/2970/4251
f 3145/2865/4148 3188/2954/4218 3160/2934/4252
f 3229/2971/4253 3096/2809/3949 3081/2841/4077
f 3070/2829/3983 3035/2846/4013 354/2958/4222
f 3111/2882/4083 3071/2848/4017 3189/2917/4153
f 3190/2972/4254 3148/2849/4019 400/2866/4049
f 400/2866/4049 398/2898/4255 3190/2972/4254
f 3178/72/86 398/2898/4111 3127/2918/4154
f 3127/2918/4256 3084/2831/4085 3128/2883/4086
f 3130/2867/4113 395/102/4114 3164/2899/4257
f 3164/2899/4258 394/99/4258 3192/2973/4258
f 394/99/4259 3131/2900/4259 3192/2973/4259
f 3131/2900/4260 3132/103/4261 3193/2961/4262
f 3132/103/4263 396/100/4263 3193/2961/4263
f 2931/2683/3989 3099/2868/4055 397/101/4117
f 373/2904/4126 3015/2835/4058 3166/2942/4264
f 3057/2723/3771 3137/2885/4265 3151/2941/4200
f 3137/2779/4266 399/2906/4267 3195/2905/4268
f 3183/2907/4269 3116/2908/4232 3196/2974/4270
f 3169/2927/4206 404/2820/3970 3105/2888/4178
f 3155/2946/4210 3156/2890/4236 3209/2975/4271
f 3197/2976/4272 3157/2947/4211 3078/2856/4237
f 3139/2910/4135 2916/2859/4183 3060/2977/4273
f 3060/2824/3975 3106/2825/3976 3198/2966/4274
f 3171/2965/4241 3120/2876/4071 3121/2875/4070
f 3046/2766/4243 2649/2967/4244 3199/2978/4275
f 3200/2979/4276 3123/2930/4277 3227/2980/4278
f 3227/2980/4278 3140/2768/4138 3141/2911/4140
f 3186/2931/4279 3125/2932/4186 377/2981/4143
f 401/2864/4144 3027/2806/4145 3213/2969/4250
f 3161/2914/4280 3109/2840/4189 3096/2809/3949
f 403/2843/4281 3082/2810/3951 3126/2878/4079
f 345/2982/4282 3126/2878/4079 3146/2935/4190
f 3083/2844/4012 3110/2813/3954 3205/2936/4191
f 3177/2957/4221 3034/2796/3921 3244/2983/4283
f 3206/2984/4284 3053/2847/4014 379/2881/4285
f 3216/2985/4286 379/2881/4110 3111/2882/4083
f 2950/2986/4287 3189/2917/4153 3148/2849/4192
f 3190/2972/4254 398/2898/4255 3245/2987/4288
f 3127/2918/4256 3128/2883/4086 3191/2988/4289
f 3130/2867/4113 3164/2899/4257 3129/87/108
f 3217/2989/4290 3131/2900/4260 3193/2961/4262
f 3099/2868/4055 3179/2939/4291 397/101/4117
f 3182/2924/4169 3136/2834/4292 3056/2800/4231
f 3116/2908/4232 3117/2852/4023 3196/2974/4270
f 3263/2990/4293 3117/2852/4294 3152/2925/4295
f 374/2926/4234 3222/2991/4296 3153/2887/4093
f 3138/2873/4174 3154/2928/4297 374/2926/4173
f 3119/2889/4097 3076/2821/4096 3208/2944/4208
f 3078/2856/4237 3091/2857/4298 3197/2976/4272
f 3158/2929/4181 3139/2910/4182 3211/2992/4299
f 3198/2966/4274 3106/2825/3976 3120/2876/4137
f 3094/2862/4300 3123/2930/4277 3200/2979/4276
f 3123/2930/4277 3140/2768/4138 3227/2980/4278
f 3141/2911/4301 3142/2892/4245 3184/2968/4246
f 356/2993/4302 3095/2877/4248 3062/2827/3944
f 3213/2969/4250 3027/2806/4145 3173/2970/4303
f 3173/2994/4251 3144/2952/4146 3228/2995/4304
f 3144/2952/4147 372/2951/4215 3203/2996/4305
f 3187/2895/4217 3160/2934/4188 3214/2997/4306
f 403/2843/4281 3126/2878/4079 347/2998/4307
f 344/2999/4308 3126/2878/4079 345/2982/4282
f 355/3000/4309 376/2879/4080 3204/2955/4219
f 376/2879/4080 3097/2812/3953 3204/2955/4219
f 3110/2813/3954 3176/2916/4152 3205/2936/4191
f 3127/2918/4256 3191/2988/4289 3247/3001/4310
f 368/85/4311 357/80/4311 3234/3002/4311
f 369/88/110 357/80/96 364/81/98
f 369/88/110 365/78/90 370/3003/4312
f 370/3003/4312 365/78/90 366/82/99
f 365/78/90 362/77/92 366/82/99
f 366/82/4313 363/83/4313 371/86/4313
f 371/86/4314 367/84/106 3129/87/108
f 3192/2973/4315 3131/2900/4315 3217/2989/4315
f 3179/2939/4196 3112/2938/4195 3258/3004/4316
f 3112/2938/4317 3149/2919/4317 3180/2901/4317
f 3113/2902/4318 3181/2962/4319 3135/2921/4320
f 3181/2962/4319 3235/3005/4321 3207/3006/4322
f 3181/2962/4227 3102/2869/4229 3235/3005/4323
f 3237/3007/4324 3194/2963/4230 375/2922/4164
f 406/3008/4325 3114/2903/4199 3115/2884/4087
f 3056/2800/4231 373/2904/4126 3182/2924/4169
f 3221/3009/4326 3220/3010/4327 3183/2907/4269
f 3221/3009/4326 3183/2907/4269 3196/2974/4270
f 3196/2974/4328 3117/2852/4294 3263/2990/4293
f 3152/2925/4329 3167/2943/4330 349/3011/4331
f 3169/2927/4206 3105/2888/4178 3223/3012/4332
f 3105/2837/4333 3090/2854/4334 3224/3013/4335
f 3224/3013/4335 3090/2854/4334 3240/3014/4336
f 378/2909/4235 3155/2946/4337 3250/3015/4338
f 3156/2890/4236 3157/2947/4339 3209/2975/4271
f 3242/2912/4141 3184/2968/4246 3124/2826/4102
f 356/2993/4340 3062/2827/4044 3186/2931/4185
f 3081/2841/4008 3031/2842/4078 3230/2915/4151
f 3146/2935/4190 355/3000/4309 345/2982/4282
f 3146/2935/4190 376/2879/4080 355/3000/4309
f 3083/2844/4012 3205/2936/4191 3175/2956/4220
f 3068/2795/3920 3177/2957/4221 3067/2828/3982
f 3244/2983/4283 3034/2796/3921 3162/2897/4108
f 3053/2847/4014 3206/2984/4284 3147/2960/4224
f 3216/2985/4286 3111/2882/4083 3189/2917/4341
f 353/73/87 3178/72/86 3127/2918/4154
f 3129/87/108 3164/2899/4257 371/86/4314
f 3164/2899/4257 3192/2973/4342 371/86/4314
f 3258/3004/4343 3112/2938/4344 3180/2901/4345
f 3235/3005/4323 3102/2869/4229 3236/3016/4346
f 3102/2869/4056 3055/2817/3961 3194/2963/4347
f 3249/3017/4348 3150/2923/4167 3238/3018/4349
f 3195/2905/4268 3219/3019/4350 3137/2779/4266
f 3239/3020/4351 3196/2974/4328 3263/2990/4293
f 3168/2886/4352 3089/2802/3965 3153/2887/4205
f 3154/2928/4297 351/3021/4353 374/2926/4173
f 3090/2854/4334 3119/2889/4354 3240/3014/4336
f 3240/3014/4336 3119/2889/4354 3208/2944/4355
f 3170/2945/4209 378/2909/4235 3250/3015/4338
f 3209/2975/4271 3157/2947/4339 3241/3022/4356
f 3091/2857/4298 3210/3023/4357 3197/2976/4272
f 3091/2857/4298 381/2891/4358 3133/3024/4359
f 3211/2992/4299 3139/2910/4182 3060/2977/4360
f 3212/3025/4361 3079/2861/4213 3172/2948/4212
f 3184/2968/4246 2771/3026/4362 3141/2911/4301
f 3143/2893/4247 3107/2804/3942 2994/3027/4363
f 3107/2839/4364 3185/3028/4365 2994/3029/4366
f 3187/2895/4106 3265/3030/4367 372/2953/4216
f 3160/2934/4252 3188/2954/4218 3253/3031/4368
f 347/2998/4307 3126/2878/4079 344/2999/4308
f 3067/2828/3982 3177/2957/4221 3201/3032/4369
f 3162/2897/4108 354/2958/4222 1548/3033/4370
f 2393/3034/4371 3245/2987/4288 3178/72/4372
f 3245/2987/4288 398/2898/4255 3178/72/4372
f 353/73/4373 3246/3035/4373 352/71/4373
f 353/73/4374 3127/2918/4256 3247/3001/4310
f 3191/2988/4375 3128/2883/4156 3163/2937/4193
f 3248/3036/4376 366/82/4376 371/86/4376
f 371/86/4314 3192/2973/4342 3217/2989/4377
f 3258/3004/4343 3180/2901/4345 3165/2940/4378
f 3134/2920/4379 3135/2921/4320 3207/3006/4322
f 3135/2921/4320 3181/2962/4319 3207/3006/4322
f 3102/2869/4056 3194/2963/4347 2708/3037/4380
f 2590/3038/4381 3237/3007/4324 375/2922/4164
f 375/2922/4164 3114/2903/4125 2590/3038/4381
f 3115/2884/4382 3150/2923/4167 3249/3017/4348
f 3238/3018/4349 3150/2923/4167 3182/2924/4169
f 350/3039/4383 3182/2924/4169 373/2904/4126
f 3195/2905/4384 3183/2907/4384 3219/3019/4384
f 346/3040/4385 3220/3010/4327 3221/3009/4326
f 3221/3009/4386 3196/2974/4387 3239/3020/4388
f 3222/2991/4296 374/2926/4234 2915/3041/4389
f 3157/2947/4339 3225/3042/4390 3241/3022/4356
f 3091/2857/4298 3133/3024/4359 3210/3023/4357
f 3092/2858/4035 3158/2929/4240 3211/2992/4391
f 3171/2965/4392 3121/2875/4393 3251/3043/4394
f 3121/2875/4393 3122/2860/4395 3251/3043/4394
f 2994/3027/4396 380/2949/4214 3143/2893/4397
f 3185/3028/4365 3107/2839/4364 3095/2877/4248
f 3095/2877/4248 356/2993/4302 3185/3028/4365
f 3213/3044/4250 3173/2994/4303 3228/2995/4398
f 3228/2995/4304 3144/2952/4146 3203/2996/4399
f 2873/3045/4400 3187/2895/4217 3214/2997/4306
f 3160/2934/4252 3253/3031/4368 3214/2997/4401
f 3161/2914/4280 3096/2809/3949 3188/2954/4402
f 3081/2841/4008 3230/2915/4151 3243/3046/4403
f 3204/2955/4219 3175/2956/4220 3205/2936/4191
f 3177/2957/4221 3244/2983/4283 3201/3032/4369
f 3244/2983/4283 3162/2897/4108 3231/3047/4404
f 3231/3047/4404 3162/2897/4108 1548/3033/4370
f 1548/3033/4370 354/2958/4222 3255/3048/4405
f 3266/3049/4406 3147/2960/4224 3233/3050/4407
f 3147/2960/4224 3206/2984/4284 3233/3050/4407
f 379/2881/4285 3216/2985/4408 3206/2984/4284
f 3256/3051/4409 3191/2988/4375 3163/2937/4193
f 3129/87/108 368/85/107 3163/2937/4410
f 368/85/107 3234/3002/4411 3163/2937/4410
f 3234/3002/4412 357/80/4412 369/88/4412
f 371/86/4314 3217/2989/4377 3193/2961/4413
f 3193/2961/4413 397/101/4117 3179/2939/4291
f 3165/2940/4378 3134/2920/4379 3207/3006/4322
f 3236/3016/4346 3102/2869/4229 3259/3052/4414
f 2590/3038/4415 3114/2903/4199 406/3008/4325
f 3238/3018/4349 3182/2924/4169 3260/3053/4416
f 350/3039/4383 373/2904/4126 2812/3054/4417
f 3218/3055/4418 2812/3054/4419 3166/2942/4264
f 2812/3054/4419 373/2904/4126 3166/2942/4264
f 3219/3019/4420 3183/2907/4269 3220/3010/4327
f 3261/3056/4421 3221/3009/4386 2567/3057/4422
f 2567/3057/4422 3221/3009/4386 3239/3020/4388
f 3168/2886/4352 3153/2887/4205 3222/2991/4423
f 2915/3041/4389 374/2926/4234 351/3021/4424
f 3154/2928/4425 3169/2927/4425 3223/3012/4425
f 3105/2837/4333 3224/3013/4335 3264/3058/4426
f 3155/2946/4337 3209/2975/4427 2553/3059/4428
f 3225/3042/4390 3157/2947/4339 3197/2976/4429
f 381/2891/4358 3226/2964/4430 3133/3024/4359
f 2660/3060/4431 3092/2858/4239 3211/2992/4432
f 3251/3043/4394 3122/2860/4395 2652/3061/4433
f 3122/2860/4395 3046/2766/4243 3199/2978/4275
f 2649/2967/4244 3079/2861/4213 3212/3025/4361
f 3227/2980/4434 3141/2911/4301 2409/3062/4435
f 3184/2968/4246 3242/2912/4141 2996/3063/4436
f 2996/3063/4436 380/2949/4214 2994/3027/4396
f 3213/3044/4250 3228/2995/4398 3202/3064/4249
f 3265/3030/4437 3187/2895/4217 2873/3045/4400
f 3214/2997/4401 3253/3031/4368 2632/3065/4438
f 3188/2954/4402 3096/2809/3949 2632/3065/4439
f 3096/2809/3949 3229/2971/4253 2632/3065/4439
f 3262/3066/4440 3081/2841/4077 3243/3046/4403
f 3254/3067/4441 3243/3046/4403 3230/2915/4151
f 3174/2896/4107 3254/3067/4441 3230/2915/4151
f 403/2843/4281 347/2998/4307 3174/2896/4442
f 354/2958/4222 3098/2959/4443 3087/3068/4444
f 3087/3069/4445 3051/2830/3986 3147/2960/4446
f 3247/3001/4447 3191/2988/4375 2724/3070/4448
f 3191/2988/4375 3256/3051/4409 2724/3070/4448
f 3257/3071/4449 369/88/4449 3159/3072/4449
f 2837/3073/4450 370/3003/4450 366/82/4450
f 3258/3004/4343 3165/2940/4378 1540/3074/4451
f 1540/3074/4451 3165/2940/4378 3207/3006/4322
f 3207/3006/4452 3235/3005/4452 3236/3016/4452
f 2708/3037/4380 3194/2963/4347 329/3075/4453
f 3194/2963/4454 3237/3007/4454 329/3075/4454
f 3267/3076/4455 2590/3038/4415 406/3008/4325
f 3115/2884/4382 3249/3017/4348 2463/3077/4456
f 3260/3053/4416 3182/2924/4169 350/3039/4383
f 3218/3055/4418 3166/2942/4264 3151/2941/4457
f 346/3040/4458 3221/3009/4458 3261/3056/4458
f 3263/2990/4459 3152/2925/4329 349/3011/4331
f 3038/3078/4460 351/3021/4461 3154/2928/4462
f 3223/3079/4463 3105/2837/4333 3264/3058/4426
f 3240/3014/4336 3208/2944/4355 3170/2945/4464
f 3022/3080/4465 3197/2976/4429 3210/3023/4466
f 3092/2858/4239 2660/3060/4431 3226/2964/4238
f 3171/2965/4467 2040/3081/4468 3198/2966/4469
f 3232/3082/4470 3199/2978/4275 2649/2967/4244
f 3172/2948/4471 3094/2862/4300 3200/2979/4276
f 3242/2912/4141 380/2949/4214 2996/3063/4436
f 2767/3083/4472 2996/3063/4436 2994/3027/4396
f 3186/2931/4279 377/2981/4143 356/2993/4473
f 356/2993/4473 377/2981/4143 2992/3084/4474
f 3229/2971/4253 3081/2841/4077 3262/3066/4440
f 3174/2896/4442 347/2998/4307 2131/3085/4475
f 2131/3085/4475 347/2998/4307 348/3086/4476
f 343/3087/4477 348/3086/4476 347/2998/4307
f 347/2998/4307 344/2999/4308 343/3087/4477
f 345/2982/4282 355/3000/4309 3204/2955/4219
f 3255/3048/4405 354/2958/4222 3087/3068/4444
f 3098/2880/4081 3051/2830/3986 3087/3069/4445
f 352/71/4478 2961/3088/4479 2962/3089/4480
f 352/71/4481 3246/3035/4481 2961/3088/4481
f 3234/3002/4482 369/88/4482 3257/3071/4482
f 3159/3072/4483 369/88/4483 370/3003/4483
f 2837/3073/4484 366/82/4484 3248/3036/4484
f 3193/2961/4413 3179/2939/4291 371/86/4314
f 3258/3004/4316 2376/3090/4485 3179/2939/4196
f 3151/2941/4486 3137/2885/4266 3219/3091/4350
f 2457/3092/4487 346/3093/4488 3261/3094/4489
f 2567/3057/4490 3239/3020/4490 3263/2990/4490
f 3168/2886/4352 3222/2991/4423 3167/2943/4491
f 3154/2928/4492 3223/3012/4493 3038/3078/4494
f 3224/3013/4335 3240/3014/4336 2911/3095/4495
f 3240/3014/4336 3170/2945/4464 2560/3096/4496
f 2553/3059/4428 3209/2975/4427 2666/3097/4497
f 3225/3042/4390 3197/2976/4429 3022/3080/4465
f 2550/3098/4498 3210/3023/4466 3133/3024/4499
f 3200/2979/4276 2159/3099/4500 3172/2948/4471
f 3141/2911/4301 2771/3026/4362 2409/3062/4435
f 2312/3100/4501 3203/2996/4502 372/2951/4503
f 372/2953/4503 2986/3101/4504 2312/3102/4501
f 2873/3045/4505 3214/2997/4401 2632/3065/4438
f 3262/3066/4440 2632/3065/4439 3229/2971/4253
f 3244/2983/4283 3231/3047/4404 3201/3032/4369
f 3201/3032/4369 3231/3047/4404 1548/3033/4370
f 3087/3069/4445 3147/2960/4446 3266/3049/4506
f 3216/2985/4408 2617/3103/4507 2858/3104/4508
f 2617/3103/4509 3216/2985/4286 3189/2917/4341
f 3148/2849/4019 3190/2972/4254 3245/2987/4288
f 3178/72/4372 352/71/4510 2393/3034/4371
f 3246/3035/4511 353/73/4374 3247/3001/4310
f 370/3003/4512 2837/3073/4512 3159/3072/4512
f 3179/2939/4196 2376/3090/4485 2603/3105/4513
f 3259/3052/4414 3102/2869/4229 1953/3106/4514
f 329/3075/4515 3237/3007/4324 2590/3038/4381
f 3167/2943/4491 3222/2991/4423 2915/3041/4516
f 2915/3041/4517 351/3021/4461 3038/3078/4460
f 3269/3107/4518 3268/3108/4518 3270/3109/4518
f 3268/3108/4519 3224/3013/4519 3270/3109/4519
f 3209/2975/4427 3241/3022/4520 2666/3097/4497
f 3241/3022/4520 3225/3042/4521 2666/3097/4497
f 3022/3080/4465 3210/3023/4466 2550/3098/4498
f 2544/3110/4522 3211/2992/4432 3060/2977/3975
f 2040/3081/4468 3171/2965/4467 2659/3111/4523
f 3172/2948/4471 2159/3099/4500 3212/3025/4524
f 1562/3112/4525 3200/2979/4526 3227/2980/4434
f 3185/3028/4365 356/2993/4302 2994/3029/4366
f 2992/3084/4527 377/2981/4105 3215/3113/4528
f 3228/2995/4304 3203/2996/4399 2312/3100/4529
f 2986/3101/4530 372/2953/4216 3265/3030/4367
f 3253/3031/4368 3188/2954/4218 2632/3065/4438
f 2398/3114/4531 3243/3046/4403 3254/3067/4441
f 2131/3085/4475 348/3086/4476 2864/3115/4532
f 348/3086/4476 343/3087/4477 2864/3115/4532
f 1417/3116/4533 344/2999/4308 345/2982/4282
f 3204/2955/4219 3205/2936/4191 3067/2845/3982
f 3216/2985/4408 2858/3104/4508 3206/2984/4284
f 2950/2986/4287 3148/2849/4192 317/3117/4534
f 3148/2849/4192 3245/2987/4535 317/3117/4534
f 318/3118/4536 317/3117/4534 3245/2987/4535
f 2962/3089/4480 2377/3119/4537 352/71/4478
f 3256/3051/4538 336/64/4539 2724/3070/4540
f 2951/69/4541 337/62/72 338/66/78
f 338/66/78 341/63/74 2720/3120/4542
f 3163/2937/4410 3234/3002/4411 339/67/4543
f 371/86/4314 3179/2939/4291 3248/3036/4544
f 1540/3074/4451 3207/3006/4322 3259/3052/4545
f 3207/3006/4546 3236/3016/4546 3259/3052/4546
f 2590/3038/4547 3267/3076/4548 1943/3121/4549
f 3115/2884/4382 2463/3077/4456 406/3008/4550
f 3249/3017/4551 3238/3018/4552 2577/3122/4553
f 2577/3122/4553 3238/3018/4552 3260/3053/4554
f 3220/3010/4555 346/3040/4556 3219/3019/4350
f 3038/3078/4494 3223/3012/4493 2447/3123/4557
f 3223/3079/4558 3264/3058/4559 2800/3124/4560
f 3224/3013/4561 3268/3108/4561 3252/3125/4561
f 3268/3108/4562 3269/3126/4562 3252/3125/4562
f 3252/3125/4563 3269/3127/4563 2445/3128/4563
f 3269/3127/4564 3270/3109/4564 2445/3128/4564
f 2445/3128/4565 3270/3109/4566 2911/3095/4567
f 3270/3109/4566 3224/3013/4566 2911/3095/4567
f 2911/3095/4495 3240/3014/4336 2561/3129/4568
f 3170/2945/4464 3250/3015/4569 2560/3096/4496
f 2553/3059/4428 3250/3015/4338 3155/2946/4337
f 2666/3097/4497 3225/3042/4521 2343/3130/4570
f 2544/3110/4522 3060/2977/3975 3198/3131/4274
f 2514/3132/4571 2767/3083/4572 2994/3027/4573
f 2994/3029/4574 356/2993/4473 2992/3084/4474
f 377/2981/4105 3202/3064/4187 3215/3113/4528
f 2312/3102/4501 2986/3101/4504 2875/3133/4575
f 3262/3066/4440 3243/3046/4403 2304/3134/4576
f 3254/3067/4577 3174/2896/4442 2131/3085/4475
f 343/3087/4477 344/2999/4308 1417/3116/4533
f 3266/3049/4406 3233/3050/4407 3206/2984/4284
f 2617/3103/4509 3189/2917/4341 2950/2986/4578
f 2393/3034/4371 352/71/4510 2377/3119/4579
f 2477/56/4580 3246/3035/4581 3247/3001/4447
f 336/64/4539 3073/68/4582 2724/3070/4540
f 2951/69/4541 338/66/78 2722/3135/4583
f 2722/3135/4583 338/66/78 2720/3120/4542
f 336/64/4539 3256/3051/4538 339/67/4543
f 339/67/4543 3234/3002/4411 3257/3071/4584
f 3248/3036/4544 3179/2939/4291 2603/3105/4585
f 1953/3106/4514 3102/2869/4229 2708/3037/4586
f 3260/3053/4554 350/3039/4587 2577/3122/4553
f 3219/3091/4350 346/3093/4556 1937/3136/4588
f 2192/3137/4589 3261/3094/4590 2567/3138/4591
f 349/3011/4592 3167/2943/4491 2915/3041/4516
f 3223/3079/4593 2800/3124/4594 2447/3139/4595
f 3264/3058/4559 3224/3013/4596 2800/3124/4560
f 3252/3125/4597 2445/3128/4597 3224/3013/4597
f 2798/3140/4598 2911/3095/4598 2561/3129/4598
f 2340/3141/4599 2550/3098/4498 3133/3024/4499
f 3133/3024/4359 3226/2964/4430 2428/3142/4600
f 2660/3060/4431 3211/2992/4432 2544/3110/4522
f 3232/3082/4470 2779/3143/4601 3199/2978/4275
f 2538/3144/4602 3232/3082/4603 2649/2967/4604
f 3212/3025/4524 2159/3099/4500 2649/2967/4604
f 2159/3099/4605 3200/2979/4526 1562/3112/4525
f 2152/3145/4606 3227/2980/4434 2409/3062/4435
f 2309/3146/4607 3265/3030/4607 2873/3045/4607
f 3243/3046/4403 2398/3114/4531 1777/3147/4608
f 2864/3115/4532 343/3087/4477 1417/3116/4533
f 3247/3001/4447 2724/3070/4448 2477/56/4580
f 334/65/4609 2951/69/4610 2381/3148/4611
f 3256/3051/4538 3163/2937/4410 339/67/4543
f 3257/3071/4584 3159/3072/4612 2378/70/4613
f 3248/3036/4544 2603/3105/4585 2837/3073/4614
f 2708/3037/4380 329/3075/4453 1752/3149/4615
f 406/3008/4550 2463/3077/4456 1731/3150/4616
f 3151/2941/4486 3219/3091/4350 1937/3136/4588
f 319/3151/4617 2212/3152/4617 2457/3092/4617
f 3045/3153/4618 2438/3154/4619 3261/3094/4620
f 3225/3042/4521 3022/3080/4621 2552/3155/4622
f 2428/3142/4600 3226/2964/4430 2660/3060/4431
f 2544/3110/4522 3198/3131/4623 2336/3156/4624
f 3198/3131/4623 2040/3157/4625 2336/3156/4624
f 3171/2965/4392 3251/3043/4394 2166/3158/4626
f 2634/3159/4627 1874/3160/4628 2875/3133/4629
f 2634/3159/4627 2875/3133/4629 2986/3101/4630
f 1417/3116/4533 345/2982/4282 3067/2845/3982
f 345/2982/4282 3204/2955/4219 3067/2845/3982
f 3255/3048/4405 3087/3068/4444 1548/3033/4370
f 318/3118/4536 3245/2987/4535 2393/3034/4631
f 2393/3034/4371 2377/3119/4579 1972/3161/4632
f 3073/68/4633 334/65/4609 2381/3148/4611
f 2378/70/4613 3159/3072/4612 2837/3073/4614
f 1540/3074/4451 3259/3052/4545 1953/3106/4634
f 1953/3106/4514 2708/3037/4586 1753/3162/4635
f 2588/3163/4636 2596/3164/4637 329/3075/4515
f 2812/3054/4638 2458/3165/4639 350/3039/4587
f 2812/3054/4638 3218/3055/4640 2458/3165/4639
f 2458/3165/4639 3218/3055/4640 3151/2941/4486
f 1937/3136/4588 346/3093/4556 2457/3092/4641
f 319/3151/4642 2457/3092/4487 2438/3154/4643
f 2438/3154/4643 2457/3092/4487 3261/3094/4489
f 2438/3154/4619 3045/3153/4618 1791/3166/4644
f 1791/3166/4645 3045/3153/4645 2921/3167/4645
s 0
f 2921/3167/438 3045/3153/438 2920/3168/438
s 1
f 3045/3153/4618 3261/3094/4590 2920/3169/4646
f 3261/3094/4590 2192/3137/4589 2920/3169/4646
f 2915/3041/4516 3038/3078/4647 3263/2990/4648
f 2447/3139/4595 2800/3124/4594 2352/3170/4649
f 3224/3013/4596 2445/3128/4650 2800/3124/4560
f 2561/3129/4568 3240/3014/4336 2348/3171/4651
f 3240/3014/4336 2560/3096/4496 2348/3171/4651
f 3022/3080/4621 2550/3098/4652 2552/3155/4622
f 3133/3024/4499 2428/3142/4653 2340/3141/4599
f 2428/3142/4600 2660/3060/4431 1681/3172/4654
f 1681/3172/4654 2660/3060/4431 2336/3156/4624
f 3171/2965/4467 2166/3158/4655 2659/3111/4523
f 3122/2860/4395 3199/2978/4275 2652/3061/4433
f 2652/3061/4433 3199/2978/4275 2779/3143/4601
f 2010/3173/4656 2996/3063/4436 2767/3083/4472
f 2994/3029/4574 2992/3084/4474 2638/3174/4657
f 2992/3084/4527 3215/3113/4528 2313/3175/4658
f 3202/3064/4249 3228/2995/4398 2312/3100/4659
f 2312/3102/4660 2875/3133/4660 1874/3160/4660
f 2408/3176/4661 2986/3101/4530 3265/3030/4367
f 3262/3066/4440 2306/3177/4662 2632/3065/4439
f 1461/3178/4663 3254/3067/4577 2131/3085/4475
f 2131/3085/4475 2864/3115/4532 1558/3179/4664
f 3087/3069/4444 3266/3049/4665 1548/3180/4370
f 1548/3180/4370 3266/3049/4665 1475/3181/4666
f 3206/2984/4284 2858/3104/4508 1475/3181/4666
f 1766/3182/4667 318/3118/4536 2393/3034/4631
f 2093/3183/4668 2962/3089/4669 2961/3088/4670
f 315/3184/4671 3246/3035/4581 2477/56/4580
f 328/50/4672 325/46/4672 2384/3185/4672
f 2384/3185/4673 325/46/4673 2383/53/4673
f 1960/3186/4674 323/48/54 2608/51/4675
f 324/49/4676 320/43/4676 2608/51/4676
f 326/45/4677 327/54/4677 2088/3187/4677
f 2381/3148/4678 2951/69/4679 2722/3135/4680
f 2720/3120/4681 341/63/4681 1959/3188/4681
f 1959/3188/4682 341/63/4682 2378/70/4682
f 339/67/4543 3257/3071/4584 2378/70/4613
f 2603/3105/4513 2376/3090/4485 1957/3189/4683
f 2376/3090/4684 3258/3004/4684 1956/3190/4684
f 3258/3004/4343 1540/3074/4451 1956/3190/4685
f 1752/3149/4615 329/3075/4453 2596/3164/4686
f 2588/3163/4636 329/3075/4515 2590/3038/4381
f 1945/3191/4687 2590/3038/4547 1943/3121/4549
f 3249/3017/4551 2577/3122/4553 1820/3192/4688
f 1937/3136/4588 2457/3092/4641 1817/3193/4689
f 1791/3166/4690 2921/3167/4691 2803/3194/4692
f 2921/3167/4691 2920/3168/4646 2803/3194/4692
f 2920/3169/4646 2192/3137/4589 2803/3194/4692
f 349/3011/4592 2915/3041/4516 3263/2990/4648
f 3263/2990/4648 3038/3078/4647 2447/3123/4693
f 2445/3128/4565 2911/3095/4567 2188/3195/4694
f 2911/3095/4567 2798/3140/4695 2188/3195/4694
f 2348/3171/4651 2560/3096/4496 2057/3196/4696
f 2560/3096/4496 3250/3015/4569 2553/3059/4697
f 1681/3172/4654 2336/3156/4624 1785/3197/4698
f 2166/3158/4699 3251/3043/4700 1683/3198/4701
f 2779/3143/4702 3232/3082/4603 2538/3144/4602
f 2409/3062/4703 2771/3026/4362 2996/3063/4436
f 2771/3026/4362 3184/2968/4246 2996/3063/4436
f 2994/3027/4574 2638/3199/4657 2005/3200/4704
f 3215/3113/4705 3202/3064/4249 2312/3100/4659
f 2634/3159/4706 2986/3101/4530 2408/3176/4661
f 2309/3146/4707 2873/3045/4505 1780/3201/4708
f 2873/3045/4505 2632/3065/4438 1780/3201/4708
f 2304/3134/4576 3243/3046/4403 1777/3147/4608
f 2398/3114/4709 3254/3067/4577 1461/3178/4663
f 1475/3181/4666 2617/3103/4507 532/3202/4710
f 2617/3103/4509 2950/2986/4578 317/3117/4534
f 2093/3183/4711 2961/3088/4711 3246/3035/4711
f 315/3184/4712 2477/56/4712 1845/55/4712
f 1845/55/62 328/50/64 2384/3185/4713
f 2383/53/59 323/48/54 1960/3186/4674
f 327/54/4714 328/50/64 2477/56/63
f 2381/3148/4678 2722/3135/4680 2476/3203/4715
f 2837/3073/4614 2603/3105/4585 2378/70/4613
f 2577/3122/4553 350/3039/4587 1504/3204/4716
f 350/3039/4587 2458/3165/4639 1504/3204/4716
f 2458/3165/4639 3151/2941/4486 1937/3136/4588
f 1791/3166/4690 2803/3194/4692 2192/3137/4589
f 2352/3170/4649 2800/3124/4594 2445/3128/4717
f 2188/3195/4694 2798/3140/4695 2561/3129/4718
f 2553/3059/4697 2666/3097/4719 2174/3205/4720
f 2343/3130/4570 3225/3042/4521 2552/3155/4622
f 3251/3043/4700 2652/3061/4721 1683/3198/4701
f 1562/3112/4525 3227/2980/4434 2152/3145/4606
f 2306/3177/4662 3262/3066/4440 2304/3134/4576
f 1558/3179/4664 2864/3115/4532 1417/3116/4533
f 209/3206/4722 3201/3207/4369 1548/3208/4370
f 3206/2984/4284 1475/3181/4666 3266/3049/4665
f 2093/3183/4723 3246/3035/4581 315/3184/4671
f 1732/3209/4724 2269/52/4724 2088/3187/4724
f 2269/52/4725 326/45/4725 2088/3187/4725
f 2477/56/63 2724/3070/4540 3073/68/4582
f 3073/68/4582 2381/3148/4726 2477/56/63
f 2722/3135/4727 2720/3120/4728 2476/3203/4729
f 2476/3203/4729 2720/3120/4728 1959/3188/4730
f 2080/3210/4731 2596/3164/4637 2588/3163/4636
f 2590/3038/4547 1945/3191/4687 1736/3211/4732
f 3267/3076/4548 406/3008/4733 1943/3121/4549
f 2463/3077/4734 3249/3017/4551 1820/3192/4688
f 1919/3212/4735 319/3151/4642 2438/3154/4643
f 3263/2990/4648 2447/3123/4693 2567/3057/4736
f 2561/3129/4718 2348/3171/4737 2188/3195/4694
f 2340/3141/4599 2428/3142/4653 1501/3213/4738
f 2336/3156/4624 2660/3060/4431 2544/3110/4522
f 2166/3158/4699 1683/3198/4701 1279/3214/4739
f 1683/3198/4701 2652/3061/4721 2538/3144/4602
f 2652/3061/4721 2779/3143/4702 2538/3144/4602
f 2649/2967/4604 2159/3099/4500 2538/3144/4602
f 2409/3062/4703 2996/3063/4436 2021/3215/4740
f 2021/3215/4740 2996/3063/4436 2319/3216/4741
f 2514/3132/4742 2994/3027/4574 301/3217/4743
f 301/3217/4743 2994/3027/4574 2005/3200/4704
f 1670/3218/4744 2638/3219/4744 2313/3220/4744
f 2638/3219/4745 2992/3221/4745 2313/3220/4745
f 2313/3175/4746 3215/3113/4705 2312/3100/4659
f 1315/3222/4747 2634/3159/4706 2408/3176/4661
f 2408/3176/4748 3265/3030/4748 2309/3146/4748
f 1780/3201/4749 2632/3065/4439 2306/3177/4662
f 1564/3223/4750 2306/3177/4662 2304/3134/4576
f 1777/3147/4751 2398/3114/4709 1313/3224/4752
f 2858/3104/4508 2617/3103/4507 1475/3181/4666
f 2617/3103/4509 317/3117/4534 1368/3225/4753
f 1968/3226/4754 1972/3161/4632 2377/3119/4579
f 2608/51/4675 320/43/48 1844/3227/4755
f 320/43/48 2269/52/58 1844/3227/4755
f 2088/3187/4756 2381/3148/4726 2476/3203/4757
f 2376/3090/4485 1956/3190/4758 1957/3189/4683
f 2708/3037/4586 1752/3149/4759 1753/3162/4635
f 2457/3092/4641 2212/3152/4760 1817/3193/4689
f 1934/3228/4761 319/3151/4761 316/41/4761
f 319/3151/4642 1919/3212/4735 316/41/46
f 1803/3229/4762 2438/3154/4619 1791/3166/4644
f 2192/3137/4763 2567/3138/4736 2447/3139/4693
f 2352/3170/4649 2445/3128/4717 1586/3230/4764
f 2560/3096/4496 1901/3231/4765 2057/3196/4696
f 1901/3231/4765 2553/3059/4697 1686/3232/4766
f 2666/3097/4719 2343/3130/4767 2174/3205/4720
f 2174/3205/4720 2343/3130/4767 1506/3233/4768
f 2552/3155/4622 2550/3098/4652 1503/3234/4769
f 2550/3098/4652 2340/3141/4770 1503/3234/4769
f 2996/3063/4436 2010/3173/4656 2319/3216/4741
f 2010/3173/4771 297/3235/4771 2319/3216/4771
f 2010/3173/4772 2767/3083/4572 2514/3132/4571
f 2005/3200/4773 2638/3199/4773 1670/3236/4773
f 1566/3237/4774 2306/3177/4662 1564/3223/4750
f 1217/3238/4775 2093/3183/4723 315/3184/4671
f 2384/3185/4776 2383/53/4776 1833/3239/4776
f 1833/3239/4777 2383/53/4777 1960/3186/4777
f 2088/3187/4756 327/54/4714 2381/3148/4726
f 327/54/4714 2477/56/63 2381/3148/4726
f 2378/70/4613 2603/3105/4585 1957/3189/4778
f 1957/3189/4683 1956/3190/4758 1843/3240/4779
f 1619/3241/4780 2596/3164/4637 1614/3242/4781
f 406/3008/4550 1731/3150/4616 1943/3121/4782
f 1943/3121/4782 1731/3150/4616 1600/3243/4783
f 1820/3192/4688 2577/3122/4553 1504/3204/4716
f 1504/3204/4716 2458/3165/4639 1937/3136/4588
f 1934/3228/4784 316/41/4785 1913/3244/4786
f 300/3245/4787 316/41/46 1919/3212/4735
f 2192/3137/4763 2447/3139/4693 2352/3170/4788
f 2445/3128/4717 2188/3195/4789 1586/3230/4764
f 2188/3195/4694 2348/3171/4737 1706/3246/4790
f 2560/3096/4496 2553/3059/4697 1901/3231/4765
f 2343/3130/4767 2552/3155/4791 1506/3233/4768
f 2659/3111/4792 2166/3158/4792 1329/3247/4792
f 1191/3248/4793 2538/3144/4794 1273/3249/4795
f 2538/3144/4794 2159/3099/4605 1273/3249/4795
f 1315/3222/4796 2408/3176/4796 2309/3146/4796
f 1780/3201/4749 2306/3177/4662 1566/3237/4774
f 1777/3147/4751 1313/3224/4752 1563/3250/4797
f 1313/3224/4752 2398/3114/4709 1461/3178/4663
f 3067/3251/3982 210/3252/4798 1417/3253/4533
f 318/3118/4536 1092/3254/4799 317/3117/4534
f 1092/3254/4799 318/3118/4536 1766/3182/4800
f 1766/3182/4667 2393/3034/4631 1972/3161/4632
f 1762/3255/4801 2377/3119/4537 1848/3256/4802
f 1848/3256/4802 2377/3119/4537 2962/3089/4480
f 1960/3186/4674 2608/51/4675 1844/3227/4755
f 1959/3188/4803 2378/70/4613 1957/3189/4778
f 1614/3242/4781 1617/3257/4804 1619/3241/4780
f 2080/3210/4805 2588/3163/4805 2590/3038/4805
f 2463/3077/4734 1820/3192/4688 1731/3150/4806
f 1919/3212/4807 2438/3154/4619 1803/3229/4762
f 2348/3171/4737 2057/3196/4808 1706/3246/4790
f 1686/3232/4766 2553/3059/4697 2174/3205/4720
f 1503/3234/4769 2340/3141/4770 1575/3258/4809
f 1575/3258/4809 2340/3141/4770 1501/3213/4810
f 1382/3259/4811 2659/3260/4811 1426/3261/4811
f 2659/3111/4812 1329/3247/4812 1426/3262/4812
f 1329/3247/4813 2166/3158/4699 1279/3214/4739
f 2159/3099/4605 1562/3112/4525 1482/3263/4814
f 2021/3215/4740 2319/3216/4741 2150/3264/4815
f 2319/3216/4741 2149/3265/4816 2150/3264/4815
f 2149/3265/755 2148/3266/755 2150/3264/755
f 2149/3265/4816 2319/3216/4741 2147/3267/4817
f 2319/3216/4818 297/3235/4818 2147/3267/4818
f 2313/3220/4746 2312/3102/4659 1874/3160/4819
f 1068/3268/4820 1874/3160/4821 2634/3159/4822
f 532/3202/4710 2617/3103/4507 1368/3225/4823
f 1257/3269/4824 317/3117/4534 1092/3254/4799
f 1848/3256/4825 2962/3089/4669 2093/3183/4668
f 1845/55/62 2384/3185/4713 1833/3239/4826
f 1844/3227/4827 2269/52/4827 1732/3209/4827
f 2088/3187/4756 2476/3203/4757 1959/3188/4803
f 1753/3162/4635 1752/3149/4759 1539/3270/4828
f 2596/3164/4637 2080/3210/4731 1614/3242/4781
f 2080/3210/4829 2590/3038/4830 1736/3211/4831
f 2212/3152/4760 319/3151/4832 1817/3193/4689
f 1817/3193/4689 319/3151/4832 1728/3271/4833
f 1728/3271/4833 319/3151/4832 1934/3228/4834
f 1934/3228/4835 1913/3244/4835 1448/3272/4835
f 2188/3195/4789 1706/3246/4836 1586/3230/4764
f 1586/3230/4764 1706/3246/4836 556/3273/4837
f 1706/3246/4790 2057/3196/4808 1801/3274/4838
f 1801/3274/4838 2057/3196/4808 1901/3231/4839
f 1686/3232/4766 2174/3205/4720 1794/3275/4840
f 1279/3214/4841 1683/3198/4842 1040/3276/4843
f 2152/3145/4844 2409/3062/4703 527/3277/4845
f 2150/3264/4846 2148/3278/4846 2021/3215/4846
f 2021/3215/4847 2148/3278/4848 297/3235/4849
f 2148/3278/4848 2149/3279/4850 297/3235/4849
f 2149/3279/4851 2147/3267/4851 297/3235/4851
f 301/3217/4852 2005/3200/4853 1411/3280/4854
f 2005/3200/4853 1670/3236/4855 1411/3280/4854
f 1068/3268/4856 2634/3159/4706 1315/3222/4747
f 1564/3223/4750 2304/3134/4576 1563/3250/4797
f 1461/3178/4857 2131/3085/4858 1303/3281/4859
f 1303/3281/4859 2131/3085/4858 1558/3179/4664
f 1368/3225/4753 317/3117/4534 1257/3269/4824
f 1766/3182/4667 1972/3161/4632 1306/3282/4860
f 1306/3282/4860 1972/3161/4632 1628/3283/4861
f 1972/3161/4632 1968/3226/4754 1628/3283/4861
f 1968/3226/4754 2377/3119/4579 1762/3255/4862
f 1405/3284/4863 1762/3255/4864 1848/3256/4825
f 1833/3239/4865 1960/3186/4865 1631/3285/4865
f 1631/3285/4866 1960/3186/4866 1844/3227/4866
f 1843/3240/4867 2088/3187/4756 1959/3188/4803
f 1959/3188/4803 1957/3189/4778 1843/3240/4867
f 1953/3106/4634 1753/3162/4868 1540/3074/4451
f 2596/3164/4686 1619/3241/4869 1752/3149/4615
f 1617/3257/4870 1614/3242/4871 1453/3286/4872
f 1736/3211/4873 1945/3191/4874 289/3287/4875
f 1943/3121/4782 1600/3243/4783 1396/3288/4876
f 1531/3289/4877 1731/3150/4806 1820/3192/4688
f 1913/3244/4786 316/41/4785 1448/3272/4878
f 1448/3272/4878 316/41/4785 953/3290/4879
f 316/41/4785 1124/40/4880 953/3290/4879
f 1352/42/47 316/41/46 300/3245/4787
f 1791/3166/4881 2192/3137/4763 2352/3170/4788
f 1322/3291/4882 2174/3205/4720 1506/3233/4883
f 2552/3155/4791 1503/3234/4884 1506/3233/4768
f 1383/3292/4885 2428/3142/4653 1681/3172/4886
f 1785/3197/4698 2336/3156/4624 1382/3259/4887
f 2040/3157/4888 2659/3260/4888 1382/3259/4888
f 1683/3198/4842 2538/3144/4794 1191/3248/4793
f 2159/3099/4605 1482/3263/4814 1273/3249/4795
f 1562/3112/4889 2152/3145/4844 527/3277/4845
f 1490/3293/4890 2021/3215/4847 297/3235/4849
f 2010/3173/4891 2514/3132/4742 301/3217/4743
f 301/3217/4892 1411/3280/4893 1783/3294/4894
f 2313/3220/4746 1874/3160/4819 1670/3218/4895
f 1665/3295/4896 1874/3160/4821 1068/3268/4820
f 1563/3250/4797 2304/3134/4576 1777/3147/4608
f 1417/3253/4533 1026/3296/4897 1558/3297/4664
f 1088/3298/4898 1968/3226/4754 1762/3255/4862
f 315/3184/4899 1845/55/62 1833/3239/4826
f 1546/3299/4900 1844/3227/4900 1732/3209/4900
f 1732/3209/4901 2088/3187/4756 1843/3240/4867
f 1843/3240/4779 1956/3190/4758 1258/3300/4902
f 1945/3191/4874 1943/3121/4782 289/3287/4875
f 1943/3121/4782 1396/3288/4876 289/3287/4875
f 302/3301/4903 1731/3150/4806 1531/3289/4877
f 1820/3192/4688 1504/3204/4716 1353/3302/4904
f 1504/3204/4716 1937/3136/4588 1817/3193/4689
f 1424/3303/4905 1919/3212/4807 1803/3229/4762
f 1801/3274/4838 1901/3231/4839 1510/3304/4906
f 1901/3231/4839 1686/3232/4907 1510/3304/4906
f 1794/3275/4840 2174/3205/4720 1322/3291/4882
f 2428/3142/4653 1383/3292/4885 1501/3213/4738
f 2336/3156/4908 2040/3157/4908 1382/3259/4908
f 527/3277/4845 2409/3062/4703 1323/3305/4909
f 2409/3062/4703 2021/3215/4740 1323/3305/4909
f 297/3235/4910 2010/3173/4891 301/3217/4743
f 301/3217/4892 1783/3294/4894 1487/24/4911
f 1782/3306/4912 1783/3294/4894 1781/3307/4913
f 1781/3307/4913 1783/3294/4894 1411/3280/4893
f 1670/3218/4895 1874/3160/4819 1665/3295/4914
f 1223/3308/4915 1563/3250/4797 1313/3224/4752
f 3201/3207/4369 209/3206/4722 3067/3251/3982
f 1405/3284/4863 1848/3256/4825 2093/3183/4668
f 312/35/37 310/36/38 290/3309/4916
f 1403/32/4917 306/30/4917 307/29/4917
f 313/34/4918 1833/3239/4826 1631/3285/4919
f 1631/3285/4920 1844/3227/4920 1546/3299/4920
f 1258/3300/4902 1956/3190/4758 1298/3310/4921
f 1956/3190/4685 1540/3074/4451 1298/3310/4922
f 1539/3270/4828 1752/3149/4759 1256/3311/4923
f 1614/3242/4871 2080/3210/4829 1736/3211/4831
f 1731/3150/4806 302/3301/4903 1613/3312/4924
f 1934/3228/4834 1448/3272/4925 1728/3271/4833
f 300/3245/4926 1919/3212/4807 1235/3313/4927
f 1235/3313/4927 1919/3212/4807 1424/3303/4905
f 1791/3166/4881 2352/3170/4788 1586/3230/4928
f 1205/3314/4929 556/3273/4837 1706/3246/4836
f 1686/3232/4930 1794/3275/4930 1322/3291/4930
f 1506/3233/4768 1503/3234/4884 1117/3315/4931
f 1501/3213/4810 1042/3316/4932 1575/3258/4809
f 1681/3172/4933 615/3317/4933 1280/3318/4933
f 1681/3172/4934 1785/3197/4934 1382/3259/4934
f 983/3319/4935 1279/3214/4841 1040/3276/4843
f 1238/3320/4936 1683/3198/4842 1191/3248/4793
f 1371/3321/4937 301/3217/4892 1488/3322/4938
f 301/3217/4892 1487/24/4911 1488/3322/4938
f 1487/24/4911 1783/3294/4894 1674/3323/4939
f 1783/3294/4894 1782/3306/4940 1674/3323/4939
s 0
f 1782/3306/4941 1781/3307/4942 1673/3324/170
f 1673/3324/755 1781/3307/4943 1672/3325/4944
s 1
f 1781/3307/4945 1411/3280/4945 1672/3325/4945
f 1315/3222/4946 2309/3146/4947 1110/3326/4948
f 1110/3326/4948 2309/3146/4947 1780/3201/4949
f 1092/3254/4799 1363/3327/4950 1257/3269/4824
f 1306/3282/4860 1628/3283/4861 974/3328/4951
f 311/33/4952 1460/38/4953 315/3184/4899
f 1285/3329/4954 308/31/4954 314/37/4954
f 311/33/4952 315/3184/4899 313/34/4918
f 315/3184/4899 1833/3239/4826 313/34/4918
f 1753/3162/4868 1539/3270/4955 1540/3074/4451
f 1752/3149/4615 1619/3241/4869 815/3330/4956
f 1731/3150/4806 1613/3312/4924 1532/3331/4957
f 1531/3289/4877 1820/3192/4688 1353/3302/4904
f 1728/3271/4833 1448/3272/4925 1086/3332/4958
f 1123/3333/4959 1124/40/45 1352/42/47
f 1352/42/4960 300/3245/4926 1084/3334/4961
f 1803/3229/4962 1791/3166/4881 1586/3230/4928
f 1205/3314/4929 1706/3246/4836 1801/3274/4963
f 1801/3274/4963 1510/3304/4964 1205/3314/4929
f 1383/3292/4885 1681/3172/4886 1280/3318/4965
f 1681/3172/4966 1382/3259/4966 615/3317/4966
f 1040/3276/4843 1683/3198/4842 1238/3320/4936
f 1482/3263/4967 1562/3112/4889 527/3277/4845
f 1063/3335/4968 1323/3305/4969 1490/3293/4890
f 1323/3305/4969 2021/3215/4847 1490/3293/4890
f 1488/3322/4970 1487/24/4970 1574/3336/4970
f 1487/24/4971 299/23/4971 1574/3336/4971
s 0
f 299/23/384 298/22/384 1573/3337/384
f 1573/3337/182 298/22/185 1572/3338/183
s 1
f 1572/3338/4972 298/22/23 1487/24/25
f 1674/3323/4939 1782/3339/4940 1487/24/4911
f 1782/3339/4973 1673/3324/4974 1487/24/4975
f 1673/3324/4974 1672/3325/4974 1487/24/4975
f 1672/3325/4976 1411/3280/4976 1487/24/4976
f 1411/3280/4977 1670/3236/4895 1665/3340/4914
f 1558/3297/4664 1026/3296/4897 1180/3341/4978
f 1405/3284/4979 2093/3183/4723 1217/3238/4775
f 1217/3238/4980 315/3184/4899 1460/38/4953
f 1460/38/4981 312/35/4981 1094/3342/4981
f 290/3309/4916 310/36/38 1403/32/4982
f 307/29/32 1358/39/44 1403/32/4983
f 1403/32/4983 1358/39/44 1243/3343/4984
f 314/37/4985 313/34/4918 1631/3285/4919
f 1631/3285/4919 1546/3299/4986 1285/3329/4987
f 1453/3286/4872 1614/3242/4871 1736/3211/4831
f 1731/3150/4806 1532/3331/4957 1600/3243/4988
f 1600/3243/4988 1532/3331/4957 1289/3344/4989
f 1289/3344/4990 1532/3331/4990 1613/3312/4990
f 1613/3312/4991 302/3301/4991 1289/3344/4991
f 302/3301/4992 1531/3289/4992 1289/3344/4992
f 1084/3334/4961 300/3245/4926 1235/3313/4927
f 1510/3304/4906 1686/3232/4907 1242/3345/4993
f 1686/3232/4907 1322/3291/4994 1242/3345/4993
f 1506/3233/4883 1203/3346/4995 1322/3291/4882
f 1117/3315/4931 1503/3234/4884 1575/3258/4996
f 1426/3262/4997 1329/3247/4998 997/3347/4999
f 1488/3322/5000 1574/3336/5000 1186/3348/5000
f 1574/3336/5001 299/3349/5001 1186/3348/5001
f 299/3349/5002 1573/3337/5003 1186/3348/5004
f 1573/3337/5003 1572/3338/5005 1186/3348/5004
f 1572/3338/5006 1487/24/5007 1186/3348/5004
f 1665/3340/4914 1111/3350/5008 1411/3280/4977
f 1780/3201/4749 1566/3237/4774 1110/3326/5009
f 1564/3223/4750 1563/3250/4797 1065/3351/5010
f 1548/3180/4370 1475/3181/4666 209/3352/4722
f 1475/3181/4666 532/3202/4710 1368/3225/4823
f 1766/3182/4800 1306/3282/4860 1092/3254/4799
f 1062/3353/5011 1092/3254/4799 1306/3282/4860
f 1088/3298/4898 1628/3283/4861 1968/3226/4754
f 1762/3255/5012 1304/3354/5013 1088/3298/5014
f 1762/3255/4864 1405/3284/4863 1304/3354/5015
f 1094/3342/5016 312/35/5016 290/3309/5016
f 1546/3299/4986 1732/3209/4901 1285/3329/4987
f 1732/3209/4901 1843/3240/4867 1285/3329/4987
f 1285/3329/4987 1843/3240/4867 1258/3300/5017
f 970/3355/5018 1258/3300/4902 1298/3310/4921
f 1298/3310/4922 1540/3074/4451 895/3356/5019
f 1539/3270/4955 1256/3311/5020 1540/3074/4451
f 1256/3311/4923 1752/3149/4759 815/3330/5021
f 1006/3357/5022 1617/3257/4870 1453/3286/4872
f 1453/3286/5023 1736/3211/4873 289/3287/4875
f 289/3287/4875 1396/3288/4876 996/3358/5024
f 1600/3243/4988 1289/3344/4989 1290/3359/5025
f 1289/3344/5026 1531/3289/4877 1353/3302/4904
f 1504/3204/4716 1817/3193/4689 1353/3302/4904
f 1424/3303/5027 1803/3229/4962 556/3273/5028
f 1803/3229/4962 1586/3230/4928 556/3273/5028
f 1205/3314/4929 1510/3304/4964 1083/3360/5029
f 1117/3315/5030 1203/3346/4995 1506/3233/4883
f 1501/3213/4810 1383/3292/5031 1042/3316/4932
f 1382/3259/5032 1426/3261/5033 615/3317/5034
f 1426/3261/5033 997/3361/5035 615/3317/5034
f 1074/3362/5036 527/3277/4845 1323/3305/4909
f 1490/3293/5037 301/3217/4743 1187/3363/5038
f 1490/3293/5037 297/3235/4910 301/3217/4743
f 672/3364/5039 301/3217/4892 1277/3365/5040
f 301/3217/4892 1371/3321/4937 1277/3365/5040
f 1111/3350/5008 1220/3366/5041 1411/3280/4977
f 1110/3326/5009 1566/3237/4774 1028/3367/5042
f 1566/3237/4774 1564/3223/4750 1028/3367/5042
f 1065/3351/5010 1563/3250/4797 1182/3368/5043
f 1313/3224/5044 1461/3178/5045 1303/3281/5046
f 1558/3297/4664 1180/3341/4978 1303/3369/4859
f 1417/3253/4533 210/3252/4798 1026/3296/4897
f 978/3370/5047 1026/3296/4897 210/3252/4798
f 974/3328/4951 1628/3283/4861 817/3371/5048
f 1018/20/5049 295/17/5049 1138/3372/5049
f 1210/21/5050 296/19/5050 295/17/5050
f 897/3373/5051 1405/3284/4979 1133/3374/5052
f 1133/3374/5052 1405/3284/4979 1217/3238/4775
f 1460/38/4953 1094/3342/5053 1217/3238/4980
f 1243/3343/4984 290/3309/5054 1403/32/4983
f 1358/39/5055 308/31/5055 1285/3329/5055
f 314/37/4985 1631/3285/4919 1285/3329/4987
f 1619/3241/4869 1350/3375/5056 815/3330/4956
f 1350/3375/5057 1619/3241/4780 1296/3376/5058
f 1396/3288/5059 1600/3243/4988 1291/3377/5060
f 1291/3377/5060 1600/3243/4988 1290/3359/5025
f 964/3378/5061 1289/3344/5026 1353/3302/4904
f 1086/3332/4958 1448/3272/4925 894/3379/5062
f 1352/42/4960 1084/3334/4961 1085/3380/5063
f 1117/3315/4931 1575/3258/4996 1042/3316/5064
f 1042/3316/4932 1383/3292/5031 1280/3318/5065
f 1329/3247/4998 1279/3214/4841 983/3319/4935
f 1411/3280/4977 1220/3366/5041 1487/24/5066
f 1111/3350/5067 1665/3340/5067 1069/3381/5067
f 1068/3268/4856 1315/3222/4747 1183/3382/5068
f 1182/3368/5043 1563/3250/4797 1223/3308/4915
f 209/3352/4722 1475/3181/4666 1368/3225/4823
f 942/3383/5069 1363/3327/4950 1092/3254/4799
f 974/3328/4951 817/3371/5048 1023/3384/5070
f 1628/3283/4861 1088/3298/4898 973/3385/5071
f 1088/3298/5014 1304/3354/5013 922/3386/5072
f 1304/3354/5073 1405/3284/5074 1099/3387/5075
f 1210/21/5076 1018/20/5077 1133/3374/5078
f 1261/3388/5079 1245/16/20 296/19/21
f 296/19/5080 1210/21/5080 1055/3389/5080
f 699/3390/5081 1358/39/5081 1285/3329/5081
f 1296/3376/5058 1619/3241/4780 1617/3257/4804
f 1006/3357/5082 1453/3286/5023 940/3391/5083
f 940/3391/5083 1453/3286/5023 289/3287/4875
f 289/3287/4875 996/3358/5024 811/3392/5084
f 1396/3288/5059 1291/3377/5060 1250/3393/5085
f 1817/3193/4689 1728/3271/4833 1353/3302/4904
f 1123/3333/5086 1352/42/4960 1122/3394/5087
f 1235/3313/5088 1424/3303/5027 556/3273/5028
f 1510/3304/4964 1242/3345/5089 1083/3360/5029
f 1242/3345/4993 1322/3291/4994 1203/3346/5090
f 1117/3315/5030 1112/3395/5091 1203/3346/4995
f 997/3347/4999 1329/3247/4998 983/3319/4935
f 645/3396/5092 1323/3305/4969 1063/3335/4968
f 1063/3335/5093 1490/3293/5037 1187/3363/5038
f 1371/3321/5094 1488/3322/5095 1186/3348/5096
f 1487/24/5066 1220/3366/5041 1186/3348/5097
f 1069/3381/5098 1665/3340/5098 1068/3397/5098
f 1028/3367/5042 1564/3223/4750 1065/3351/5010
f 1223/3308/4915 1313/3224/5044 860/3398/5099
f 1313/3224/5044 1303/3281/5046 860/3398/5099
f 209/3352/4722 1368/3225/4823 1257/3269/5100
f 973/3385/5071 817/3371/5101 1628/3283/4861
f 1099/3387/5102 1405/3284/4979 897/3373/5051
f 897/3373/5103 1133/3374/5078 1018/20/5077
f 295/17/16 293/15/15 1138/3372/5104
f 293/15/15 1053/12/12 1138/3372/5104
f 290/3309/5105 1093/3399/5105 1094/3342/5105
f 290/3309/5106 1243/3343/5106 1093/3399/5106
f 1243/3343/5107 1358/39/5107 699/3390/5107
f 894/3379/5062 1448/3272/4925 953/3290/5108
f 1123/3333/4959 839/3400/5109 1124/40/45
f 1122/3394/5087 1352/42/4960 1085/3380/5063
f 1117/3315/5030 1118/3401/5110 1112/3395/5091
f 1273/3249/5111 1482/3263/4967 527/3277/4845
f 1187/3363/5112 301/3217/4892 903/3402/5113
f 903/3402/5113 301/3217/4892 672/3364/5039
f 1315/3222/5114 1110/3326/5115 861/3403/5116
f 1303/3369/4859 1180/3341/4978 1058/3404/5117
f 1306/3282/4860 974/3328/4951 1062/3353/5011
f 1010/10/5118 1245/16/20 1261/3388/5079
f 699/3390/5119 1093/3399/5119 1243/3343/5119
f 970/3355/5018 1298/3310/4921 1206/3405/5120
f 1206/3405/5121 1298/3310/5121 816/3406/5121
f 1540/3074/4451 1256/3311/5020 1132/3407/5122
f 1256/3311/4923 815/3330/5021 1132/3407/5123
f 996/3358/5124 1396/3288/5059 965/3408/5125
f 1396/3288/5059 1250/3393/5085 965/3408/5125
f 1250/3393/5085 1291/3377/5060 965/3408/5125
f 1291/3377/5126 1290/3359/5126 965/3408/5126
f 1290/3359/5127 1289/3344/5127 965/3408/5127
f 965/3408/5125 1289/3344/5026 964/3378/5061
f 953/3290/4879 1124/40/4880 845/3409/5128
f 1235/3313/5088 556/3273/5028 1205/3314/5129
f 1242/3345/4993 1203/3346/5090 288/3410/5130
f 1117/3315/4931 1042/3316/5064 890/3411/5131
f 934/3412/5132 527/3277/4845 1074/3362/5036
f 1277/3365/5133 1371/3321/5094 1186/3348/5096
f 1183/3382/5134 1315/3222/5114 861/3403/5116
f 1303/3369/5046 1058/3404/5135 927/3413/5136
f 1053/12/12 1014/3414/5137 1138/3372/5104
f 1097/18/19 1245/16/20 1010/10/5118
f 1261/3388/5138 296/19/5138 1004/3415/5138
f 296/19/5139 1055/3389/5139 1004/3415/5139
f 1285/3329/4987 1258/3300/5017 970/3355/5140
f 970/3355/5018 1206/3405/5120 915/3416/5141
f 1084/3334/5142 1235/3313/5088 1205/3314/5129
f 1083/3360/5029 1242/3345/5089 891/3417/5143
f 1112/3395/5144 1118/3401/5145 1199/3418/5146
f 1118/3401/5145 1241/3419/5147 1199/3418/5146
f 1241/3419/5147 1198/3420/5148 1199/3418/5146
s 0
f 1198/3420/438 1241/3419/438 1185/3421/438
f 1197/3422/438 1185/3421/438 1196/3423/438
f 1185/3421/322 1241/3419/322 1196/3423/322
s 1
f 1196/3423/5149 1241/3419/5147 1118/3401/5145
f 1118/3401/5110 1117/3315/5030 958/3424/5150
f 931/3425/5151 1280/3318/5152 615/3317/5034
f 936/3426/5153 997/3347/4999 983/3319/4935
f 527/3277/4845 1238/3320/5154 1191/3248/5155
f 1074/3362/5156 1323/3305/4969 645/3396/5092
f 672/3364/5133 1277/3365/5133 1186/3348/5096
f 1220/3366/5041 1177/3427/5157 1186/3348/5097
f 1111/3350/5158 1069/3381/5159 975/3428/5160
f 1058/3404/5117 1180/3341/4978 831/3429/5161
f 1088/3298/5014 922/3386/5072 287/3430/5162
f 922/3386/5163 1304/3354/5073 1099/3387/5075
f 1138/3372/5164 896/3431/5164 1018/20/5164
f 1055/3389/5165 1210/21/5076 1133/3374/5078
f 1133/3374/5078 1217/3238/4980 1055/3389/5165
f 1217/3238/4980 1094/3342/5053 1055/3389/5165
f 699/3390/5166 1285/3329/4987 970/3355/5140
f 865/3432/5167 1296/3376/5168 711/3433/5169
f 711/3433/5169 1296/3376/5168 1617/3257/5170
f 964/3378/5061 1353/3302/4904 1086/3332/4958
f 1353/3302/4904 1728/3271/4833 1086/3332/4958
f 1124/40/4880 839/3400/5171 845/3409/5128
f 960/3434/5172 1123/3333/5086 911/3435/5173
f 1084/3334/5142 1205/3314/5129 1085/3380/5174
f 1205/3314/5129 1083/3360/5175 1085/3380/5174
f 1083/3360/5176 891/3417/5176 959/3436/5176
f 1242/3345/5089 288/3410/5177 891/3417/5143
f 288/3410/5130 1203/3346/5090 284/3437/5178
f 1203/3346/5090 1112/3395/5179 284/3437/5178
f 1112/3395/5180 1199/3418/5180 1043/3438/5180
f 1199/3418/5181 1198/3439/5181 1043/3438/5181
f 1198/3439/5182 1185/3421/5182 1043/3438/5182
f 1185/3421/5182 1197/3422/5182 1043/3438/5182
f 1197/3422/5183 1196/3423/5183 1043/3438/5183
f 1196/3423/5184 1118/3401/5184 1043/3438/5184
f 1043/3438/5185 1118/3401/5185 958/3424/5185
f 1191/3248/5155 1273/3249/5111 527/3277/4845
f 1186/3348/5097 1177/3427/5157 672/3364/5186
f 1065/3351/5010 1182/3368/5043 722/3440/5187
f 1182/3368/5043 1223/3308/4915 832/3441/5188
f 832/3441/5188 1223/3308/4915 860/3398/5099
f 860/3442/5099 1303/3369/5046 927/3413/5136
f 209/3352/4722 1257/3269/5100 1363/3327/5189
f 1010/10/5190 1053/12/5190 1097/18/5190
f 1132/3407/5122 848/3443/5191 1540/3074/4451
f 1132/3407/5123 815/3330/5021 848/3443/5192
f 1350/3375/5057 1296/3376/5058 771/3444/5193
f 1296/3376/5058 865/3432/5194 771/3444/5193
f 289/3287/4875 812/3445/5195 940/3391/5196
f 289/3287/4875 811/3392/5084 812/3445/5195
f 965/3408/5125 964/3378/5061 285/3446/5197
f 1117/3315/5030 890/3411/5131 958/3424/5150
f 1042/3316/5064 1280/3318/5152 890/3411/5131
f 615/3317/5034 997/3361/5035 931/3425/5151
f 1063/3335/5093 1187/3363/5038 989/3447/5198
f 836/3448/5199 1187/3363/5112 903/3402/5113
f 1030/3449/5200 1220/3366/5201 1111/3350/5202
f 975/3428/5203 1069/3381/5203 1068/3397/5203
f 1110/3326/5204 1028/3367/5205 861/3403/5206
f 1065/3351/5010 722/3440/5187 1028/3367/5205
f 1180/3341/4978 1026/3296/4897 259/3450/5207
f 209/3352/4722 1363/3327/5189 942/3383/5208
f 1092/3254/4799 1062/3353/5011 942/3383/5069
f 942/3383/5069 1062/3353/5011 881/3451/5209
f 1023/3384/5070 817/3371/5048 242/3452/5210
f 922/3386/5163 1099/3387/5075 258/3453/5211
f 1014/3414/5137 1053/12/12 939/11/11
f 1010/10/5212 1261/3388/5212 854/3454/5212
f 854/3454/5213 1261/3388/5213 1004/3415/5213
f 1094/3342/5053 1093/3399/5214 1055/3389/5165
f 1206/3405/5120 816/3406/5215 915/3416/5141
f 711/3433/5216 1617/3257/5216 1006/3357/5216
f 964/3378/5061 1086/3332/4958 894/3379/5062
f 911/3435/5173 1123/3333/5086 1122/3394/5087
f 288/3410/5177 284/3437/5217 891/3417/5143
f 1112/3395/5179 1043/3438/5218 284/3437/5178
f 284/3437/5178 1043/3438/5218 873/3455/5219
f 1043/3438/5218 958/3424/5220 873/3455/5219
f 958/3424/5150 890/3411/5131 901/3456/5221
f 983/3319/5222 1040/3276/5223 936/3426/5153
f 1040/3276/5223 1238/3320/5224 936/3426/5153
f 728/3457/5225 1074/3362/5156 645/3396/5092
f 645/3396/5226 1063/3335/5093 989/3447/5198
f 1111/3350/5158 975/3428/5160 1030/3449/5227
f 883/3458/5228 861/3403/5206 1028/3367/5205
f 831/3429/5161 1180/3341/4978 776/3459/5229
f 1180/3341/4978 259/3450/5207 776/3459/5229
f 210/3252/4798 223/3460/5230 978/3370/5047
f 210/3252/4798 3067/3251/3982 209/3206/4722
f 1062/3353/5011 974/3328/4951 282/3461/5231
f 282/3461/5231 974/3328/4951 823/3462/5232
f 974/3328/4951 1023/3384/5070 823/3462/5232
f 822/3463/5233 287/3430/5162 922/3386/5072
f 1020/3464/5234 1013/3465/5234 1015/3466/5234
f 1015/3466/5235 1013/3465/5235 1008/3467/5235
f 969/3468/5236 1013/3465/5236 1020/3464/5236
f 882/3469/5237 1015/3466/5238 1008/3467/5239
f 1008/3467/5240 1013/3465/5241 814/3470/5242
f 969/3468/5243 1020/3464/5244 1015/3466/5238
f 1008/3467/5245 1007/3471/5245 856/3472/5245
f 1013/3465/5241 969/3468/5243 814/3470/5242
f 1138/3372/5246 1014/3414/5246 818/3473/5246
f 1004/3415/5247 1055/3389/5165 699/3390/5166
f 1055/3389/5165 1093/3399/5214 699/3390/5166
f 895/3356/5019 1540/3074/4451 848/3443/5191
f 815/3330/4956 1350/3375/5056 771/3444/5248
f 912/3474/5249 960/3434/5172 911/3435/5173
f 1085/3380/5174 1083/3360/5175 959/3436/5250
f 931/3425/5151 997/3361/5251 841/3475/5252
f 934/3412/5253 1074/3362/5156 728/3457/5225
f 993/3476/5254 286/3477/5255 992/3478/5256
f 992/3478/5256 286/3479/5255 991/3480/5257
f 991/3480/5258 286/3481/5258 990/3482/5258
f 286/3477/5259 993/3476/5260 990/3482/5261
f 993/3476/5260 645/3396/5226 990/3482/5261
f 990/3482/5261 645/3396/5226 989/3447/5198
f 989/3447/5262 1187/3363/5112 726/3483/5263
f 726/3483/5263 1187/3363/5112 836/3448/5199
f 903/3402/5264 672/3364/5186 1177/3427/5157
f 1028/3367/5205 722/3440/5187 883/3458/5228
f 1026/3296/4897 978/3370/5047 259/3450/5207
f 823/3462/5232 1023/3384/5070 242/3452/5210
f 973/3385/5071 1088/3298/4898 287/3430/5265
f 1099/3387/5102 897/3373/5051 258/3453/5266
f 1008/3467/5267 814/3470/5267 1007/3471/5267
f 969/3468/5243 1015/3466/5238 820/3484/5268
f 882/3469/5269 1008/3467/5269 856/3472/5269
f 897/3373/5103 1018/20/5077 896/3431/5270
f 896/3431/5271 1138/3372/5271 818/3473/5271
f 1014/3414/5272 939/11/5272 818/3473/5272
f 855/3485/5273 1010/10/5273 854/3454/5273
f 848/3443/5192 815/3330/5021 220/3486/5274
f 1006/3357/5082 940/3391/5083 910/3487/5275
f 235/3488/5276 940/3391/5196 812/3445/5195
f 811/3392/5277 996/3358/5124 965/3408/5125
f 965/3408/5125 285/3446/5197 279/3489/5278
f 894/3379/5062 953/3290/5108 246/3490/5279
f 953/3290/5108 845/3409/5280 246/3490/5279
f 1123/3333/4959 960/3434/5281 839/3400/5109
f 960/3434/5172 912/3474/5249 785/3491/5282
f 1122/3394/5283 1085/3380/5174 959/3436/5250
f 876/3492/5284 891/3417/5285 838/3493/5286
f 891/3417/5143 284/3437/5217 838/3493/5287
f 809/3494/5288 901/3456/5221 890/3411/5131
f 1280/3318/5152 931/3425/5151 890/3411/5131
f 997/3347/4999 936/3426/5153 841/3495/5252
f 1238/3320/5224 527/3277/4845 934/3412/5132
f 645/3396/5226 993/3476/5260 283/3496/5226
f 993/3476/5289 992/3478/5290 726/3483/5263
f 992/3478/5290 991/3480/5291 726/3483/5263
f 726/3483/5263 991/3480/5291 989/3447/5262
f 991/3480/5292 990/3482/5292 989/3447/5292
f 975/3428/5293 1068/3397/5294 900/3497/5295
f 1068/3397/4856 1183/3498/5068 900/3497/5296
f 1183/3498/5297 827/3499/5297 900/3497/5297
f 722/3440/5187 1182/3368/5043 832/3441/5188
f 1062/3353/5011 282/3461/5231 881/3451/5209
f 282/3461/5231 207/3500/5298 387/3501/5299
f 822/3463/5300 922/3386/5301 342/3502/5302
f 897/3373/5103 1007/3471/5303 258/3453/5304
f 820/3484/5268 1015/3466/5238 788/3503/5305
f 788/3503/5305 1015/3466/5238 819/3504/5306
f 1015/3466/5238 882/3469/5237 819/3504/5306
f 1007/3471/5303 897/3373/5103 856/3472/5307
f 818/3473/5308 939/11/5308 855/3485/5308
f 939/11/5309 1010/10/5309 855/3485/5309
f 1004/3415/5247 699/3390/5166 854/3454/5310
f 699/3390/5166 970/3355/5140 915/3416/5311
f 915/3416/5141 816/3406/5215 853/3505/5312
f 816/3406/5215 849/3506/5313 853/3505/5312
f 220/3486/5274 789/3507/5314 848/3443/5192
f 865/3432/5315 711/3433/5316 294/3508/5317
f 294/3508/5318 711/3433/5319 910/3487/5275
f 285/3446/5197 964/3378/5061 894/3379/5062
f 1122/3394/5283 959/3436/5250 891/3417/5320
f 838/3493/5287 284/3437/5217 769/3509/5321
f 284/3437/5217 873/3455/5322 769/3509/5321
f 873/3455/5219 958/3424/5220 901/3456/5323
f 841/3475/5252 890/3411/5131 931/3425/5151
f 936/3426/5153 863/3510/5324 268/3511/5325
f 1238/3320/5224 934/3412/5132 863/3510/5324
f 934/3412/5326 728/3457/5327 833/3512/5328
f 645/3396/5226 283/3496/5226 767/3513/5329
f 1177/3427/5330 1220/3366/5201 263/3514/5331
f 263/3514/5331 1220/3366/5201 1030/3449/5200
f 1183/3382/5332 861/3403/5333 213/3515/5334
f 860/3442/5099 927/3413/5136 252/3516/5335
f 282/3461/5231 823/3462/5232 207/3500/5298
f 242/3452/5210 817/3371/5048 775/3517/5336
f 973/3385/5071 287/3430/5265 817/3371/5101
f 922/3386/5163 258/3453/5211 342/3502/5337
f 256/3518/5338 882/3469/5338 856/3472/5338
f 699/3390/5166 915/3416/5311 854/3454/5310
f 1298/3310/4922 895/3356/5019 248/3519/5339
f 910/3487/5340 940/3391/5196 235/3488/5276
f 911/3435/5341 1122/3394/5283 891/3417/5320
f 890/3411/5131 841/3475/5252 3/3520/5342
f 936/3426/5153 1238/3320/5224 863/3510/5324
f 245/3521/5343 836/3448/5344 264/3522/5345
f 264/3522/5345 836/3448/5344 903/3402/5264
f 903/3402/5264 1177/3427/5157 264/3522/5345
f 900/3497/5295 798/3523/5346 975/3428/5293
f 827/3499/5347 1183/3498/5332 213/3524/5334
f 722/3440/5187 832/3441/5188 261/3525/5348
f 942/3383/5208 881/3451/5209 209/3352/4722
f 1007/3471/5349 814/3470/5349 340/3526/5349
f 814/3470/5242 969/3468/5243 820/3484/5268
f 853/3505/5312 849/3506/5313 199/3527/5350
f 816/3406/5351 1298/3310/4922 248/3519/5339
f 910/3487/5275 711/3433/5319 1006/3357/5082
f 965/3408/5125 770/3528/5352 811/3392/5277
f 845/3409/5128 839/3400/5171 277/3529/5353
f 960/3434/5281 228/3530/5354 839/3400/5109
f 769/3509/5321 873/3455/5322 227/3531/5355
f 901/3456/5323 809/3494/5356 269/3532/5357
f 890/3411/5131 3/3520/5342 809/3494/5288
f 783/3533/5358 266/3534/5359 863/3510/5360
f 783/3533/5358 934/3412/5326 833/3512/5328
f 728/3457/5361 645/3396/5226 767/3513/5329
f 283/3496/5362 993/3476/5289 726/3483/5263
f 798/3523/5363 1030/3449/5227 975/3428/5160
f 209/3352/4722 881/3451/5209 243/3535/5364
f 287/3430/5265 822/3463/5365 817/3371/5101
f 897/3373/5103 896/3431/5270 856/3472/5307
f 856/3472/5307 896/3431/5270 818/3473/5366
f 854/3454/5310 915/3416/5311 853/3505/5367
f 895/3356/5019 848/3443/5191 248/3519/5339
f 279/3489/5278 770/3528/5352 965/3408/5125
f 285/3446/5197 894/3379/5062 246/3490/5279
f 217/3536/5368 277/3529/5353 839/3400/5171
f 911/3435/5341 891/3417/5320 769/3509/5369
f 891/3417/5370 876/3492/5370 769/3509/5370
f 873/3455/5219 901/3456/5323 269/3532/5357
f 268/3511/5371 863/3510/5371 267/3537/5371
f 783/3533/5358 863/3510/5360 934/3412/5326
f 265/3538/5372 728/3457/5361 767/3513/5329
f 767/3513/5373 283/3496/5362 726/3483/5263
f 798/3523/5363 263/3514/5374 1030/3449/5227
f 900/3497/5375 827/3499/5376 225/3539/5377
f 861/3403/5378 883/3458/5228 213/3515/5379
f 252/3516/5335 832/3540/5380 860/3442/5099
f 978/3370/5047 223/3460/5230 259/3450/5207
f 881/3451/5209 282/3461/5231 243/3535/5364
f 256/3518/5381 819/3504/5381 882/3469/5381
f 248/3519/5339 848/3443/5191 240/3541/5382
f 240/3541/5382 848/3443/5191 238/3542/5383
f 865/3432/5315 294/3508/5317 237/3543/5384
f 294/3508/5317 234/3544/5385 237/3543/5384
f 234/3544/5386 294/3508/5387 236/3545/5388
f 812/3445/5389 811/3392/5277 770/3528/5352
f 279/3489/5278 285/3446/5197 246/3490/5279
f 912/3474/5390 911/3435/5341 769/3509/5369
f 876/3492/5284 838/3493/5286 769/3509/5391
f 769/3509/5369 227/3531/5392 271/3546/5393
f 268/3511/5325 841/3495/5252 936/3426/5153
f 266/3534/5359 267/3537/5394 863/3510/5360
f 833/3512/5395 728/3457/5361 265/3538/5372
f 638/3547/5396 798/3523/5346 900/3497/5295
f 213/3515/5379 883/3458/5228 261/3525/5348
f 883/3458/5228 722/3440/5187 261/3525/5348
f 927/3413/5136 1058/3404/5135 211/3548/5397
f 814/3470/5398 257/3549/5398 340/3526/5398
f 230/3550/5399 819/3504/5399 256/3518/5399
f 256/3518/5400 856/3472/5307 818/3473/5366
f 818/3473/5366 855/3485/5401 256/3518/5400
f 854/3454/5310 853/3505/5367 855/3485/5401
f 199/3527/5350 849/3506/5313 255/3551/5402
f 255/3551/5403 849/3506/5404 816/3406/5351
f 239/3552/5405 240/3541/5406 238/3542/5407
f 247/3553/5408 848/3443/5191 789/3507/5409
f 246/3490/5279 845/3409/5280 277/3529/5410
f 873/3455/5322 269/3532/5411 227/3531/5355
f 807/3554/5412 805/3555/5413 784/3556/5414
f 784/3556/5414 805/3555/5413 806/3557/5415
f 804/3558/5416 807/3554/5417 767/3513/5418
f 807/3554/5417 784/3556/5419 767/3513/5418
f 767/3513/5373 803/3559/5416 802/3560/5416
s 0
f 802/3560/384 803/3559/384 801/3561/384
f 801/3561/170 803/3559/170 800/3562/170
f 800/3562/384 803/3559/384 799/3563/384
s 1
f 803/3559/5416 767/3513/5373 799/3563/5420
f 799/3563/5420 767/3513/5373 726/3483/5263
f 264/3522/5421 1177/3427/5330 233/3564/5422
f 1177/3427/5330 263/3514/5331 233/3564/5422
f 638/3547/5423 900/3497/5375 225/3539/5377
f 1058/3404/5135 831/3429/5161 211/3548/5397
f 831/3429/5161 776/3459/5229 168/3565/5424
f 282/3461/5231 387/3501/5299 243/3535/5364
f 775/3517/5425 817/3371/5101 822/3463/5365
f 822/3463/5300 342/3502/5302 221/3566/5426
f 221/3566/5426 342/3502/5302 251/3567/5427
f 1007/3471/5303 340/3526/5428 258/3453/5304
f 257/3549/5429 814/3470/5429 820/3484/5429
f 788/3503/5430 819/3504/5430 230/3550/5430
f 256/3518/5400 855/3485/5401 199/3527/5431
f 855/3485/5401 853/3505/5367 199/3527/5431
f 255/3551/5403 816/3406/5351 249/3568/5432
f 249/3568/5432 816/3406/5351 248/3519/5339
f 238/3542/5383 848/3443/5191 247/3553/5408
f 220/3486/5433 815/3330/4956 771/3444/5248
f 910/3487/5340 235/3488/5276 218/3569/5434
f 812/3445/5389 770/3528/5352 229/3570/5435
f 770/3528/5352 279/3489/5278 281/3571/5436
f 839/3400/5109 228/3530/5354 173/3572/5437
f 228/3530/5438 960/3434/5172 785/3491/5282
f 785/3491/5439 912/3474/5390 769/3509/5369
f 269/3532/5357 809/3494/5356 3/3520/5440
f 3/3520/5342 841/3475/5252 268/3573/5325
f 215/3574/5441 268/3511/5441 267/3537/5441
f 784/3556/5414 806/3557/5415 195/3575/5442
f 806/3557/5415 805/3576/5443 195/3575/5442
f 195/3575/5444 805/3576/5445 254/3577/5446
f 805/3576/5445 807/3578/5447 254/3577/5446
f 807/3578/5447 804/3558/5448 254/3577/5446
f 804/3558/5449 767/3513/5449 254/3577/5449
f 767/3513/5450 802/3560/5450 254/3577/5450
f 802/3560/5447 801/3561/5451 254/3577/5452
f 801/3561/5451 800/3562/5453 254/3577/5452
f 254/3577/5452 800/3562/5454 726/3483/5455
f 800/3562/5456 799/3563/5456 726/3483/5456
f 726/3483/5457 836/3448/5344 245/3521/5343
f 245/3521/5458 264/3522/5421 170/3579/5459
f 262/3580/5460 798/3523/5346 638/3547/5396
f 832/3540/5461 252/3516/5335 261/3581/5348
f 342/3502/5337 258/3453/5211 241/3582/5462
f 257/3549/5463 820/3484/5463 788/3503/5463
f 272/3583/5464 788/3503/5464 230/3550/5464
f 255/3551/5403 249/3568/5432 250/3584/5465
f 294/3508/5466 910/3487/5340 218/3569/5434
f 235/3488/5467 812/3445/5389 229/3570/5435
f 785/3491/5282 270/3585/5468 228/3530/5438
f 783/3533/5469 833/3512/5395 265/3538/5372
f 195/3575/5470 767/3513/5418 784/3556/5419
f 194/3586/5471 726/3483/5457 245/3521/5343
f 225/3539/5472 827/3499/5347 213/3524/5334
f 275/5/5 276/1/1 252/3516/5335
f 280/4/4 176/3587/5473 278/3/3
f 176/3587/5473 280/4/4 182/3588/5474
f 260/3589/5475 253/9/9 275/5/5
f 211/3548/5397 831/3429/5161 168/3565/5424
f 208/3590/5476 222/3591/5477 387/3501/5299
f 823/3462/5232 232/3592/5478 207/3500/5298
f 241/3582/5479 251/3567/5480 342/3502/5481
f 257/3549/5482 788/3503/5482 272/3583/5482
f 771/3444/5193 865/3432/5194 192/3593/5483
f 218/3569/5434 185/3594/5484 294/3508/5466
f 281/3571/5436 279/3489/5278 246/3490/5279
f 191/3595/5485 246/3490/5279 277/3529/5410
f 839/3400/5171 173/3572/5486 217/3536/5368
f 270/3585/5487 785/3491/5439 271/3546/5393
f 785/3491/5439 769/3509/5369 271/3546/5393
f 269/3532/5411 3/3520/5488 196/3596/5489
f 266/3534/5490 783/3533/5469 265/3538/5372
f 265/3538/5491 767/3513/5418 195/3575/5470
f 254/3577/5492 726/3483/5457 194/3586/5471
f 170/3579/5459 264/3522/5421 233/3564/5422
f 262/3580/5493 638/3547/5423 204/3597/5494
f 252/3516/5335 276/1/1 261/3581/5348
f 203/8/8 278/3/3 176/3587/5473
f 260/3589/5475 275/5/5 252/3516/5335
f 927/3413/5136 211/3548/5397 252/3516/5335
f 259/3450/5207 223/3460/5230 167/3598/5495
f 223/3460/5230 210/3252/4798 244/3599/5496
f 210/3252/4798 209/3206/4722 175/3600/5497
f 209/3352/4722 243/3535/5364 175/3601/5497
f 175/3601/5497 387/3501/5299 222/3591/5477
f 387/3501/5299 207/3500/5498 208/3590/5476
f 232/3592/5478 823/3462/5232 242/3452/5210
f 242/3452/5210 775/3517/5336 145/3602/5499
f 231/3603/5500 251/3567/5480 241/3582/5479
f 258/3453/5304 340/3526/5428 257/3549/5501
f 220/3486/5433 771/3444/5248 192/3593/5502
f 865/3432/5194 237/3543/5503 192/3593/5483
f 294/3508/5466 185/3594/5484 236/3545/5388
f 235/3488/5467 229/3570/5435 206/3604/5504
f 229/3570/5435 770/3528/5352 281/3571/5436
f 246/3490/5279 191/3595/5485 165/3605/5505
f 277/3529/5410 217/3536/5506 191/3595/5485
f 270/3585/5487 271/3546/5393 227/3531/5392
f 196/3596/5489 227/3531/5355 269/3532/5411
f 214/3606/5507 267/3537/5508 266/3534/5490
f 233/3564/5509 263/3514/5374 798/3523/5363
f 204/3597/5494 638/3547/5423 225/3539/5377
f 225/3539/5472 213/3524/5334 183/3607/5510
f 212/3608/5511 273/7/7 203/8/8
f 252/3516/5335 211/3548/5397 169/3609/5512
f 168/3565/5424 776/3459/5229 202/3610/5513
f 776/3459/5229 154/3611/5514 202/3610/5513
f 259/3450/5207 167/3598/5495 776/3459/5229
f 776/3459/5229 167/3598/5495 99/3612/5515
f 243/3535/5364 387/3501/5299 175/3601/5497
f 775/3517/5425 822/3463/5365 221/3566/5516
f 231/3603/5517 187/3613/5518 251/3567/5519
f 251/3567/5519 187/3613/5518 200/3614/5520
f 241/3582/5521 258/3453/5304 257/3549/5501
f 256/3518/5400 199/3527/5431 230/3550/5522
f 255/3551/5523 250/3584/5523 199/3527/5523
f 198/3615/5524 248/3519/5525 240/3541/5406
f 193/3616/5526 247/3553/5527 220/3486/5528
f 247/3553/5527 789/3507/5529 220/3486/5528
f 228/3530/5438 270/3585/5468 216/3617/5530
f 215/3574/5531 267/3537/5508 214/3606/5507
f 265/3538/5372 214/3606/5507 266/3534/5490
f 205/3618/5532 195/3575/5533 254/3577/5492
f 254/3577/5492 194/3586/5471 205/3618/5532
f 226/3619/5534 233/3564/5509 798/3523/5363
f 183/3607/5510 204/3597/5535 225/3539/5472
f 280/4/4 224/6/6 182/3588/5474
f 224/6/6 253/9/9 181/3620/5536
f 776/3459/5229 99/3612/5515 154/3611/5514
f 201/3621/5537 242/3452/5210 145/3602/5499
f 145/3602/5499 775/3517/5425 221/3566/5516
f 241/3582/5521 257/3549/5501 187/3613/5538
f 257/3549/5501 272/3583/5539 187/3613/5538
f 250/3584/5540 174/3622/5541 199/3527/5542
f 250/3584/5540 249/3568/5543 174/3622/5541
f 174/3622/5541 249/3568/5543 198/3615/5524
f 249/3568/5543 248/3519/5525 198/3615/5524
f 240/3541/5406 239/3552/5405 198/3615/5524
f 239/3552/5405 238/3542/5407 197/3623/5544
f 197/3623/5544 238/3542/5407 193/3616/5526
f 238/3542/5407 247/3553/5527 193/3616/5526
f 237/3543/5545 219/3624/5546 150/3625/5547
f 219/3624/5546 237/3543/5545 129/3626/5548
f 237/3543/5384 234/3544/5385 129/3626/5549
f 234/3544/5386 236/3545/5388 151/3627/5550
f 229/3570/5435 281/3571/5436 165/3605/5505
f 246/3490/5279 165/3605/5505 281/3571/5436
f 191/3595/5485 217/3536/5506 143/3628/5551
f 217/3536/5368 173/3572/5486 184/3629/5552
f 268/3511/5553 215/3574/5553 190/3630/5553
f 265/3538/5491 195/3575/5470 7/3631/5554
f 226/3619/5555 798/3523/5346 262/3580/5460
f 261/3581/5348 276/1/1 213/3524/5379
f 213/3524/5379 276/1/1 212/3608/5511
f 276/1/1 273/7/7 212/3608/5511
f 161/3632/5556 244/3599/5496 210/3252/4798
f 232/3592/5478 242/3452/5210 201/3621/5537
f 187/3613/5538 272/3583/5539 230/3550/5522
f 198/3615/5524 239/3552/5405 197/3623/5544
f 192/3593/5557 237/3543/5557 150/3625/5557
f 151/3627/5550 236/3545/5388 185/3594/5484
f 218/3569/5558 235/3488/5467 206/3604/5504
f 3/3520/5488 268/3573/5559 196/3596/5489
f 268/3573/5559 190/3633/5560 196/3596/5489
f 215/3574/5561 178/3634/5561 190/3630/5561
f 194/3586/5562 245/3521/5458 170/3579/5459
f 170/3579/5563 233/3564/5509 226/3619/5534
f 158/3635/5564 212/3608/5511 203/8/8
f 211/3548/5397 168/3565/5424 123/3636/5565
f 221/3566/5566 251/3567/5567 188/3637/5568
f 231/3603/5569 241/3582/5521 187/3613/5538
f 187/3613/5538 230/3550/5522 199/3527/5431
f 150/3625/5570 219/3624/5571 5/3638/5572
f 151/3627/5550 185/3594/5484 166/3639/5573
f 185/3594/5574 218/3569/5558 180/3640/5575
f 218/3569/5558 206/3604/5504 180/3640/5575
f 229/3570/5435 165/3605/5505 206/3604/5504
f 179/3641/5576 228/3530/5438 216/3617/5530
f 270/3585/5487 227/3531/5392 216/3617/5577
f 227/3531/5392 196/3596/5578 216/3617/5577
f 215/3574/5579 177/3642/5580 178/3634/5581
f 177/3642/5582 214/3606/5583 171/3643/5584
f 171/3643/5584 265/3538/5491 7/3631/5554
f 213/3524/5379 212/3608/5511 189/3644/5585
f 158/3635/5564 189/3644/5585 212/3608/5511
f 252/3516/5335 169/3609/5512 260/3589/5475
f 223/3460/5230 244/3599/5496 167/3598/5495
f 120/3645/5586 221/3566/5587 188/3637/5588
f 188/3637/5568 251/3567/5567 200/3614/5589
f 187/3613/5590 4/3646/5590 200/3614/5590
f 136/3647/5591 187/3613/5538 199/3527/5431
f 220/3486/5433 192/3593/5502 193/3616/5592
f 150/3625/5570 5/3638/5572 186/3648/5593
f 5/3638/5594 219/3624/5594 129/3626/5594
f 234/3544/5386 151/3627/5550 129/3626/5595
f 143/3628/5551 217/3536/5506 184/3629/5596
f 215/3574/5579 214/3606/5597 177/3642/5580
f 205/3618/5532 141/3649/5598 195/3575/5533
f 170/3579/5563 226/3619/5534 159/3650/5599
f 183/3607/5600 213/3524/5379 189/3644/5585
f 176/3587/5473 138/3651/5601 203/8/8
f 253/9/9 260/3589/5475 169/3609/5512
f 211/3548/5397 123/3636/5565 169/3609/5512
f 167/3598/5495 244/3599/5496 161/3632/5556
f 161/3632/5556 210/3252/4798 175/3600/5497
f 208/3590/5476 207/3500/5498 153/3652/5602
f 207/3500/5498 232/3592/5603 153/3652/5602
f 153/3652/5604 232/3592/5605 201/3621/5537
f 221/3566/5516 120/3645/5606 145/3602/5499
f 160/3653/5607 4/3646/5608 187/3613/5538
f 197/3623/5609 193/3616/5592 150/3625/5610
f 180/3640/5575 206/3604/5504 165/3605/5505
f 172/3654/5611 216/3617/5577 196/3596/5578
f 205/3618/5612 194/3586/5562 140/3655/5613
f 159/3650/5614 226/3619/5555 262/3580/5460
f 158/3635/5564 203/8/8 132/3656/5615
f 182/3588/5474 224/6/6 181/3620/5536
f 168/3565/5424 202/3610/5513 87/3657/5616
f 222/3591/5477 208/3590/5476 121/3658/5617
f 201/3621/5537 145/3602/5499 109/3659/5618
f 200/3614/5619 4/3646/5620 160/3653/5621
f 136/3647/5591 199/3527/5431 174/3622/5622
f 174/3622/5622 198/3615/5623 150/3625/5610
f 198/3615/5623 197/3623/5609 150/3625/5610
f 193/3616/5592 192/3593/5502 150/3625/5610
f 133/3660/5624 186/3648/5625 5/3638/5626
f 165/3605/5505 191/3595/5485 143/3628/5551
f 196/3596/5578 190/3633/5627 172/3654/5611
f 214/3606/5583 265/3538/5491 171/3643/5584
f 195/3575/5533 141/3649/5598 7/3631/5628
f 140/3655/5613 194/3586/5562 170/3579/5459
f 204/3597/5535 183/3607/5510 148/3661/5629
f 181/3620/5536 253/9/9 169/3609/5512
f 202/3610/5513 154/3611/5514 87/3657/5616
f 126/3662/5630 175/3600/5631 121/3663/5632
f 114/3664/5633 208/3590/5476 153/3652/5602
f 160/3653/5607 187/3613/5538 136/3647/5591
f 130/3665/5634 186/3648/5625 133/3660/5624
f 151/3627/5550 166/3639/5573 111/3666/5635
f 185/3594/5574 180/3640/5575 144/3667/5636
f 165/3605/5505 8/3668/5637 180/3640/5575
f 184/3629/5552 173/3572/5486 104/3669/5638
f 142/3670/5639 172/3671/5611 107/3672/5640
f 190/3630/5627 178/3634/5641 172/3671/5611
f 159/3650/5599 140/3655/5642 170/3579/5563
f 262/3580/5493 204/3597/5494 149/3673/5643
f 183/3607/5600 189/3644/5585 158/3635/5564
f 132/3656/5615 203/8/8 78/3674/5644
f 78/3674/5644 203/8/8 138/3651/5601
f 181/3620/5536 147/3675/5645 182/3588/5474
f 169/3609/5512 123/3636/5565 146/3676/5646
f 175/3601/5647 222/3591/5477 121/3658/5617
f 150/3625/5610 186/3648/5648 130/3665/5649
f 124/3677/5650 129/3626/5595 151/3627/5550
f 166/3639/5651 185/3594/5574 144/3667/5636
f 228/3530/5354 179/3641/5652 173/3572/5437
f 177/3642/5653 171/3643/5654 9/3678/5655
f 122/3679/5656 7/3631/5628 141/3649/5598
f 140/3655/5613 141/3649/5657 205/3618/5612
f 149/3673/5658 204/3597/5535 148/3661/5629
f 176/3587/5473 182/3588/5474 137/3680/5659
f 137/3680/5659 182/3588/5474 147/3675/5645
f 121/3658/5617 208/3590/5476 114/3664/5633
f 188/3637/5568 200/3614/5589 131/3681/5660
f 152/3682/5661 200/3614/5619 160/3653/5621
f 136/3647/5591 174/3622/5622 135/3683/5662
f 174/3622/5622 150/3625/5610 135/3683/5662
f 180/3640/5575 8/3668/5637 144/3667/5636
f 216/3617/5530 172/3654/5663 179/3641/5576
f 172/3671/5611 178/3634/5641 107/3672/5640
f 178/3634/5641 177/3642/5653 107/3672/5640
f 107/3672/5640 177/3642/5653 9/3678/5655
f 122/3679/5656 9/3678/5655 171/3643/5654
f 122/3679/5656 171/3643/5654 7/3631/5628
f 115/3684/5664 262/3580/5493 149/3673/5643
f 138/3651/5601 176/3587/5473 137/3680/5659
f 123/3636/5565 168/3565/5424 87/3657/5616
f 161/3632/5556 175/3600/5497 127/3685/5665
f 127/3685/5665 175/3600/5497 110/3686/5666
f 201/3621/5537 109/3659/5618 89/3687/5667
f 109/3659/5618 145/3602/5499 14/3688/5668
f 95/3689/5669 5/3638/5670 129/3626/5671
f 144/3667/5636 8/3668/5637 85/3690/5672
f 116/3691/5673 172/3671/5663 142/3670/5674
f 148/3661/5675 183/3607/5600 158/3635/5564
f 146/3676/5646 100/3692/5676 164/3693/5677
f 164/3693/5678 100/3692/5679 163/3694/5680
f 163/3694/5680 100/3692/5679 162/3695/5681
f 181/3620/5536 169/3609/5512 146/3676/5646
f 167/3598/5495 161/3632/5556 99/3612/5515
f 99/3612/5515 161/3632/5556 76/3696/5682
f 57/3697/5683 161/3632/5556 127/3685/5684
f 113/3698/5685 114/3664/5633 153/3652/5602
f 120/3645/5586 188/3637/5588 131/3681/5686
f 131/3681/5687 200/3614/5687 152/3682/5687
f 150/3625/5610 130/3665/5649 112/3699/5688
f 111/3666/5689 166/3639/5651 144/3667/5636
f 117/3700/5690 184/3629/5596 104/3669/5691
f 173/3572/5437 179/3641/5652 116/3701/5692
f 128/3702/5693 141/3649/5694 140/3655/5642
f 139/3703/5695 115/3684/5695 149/3673/5695
f 147/3675/5645 100/3692/5676 137/3680/5659
f 146/3676/5646 164/3693/5677 157/3704/5696
s 0
f 164/3693/170 163/3694/170 157/3704/170
f 157/3704/5697 163/3694/185 156/3705/183
f 163/3694/170 162/3695/170 156/3705/170
f 162/3695/384 155/3706/384 156/3705/384
s 1
f 156/3705/5698 155/3706/5699 147/3675/5700
f 147/3675/5701 155/3706/5702 100/3692/5679
f 155/3706/5702 162/3695/5681 100/3692/5679
f 147/3675/5645 181/3620/5536 146/3676/5646
f 175/3600/5497 126/3662/5703 110/3686/5666
f 113/3698/5704 153/3652/5604 89/3687/5667
f 153/3652/5604 201/3621/5537 89/3687/5667
f 97/3707/5705 120/3645/5586 131/3681/5686
f 160/3653/5706 136/3647/5707 152/3682/5708
f 150/3625/5610 112/3699/5688 125/3708/5709
f 133/3660/5710 5/3638/5670 95/3689/5669
f 83/3709/5711 95/3689/5712 129/3626/5595
f 8/3668/5637 165/3605/5505 143/3628/5551
f 143/3628/5551 184/3629/5596 117/3700/5690
f 173/3572/5486 116/3701/5713 104/3669/5638
f 140/3655/5642 159/3650/5599 128/3702/5693
f 101/3710/5714 159/3650/5614 262/3580/5460
f 146/3676/5646 157/3704/5715 147/3675/5645
f 157/3704/5698 156/3705/5698 147/3675/5700
f 76/3696/5682 161/3632/5556 57/3697/5683
f 121/3658/5617 114/3664/5633 86/3711/5716
f 152/3682/5708 136/3647/5707 119/3712/5717
f 136/3647/5707 135/3683/5718 118/3713/5719
f 135/3683/5662 150/3625/5610 134/3714/5720
f 134/3714/5720 150/3625/5610 125/3708/5709
f 151/3627/5721 111/3666/5722 98/3715/5723
f 179/3641/5576 172/3654/5663 116/3701/5673
f 148/3661/5675 158/3635/5564 132/3656/5615
f 137/3680/5659 100/3692/5676 90/3716/5724
f 69/3717/5725 65/3718/5726 126/3662/5630
f 126/3662/5630 121/3663/5632 69/3717/5725
f 145/3602/5499 120/3645/5606 14/3688/5668
f 151/3627/5721 98/3715/5723 124/3677/5727
f 8/3668/5637 143/3628/5551 117/3700/5690
f 142/3670/5728 107/3672/5728 93/3719/5728
f 107/3672/5729 9/3678/5730 92/3720/5731
f 122/3679/5732 141/3649/5733 91/3721/5734
f 128/3702/5735 159/3650/5614 101/3710/5714
f 101/3710/5736 262/3580/5493 79/3722/5737
f 262/3580/5493 115/3684/5664 79/3722/5737
f 106/3723/5738 138/3651/5601 137/3680/5659
f 100/3692/5676 146/3676/5646 70/3724/5739
f 131/3681/5740 152/3682/5740 108/3725/5740
f 136/3647/5707 118/3713/5719 119/3712/5717
f 118/3713/5719 135/3683/5718 134/3714/5741
f 83/3709/5711 129/3626/5595 124/3677/5650
f 8/3668/5637 117/3700/5690 85/3690/5672
f 142/3670/5742 93/3719/5742 116/3691/5742
f 9/3678/5730 122/3679/5732 102/3726/5743
f 91/3721/5744 141/3649/5694 128/3702/5693
f 80/3727/5745 128/3702/5735 101/3710/5714
f 148/3661/5675 132/3656/5615 149/3673/5746
f 149/3673/5746 132/3656/5615 78/3674/5644
f 106/3723/5738 137/3680/5659 90/3716/5724
f 146/3676/5646 123/3636/5565 70/3724/5739
f 87/3657/5616 77/3728/5747 123/3636/5565
f 87/3657/5616 154/3611/5514 99/3612/5515
f 97/3707/5705 131/3681/5686 108/3725/5748
f 152/3682/5749 119/3712/5750 108/3725/5751
f 108/3725/5751 119/3712/5750 118/3713/5752
f 105/3729/5753 134/3714/5741 125/3708/5754
f 112/3699/5755 130/3665/5755 133/3660/5755
f 144/3667/5636 85/3690/5672 111/3666/5689
f 93/3719/5756 94/3730/5757 116/3691/5758
f 107/3672/5759 92/3720/5759 81/3731/5759
f 92/3720/5731 9/3678/5730 102/3726/5743
f 102/3726/5743 122/3679/5732 91/3721/5734
f 78/3674/5644 138/3651/5601 106/3723/5738
f 57/3697/5683 127/3685/5684 110/3686/5760
f 14/3688/5668 120/3645/5606 97/3707/5761
f 125/3708/5754 112/3699/5762 105/3729/5753
f 116/3691/5763 82/3732/5763 104/3733/5763
f 116/3691/5758 94/3730/5757 82/3732/5764
f 94/3730/5757 103/3734/5765 82/3732/5764
f 149/3673/5746 78/3674/5644 139/3703/5766
f 69/3735/5767 121/3658/5617 86/3711/5716
f 89/3687/5667 109/3659/5618 84/3736/5768
f 118/3713/5719 134/3714/5741 105/3729/5753
f 112/3699/5769 133/3660/5769 74/3737/5769
f 124/3677/5727 98/3715/5723 68/3738/5770
f 117/3700/5690 104/3669/5691 82/3739/5771
f 70/3724/5739 123/3636/5565 77/3728/5747
f 57/3697/5683 126/3662/5772 65/3718/5773
f 113/3698/5704 89/3687/5667 75/3740/5774
f 96/3741/5775 118/3713/5776 105/3729/5777
f 105/3729/5778 112/3699/5778 74/3737/5778
f 95/3689/5712 83/3709/5711 54/3742/5779
f 83/3709/5780 124/3677/5727 68/3738/5770
f 111/3666/5689 85/3690/5672 98/3715/5781
f 94/3730/5782 72/3743/5782 103/3734/5782
f 93/3719/5783 107/3672/5783 81/3731/5783
f 50/3744/5784 80/3727/5785 101/3710/5736
f 61/3745/5786 101/3710/5736 79/3722/5737
f 115/3684/5664 139/3703/5766 78/3674/5644
f 110/3686/5760 126/3662/5772 57/3697/5683
f 86/3711/5716 114/3664/5633 75/3740/5774
f 75/3740/5774 114/3664/5633 113/3698/5704
f 109/3659/5618 14/3688/5787 84/3736/5768
f 108/3725/5788 64/3746/5789 97/3707/5790
f 108/3725/5788 63/3747/5791 64/3746/5789
f 63/3747/5792 108/3725/5793 118/3713/5794
f 118/3713/5794 96/3741/5795 63/3747/5792
f 74/3737/5796 133/3660/5710 95/3689/5669
f 62/3748/5797 94/3730/5757 93/3719/5756
f 88/3749/5798 91/3721/5799 128/3702/5800
f 61/3745/5786 50/3744/5784 101/3710/5736
f 78/3674/5644 106/3723/5738 90/3716/5724
f 70/3724/5739 77/3728/5747 35/3750/5801
f 76/3696/5802 57/3697/5803 44/3751/5804
f 73/3752/5805 98/3715/5781 85/3690/5672
f 85/3690/5672 117/3700/5690 82/3739/5771
f 92/3720/5806 71/3753/5807 81/3731/5808
f 92/3720/5806 102/3726/5809 71/3753/5807
f 102/3726/5809 91/3721/5799 88/3749/5798
f 90/3716/5724 100/3692/5676 70/3724/5739
f 87/3657/5616 99/3612/5515 32/3754/5810
f 99/3612/5515 76/3696/5802 32/3754/5810
f 65/3718/5726 69/3717/5725 48/3755/5811
f 89/3687/5667 47/3756/5812 75/3740/5774
f 84/3736/5768 47/3756/5812 89/3687/5667
f 84/3736/5768 14/3688/5787 97/3707/5813
f 96/3741/5795 59/3757/5814 63/3747/5792
f 74/3737/5815 95/3689/5712 55/3758/5816
f 95/3689/5712 54/3742/5779 55/3758/5816
f 52/3759/5817 72/3743/5818 94/3730/5819
f 93/3719/5756 81/3731/5820 62/3748/5797
f 71/3753/5807 102/3726/5809 88/3749/5798
f 88/3749/5821 128/3702/5735 80/3727/5745
f 79/3722/5737 115/3684/5664 78/3674/5644
f 78/3674/5644 90/3716/5724 70/3724/5739
f 77/3728/5747 87/3657/5616 49/3760/5822
f 97/3707/5813 64/3746/5823 56/3761/5824
f 59/3757/5814 96/3741/5795 74/3737/5815
f 96/3741/5775 105/3729/5777 74/3737/5825
f 94/3730/5819 62/3748/5826 52/3759/5817
f 62/3748/5797 81/3731/5820 67/3762/5827
f 81/3731/5820 71/3753/5828 67/3762/5827
f 66/3763/5829 88/3749/5821 80/3727/5745
f 49/3760/5822 87/3657/5616 32/3754/5810
f 69/3735/5767 86/3711/5716 75/3740/5774
f 46/3764/5830 83/3709/5780 68/3738/5770
f 45/3765/5831 68/3738/5770 98/3715/5723
f 98/3715/5723 73/3752/5832 45/3765/5831
f 73/3752/5805 85/3690/5672 36/3766/5833
f 85/3690/5672 82/3739/5771 36/3766/5833
f 36/3767/5834 82/3732/5764 103/3734/5765
f 103/3734/5835 72/3743/5835 52/3759/5835
f 71/3753/5828 66/3763/5829 67/3762/5827
f 88/3749/5821 66/3763/5829 71/3753/5828
f 61/3745/5786 79/3722/5737 78/3674/5644
f 32/3754/5810 76/3696/5802 44/3751/5804
f 84/3736/5768 97/3707/5813 56/3761/5824
f 54/3742/5836 83/3709/5780 46/3764/5830
f 66/3763/5837 80/3727/5838 60/3768/5839
f 78/3674/5644 70/3724/5739 35/3750/5801
f 47/3756/5812 84/3736/5768 41/3769/5840
f 84/3736/5768 56/3761/5824 41/3769/5840
f 63/3747/5841 59/3757/5842 51/3770/5843
f 59/3757/5814 74/3737/5815 55/3758/5816
f 38/3771/5844 68/3738/5770 45/3765/5831
f 62/3748/5845 67/3762/5845 58/3772/5845
f 67/3762/5846 60/3768/5839 58/3772/5847
f 67/3762/5846 66/3763/5837 60/3768/5839
f 69/3717/5725 43/3773/5848 48/3755/5811
f 75/3740/5774 47/3756/5812 43/3774/5849
f 56/3761/5824 64/3746/5823 53/3775/5850
f 64/3746/5823 63/3747/5841 53/3775/5850
f 51/3770/5843 59/3757/5842 55/3758/5851
f 46/3764/5830 68/3738/5770 38/3771/5844
f 45/3765/5831 73/3752/5832 36/3766/5852
f 62/3748/5853 58/3772/5853 52/3759/5853
f 42/3776/5854 60/3768/5855 80/3727/5785
f 80/3727/5785 50/3744/5784 42/3776/5854
f 61/3745/5786 78/3674/5644 50/3744/5784
f 78/3674/5644 35/3750/5801 50/3744/5784
f 77/3728/5747 49/3760/5822 35/3750/5801
f 63/3747/5841 51/3770/5843 53/3775/5850
f 52/3759/5856 58/3772/5856 40/3777/5856
f 58/3772/5857 60/3768/5855 37/3778/5858
f 57/3697/5803 65/3718/5859 44/3751/5804
f 65/3718/5859 48/3755/5860 44/3751/5804
f 43/3774/5849 69/3735/5767 75/3740/5774
f 54/3742/5836 46/3764/5830 31/3779/5861
f 103/3734/5862 52/3759/5862 36/3767/5862
f 41/3769/5840 56/3761/5863 53/3775/5850
f 51/3770/5843 55/3758/5851 31/3779/5861
f 55/3758/5851 54/3742/5836 31/3779/5861
f 46/3764/5830 38/3771/5844 31/3779/5861
f 37/3778/5858 60/3768/5855 39/3780/5864
f 39/3780/5864 60/3768/5855 42/3776/5854
f 32/3754/5810 44/3751/5804 30/3781/5865
f 48/3755/5866 43/3773/5867 30/3781/5868
f 47/3756/5812 29/3782/5869 43/3774/5849
f 41/3769/5840 53/3775/5850 34/3783/5870
f 34/3783/5870 53/3775/5850 51/3770/5843
f 52/3759/5871 40/3777/5871 36/3767/5871
f 58/3772/5857 37/3778/5858 40/3777/5872
f 45/3765/5831 36/3766/5852 38/3771/5844
f 42/3776/5854 50/3744/5784 35/3750/5801
f 35/3750/5801 39/3780/5873 42/3776/5854
f 24/3784/5874 49/3760/5822 32/3754/5810
f 32/3754/5810 30/3781/5865 24/3784/5874
f 44/3751/5804 48/3755/5860 30/3781/5865
f 51/3770/5843 31/3779/5861 34/3783/5870
f 30/3781/5868 43/3773/5867 29/3785/5875
f 47/3756/5812 41/3769/5840 29/3782/5869
f 29/3782/5869 41/3769/5840 34/3783/5870
f 49/3760/5822 24/3784/5874 35/3750/5801
f 31/3779/5861 38/3771/5844 36/3766/5852
f 31/3786/5861 36/3767/5852 33/3787/5876
f 36/3767/5852 40/3777/5877 33/3787/5876
f 40/3777/5877 37/3778/5878 33/3787/5876
f 33/3787/5876 37/3778/5878 39/3780/5873
f 23/3788/5879 29/3785/5869 34/3789/5870
f 28/3790/5880 23/3788/5879 34/3789/5870
f 22/3791/5881 23/3788/5881 28/3790/5881
f 28/3790/5880 34/3789/5870 27/3792/5882
f 34/3789/5870 31/3786/5861 26/3793/5883
f 20/3794/5884 26/3793/5883 31/3786/5861
f 33/3787/5876 39/3780/5873 24/3784/5874
f 30/3781/5865 25/3795/5885 24/3784/5874
f 27/3792/5882 34/3789/5870 26/3793/5883
f 20/3794/5886 31/3786/5886 33/3787/5886
f 25/3795/5885 29/3785/5869 23/3788/5879
f 28/3790/5887 27/3792/5887 21/3796/5887
f 39/3780/5873 35/3750/5801 24/3784/5874
f 30/3781/5865 29/3785/5869 25/3795/5885
f 28/3790/5888 21/3796/5889 22/3791/5890
f 27/3792/5891 26/3793/5891 21/3796/5891
f 26/3793/5892 20/3794/5893 12/3797/5894
f 20/3794/5895 33/3787/5895 11/3798/5895
f 19/3799/5896 33/3787/5876 24/3784/5874
f 10/3800/5897 24/3784/5897 25/3795/5897
f 26/3793/5898 12/3797/5899 21/3796/5900
f 18/3801/5901 24/3784/5874 10/3800/5902
f 25/3795/5903 23/3788/5904 16/3802/5905
f 23/3788/5906 22/3791/5907 16/3802/5908
f 15/3803/5909 22/3791/5890 21/3796/5889
f 18/3801/5901 19/3799/5896 24/3784/5874
f 16/3802/5908 22/3791/5907 6/3804/5910
f 10/3800/5911 25/3795/5903 16/3802/5905
f 2/3805/5912 21/3796/5900 12/3797/5899
f 17/3806/5913 18/3801/5913 10/3800/5913
f 12/3797/5894 20/3794/5893 11/3798/5914
f 11/3798/5915 33/3787/5916 1/3807/5917
f 19/3799/5918 1/3807/5917 33/3787/5916
f 19/3799/5919 18/3801/5919 17/3806/5919
f 13/3808/5920 17/3806/5920 10/3800/5920
f 6/3804/5910 22/3791/5907 15/3803/5921
f 1/3807/5917 19/3799/5918 17/3806/5922
f 15/3803/5923 21/3796/5900 2/3805/5912
f 15/3803/5924 2/3805/5925 6/3804/5926
f 17/3806/5927 13/3808/5927 1/3807/5927
f 10/3800/5928 16/3802/5929 6/3804/5930
f 2/3805/5912 12/3797/5899 1/3807/5931
f 12/3797/5899 11/3798/5932 1/3807/5931
f 13/3808/5933 10/3800/5928 6/3804/5930
f 6/3804/5926 2/3805/5925 1/3807/5934
f 13/3808/5935 6/3804/5926 1/3807/5934
