# Blender 5.0.0
# www.blender.org
mtllib lid.mtl
o lid
v -0.536739 0.454117 -0.698347
v -0.525166 0.436893 -0.799291
v -0.541437 0.750454 -0.916760
v -0.551481 0.780779 -0.914136
v -0.562719 0.493060 -0.642429
v -0.564714 0.744285 -0.606450
v -0.144240 1.015202 -0.909331
v -0.013954 0.768308 -0.910031
v -0.560933 0.488414 -0.784771
v 0.062110 0.865256 -0.910348
v -0.567056 0.838717 -0.738331
v -0.470381 0.407135 -0.627659
v 0.178927 1.232496 -0.910164
v 0.262133 1.241207 -0.915953
v -0.566010 0.501717 -0.893490
v -0.568634 0.952991 -0.871334
v -0.567116 0.891877 -0.759103
v -0.195148 0.430887 -0.906858
v -0.206457 0.445621 -0.915172
v 0.009726 1.449371 -0.904745
v -0.567225 0.911475 -0.717440
v -0.469033 0.407184 -0.608033
v -0.469190 0.407158 -0.620700
v -0.468272 0.408594 -0.606517
v -0.358218 0.409114 -0.656060
v -0.120789 0.429995 -0.910716
v -0.139164 0.416854 -0.765073
v -0.567684 0.948696 -0.717620
v -0.567684 0.948919 -0.717620
v -0.264725 0.408772 -0.649617
v 0.030629 0.428560 -0.910793
v -0.566576 0.697947 -0.892092
v -0.075782 0.418217 -0.785451
v -0.089825 1.659981 -0.910742
v -0.544490 0.742494 -0.914584
v -0.565403 1.359678 -0.899896
v 0.080742 1.681559 -0.890161
v -0.562229 0.876471 -0.903967
v -0.540925 0.684572 -0.914931
v -0.288408 0.420647 -0.794175
v -0.133201 0.406770 -0.626996
v 0.018647 1.661931 -0.909254
v -0.228197 1.482088 -0.904976
v -0.173349 0.406683 -0.626099
v 0.040366 1.553060 -0.908656
v -0.215091 1.676675 -0.915887
v -0.459778 0.489145 -0.914870
v 0.104565 1.678524 -0.895038
v -0.094839 1.685470 -0.883385
v -0.093635 1.684861 -0.885033
v -0.107544 1.686167 -0.882729
v -0.088681 1.683530 -0.887392
v -0.059226 1.681496 -0.890358
v -0.079239 1.684006 -0.886652
v -0.088737 1.683011 -0.888323
v -0.107008 1.683926 -0.887134
v -0.072855 1.684629 -0.885007
v -0.061202 1.686077 -0.881842
v -0.054008 1.684623 -0.884824
v -0.052290 1.685997 -0.882224
v 0.067615 1.682831 -0.887959
v 0.057370 1.683989 -0.886155
v 0.095577 1.680767 -0.891338
v 0.105307 1.684297 -0.886286
v 0.108595 1.684089 -0.886209
v -0.135711 1.686385 -0.885792
v -0.136284 1.684990 -0.888709
v -0.124865 1.684360 -0.887744
v -0.132212 1.685994 -0.885967
v -0.124398 1.686030 -0.884447
v -0.116450 1.685933 -0.883852
v -0.120641 1.684502 -0.887047
v -0.556838 0.954133 -0.909522
v 0.174981 1.521390 -0.907481
v 0.218956 0.424901 -0.880111
v -0.269788 1.256182 -0.902387
v -0.124342 1.688316 -0.878921
v -0.124554 1.689782 -0.874980
v -0.119575 1.689251 -0.875716
v -0.124306 1.689550 -0.876284
v -0.130341 1.688442 -0.879631
v -0.127558 1.690316 -0.874184
v -0.131071 1.689767 -0.875929
v -0.137505 1.690967 -0.874887
v -0.130282 1.692337 -0.868858
v -0.131707 1.691780 -0.869805
v -0.129358 1.692837 -0.866984
v -0.135194 1.690366 -0.875652
v -0.134699 1.691823 -0.870648
v 0.137284 1.680599 -0.895153
v 0.133207 1.680286 -0.894818
v 0.133423 1.679394 -0.896178
v -0.105370 1.694402 -0.856381
v -0.102407 1.694102 -0.856700
v -0.542430 0.946425 -0.914818
v 0.103873 1.687938 -0.877830
v 0.079153 1.686466 -0.880757
v 0.105840 1.686106 -0.882275
v 0.109054 1.688242 -0.877254
v 0.002106 1.691758 -0.862466
v -0.151183 1.200052 -0.898387
v -0.379261 0.675745 -0.905744
v -0.563924 1.038609 -0.899859
v -0.149417 1.122846 -0.898272
v -0.412552 1.231706 -0.906170
v -0.553150 1.022912 -0.911933
v 0.565652 0.577994 -0.878712
v -0.138510 1.031257 -0.898239
v -0.285469 0.509922 -0.914219
v 0.460412 0.423798 -0.871386
v 0.490397 0.427822 -0.887720
v 0.200682 0.418892 -0.796699
v -0.411005 1.111751 -0.906089
v -0.004345 1.696959 -0.839515
v -0.118596 1.704879 -0.794315
v -0.562760 1.647409 -0.903241
v -0.568321 1.703212 -0.855111
v -0.517703 1.689478 -0.909696
v -0.484218 1.693074 -0.906380
v -0.339219 1.702069 -0.874253
v -0.305558 1.698388 -0.898267
v -0.353695 1.692269 -0.907839
v -0.400949 1.697971 -0.898412
v -0.423202 1.689778 -0.909343
v -0.460369 1.697830 -0.898306
v -0.277544 1.690495 -0.909246
v -0.435448 1.677739 -0.914870
v -0.172798 1.702563 -0.822361
v 0.098318 1.692582 -0.862615
v 0.071043 1.690246 -0.869576
v 0.077009 1.691555 -0.866356
v 0.093292 1.691737 -0.864354
v -0.216254 1.703486 -0.857378
v -0.538907 1.408785 -0.915371
v 0.171368 0.410380 -0.675112
v -0.541870 1.161672 -0.915097
v 0.397275 1.330107 -0.906022
v -0.137909 1.730331 -0.784678
v -0.105565 0.932610 -0.898248
v -0.556125 1.163094 -0.910115
v 0.123399 0.992921 -0.898098
v -0.564220 1.475954 -0.899176
v 0.366717 1.694688 -0.907201
v 0.178743 1.697685 -0.860586
v -0.568455 1.549754 -0.729209
v -0.567067 1.219917 -0.821323
v 0.006105 0.722920 -0.898163
v 0.079893 0.830133 -0.898395
v 0.314406 0.461881 -0.916001
v 0.140881 0.485697 -0.915691
v 0.229484 0.459047 -0.916098
v 0.078941 0.478492 -0.916194
v 0.037121 0.490563 -0.915515
v 0.233795 0.599326 -0.907946
v 0.236755 0.486740 -0.915614
v 0.320987 0.490315 -0.915367
v 0.353937 0.662202 -0.905801
v 0.212658 0.441055 -0.910330
v -0.022792 0.479676 -0.916039
v 0.050998 0.628592 -0.903194
v 0.240263 0.792309 -0.901861
v 0.267293 0.434103 -0.903645
v -0.493757 1.709632 -0.771667
v -0.299990 1.714033 -0.697546
v -0.309555 1.711013 -0.746327
v -0.216796 1.713727 -0.696652
v -0.325694 1.710031 -0.746437
v -0.362313 1.713997 -0.698120
v -0.251243 1.709983 -0.748649
v -0.397302 1.711548 -0.740402
v -0.215035 1.711127 -0.745706
v -0.153166 1.713952 -0.696341
v -0.562638 1.385342 -0.903566
v -0.567063 1.321693 -0.812842
v -0.567169 1.215064 -0.868369
v -0.563872 1.269578 -0.899884
v -0.567137 1.306430 -0.884376
v -0.567073 1.414130 -0.826543
v -0.567041 1.398232 -0.856614
v -0.567036 1.370768 -0.841183
v -0.567197 1.442723 -0.871027
v -0.567143 1.446918 -0.802435
v -0.567143 1.352846 -0.884404
v -0.567252 1.373479 -0.725233
v -0.567159 1.452466 -0.726435
v -0.560246 1.320540 -0.906419
v -0.567600 1.675078 -0.730534
v -0.567127 1.635708 -0.775441
v -0.567086 1.534774 -0.782376
v -0.567533 1.591413 -0.729104
v -0.567080 1.260625 -0.811616
v -0.567125 1.459686 -0.758777
v -0.567125 1.460693 -0.759783
v -0.567125 1.460581 -0.759783
v -0.554537 1.253976 -0.910883
v -0.568318 1.707662 -0.792414
v -0.563004 1.214261 -0.903099
v 0.410145 0.938451 -0.906103
v 0.410084 0.897175 -0.906096
v -0.025140 1.751257 -0.774918
v 0.510778 0.429003 -0.837600
v 0.125782 1.691435 -0.784829
v 0.395150 0.409508 -0.627415
v 0.462386 0.407551 -0.607568
v 0.464560 0.408375 -0.607974
v 0.312491 0.411622 -0.663816
v 0.289144 0.414670 -0.708131
v 0.351142 0.412384 -0.673769
v 0.345325 0.409489 -0.627538
v 0.307461 0.409308 -0.627549
v 0.341782 0.406325 -0.626021
v 0.427057 0.413311 -0.688100
v 0.521573 0.432623 -0.753295
v 0.521393 0.427957 -0.685181
v 0.533220 0.452281 -0.751199
v 0.494777 0.408565 -0.628494
v 0.513199 0.416991 -0.627514
v 0.502989 0.416547 -0.710307
v 0.500380 0.410752 -0.627619
v 0.493008 0.413569 -0.680515
v 0.520366 0.426689 -0.645325
v 0.511157 0.424298 -0.766192
v 0.478746 0.412694 -0.701364
v 0.532444 0.450744 -0.696503
v 0.504624 0.418732 -0.710208
v 0.522589 0.427894 -0.625646
v 0.464995 0.409119 -0.627257
v 0.277695 0.409358 -0.627626
v 0.174354 0.411696 -0.666386
v 0.221157 0.412497 -0.677723
v 0.525264 0.441870 -0.818568
v 0.400191 0.406587 -0.626562
v 0.530710 0.448531 -0.619092
v 0.404420 0.412807 -0.707220
v 0.452099 0.406286 -0.625800
v 0.450046 0.406502 -0.625913
v 0.447419 0.406437 -0.622093
v 0.446877 0.406367 -0.626377
v 0.545939 0.469253 -0.693882
v 0.460045 0.406069 -0.626393
v 0.452059 0.406167 -0.624459
v 0.454247 0.406995 -0.629955
v 0.259747 0.406766 -0.625833
v 0.299628 0.408106 -0.606766
v 0.320434 0.413106 -0.709110
v 0.450046 0.406167 -0.624347
v 0.424982 0.406839 -0.617958
v 0.429724 0.406884 -0.618443
v 0.420297 0.406707 -0.618997
v 0.420509 0.406521 -0.621346
v 0.414450 0.406850 -0.619021
v 0.415191 0.406491 -0.621441
v 0.411513 0.406874 -0.618374
v 0.410786 0.407144 -0.618543
v 0.362018 0.407294 -0.609442
v 0.372999 0.406700 -0.620893
v 0.381588 0.408548 -0.606569
v -0.121553 1.699325 -0.743360
v 0.339544 1.702176 -0.885336
v 0.417994 1.701404 -0.890164
v 0.561060 0.708779 -0.901777
v 0.565765 1.703349 -0.852214
v 0.121258 1.710090 -0.737277
v 0.364438 1.713592 -0.709113
v 0.483730 1.699020 -0.893318
v 0.327756 1.710098 -0.750588
v 0.565664 0.770753 -0.698206
v 0.565243 0.745257 -0.671073
v 0.563465 0.744156 -0.605616
v 0.565228 0.744529 -0.620929
v 0.565784 0.517872 -0.628954
v 0.565752 0.662922 -0.619102
v 0.564499 0.688639 -0.620354
v 0.563967 0.664306 -0.606005
v 0.564350 1.702528 -0.854040
v 0.564752 1.698101 -0.891880
v 0.532406 1.711705 -0.740477
v 0.510708 1.709938 -0.753082
v 0.564536 1.709338 -0.759887
v 0.538580 1.712603 -0.717010
v 0.499541 1.713762 -0.699172
v 0.563965 1.657209 -0.891215
v 0.564268 1.476696 -0.726665
v 0.564289 1.583414 -0.728784
v 0.564680 1.678618 -0.730056
v 0.565645 1.488136 -0.726702
v 0.565588 1.711506 -0.731507
v 0.564478 1.043185 -0.718965
v 0.564307 0.928131 -0.884438
v 0.564294 1.118533 -0.883249
v 0.564303 1.464251 -0.886697
v 0.565667 1.545275 -0.728062
v 0.564331 1.223028 -0.883673
v 0.564232 1.566024 -0.887966
v 0.565757 1.646137 -0.730267
v 0.564550 1.290265 -0.723586
v 0.564305 0.908301 -0.794699
v 0.564357 1.705996 -0.803090
v 0.427008 1.710109 -0.750964
v 0.564405 1.373920 -0.725046
v 0.563550 1.011779 -0.893363
v 0.549412 1.685552 -0.912651
v 0.560763 1.694811 -0.901668
v 0.438498 1.711290 -0.747460
v 0.564313 1.305308 -0.879955
v 0.564968 1.250627 -0.722848
v 0.561514 1.697760 -0.894212
v 0.554411 1.692828 -0.906344
v 0.372764 1.713945 -0.698236
v 0.564264 0.734518 -0.753915
v 0.558926 1.696587 -0.899488
v 0.564904 1.425799 -0.725449
v 0.564904 1.424569 -0.725449
v 0.564904 1.422556 -0.725449
v 0.565000 1.109789 -0.720151
v 0.565386 0.976580 -0.718005
v 0.565075 0.922750 -0.716959
v 0.560113 0.949483 -0.903555
v 0.563323 1.077961 -0.894116
v 0.522631 1.693052 -0.905245
v 0.365390 1.712227 -0.721199
v 0.348699 1.713907 -0.697857
v 0.362477 1.713783 -0.698272
v 0.363260 1.713895 -0.697937
v 0.565996 1.708088 -0.786002
v 0.564904 1.425911 -0.725449
v 0.565016 1.420542 -0.725449
v 0.364042 1.714007 -0.698272
v 0.565726 1.350968 -0.724596
v 0.560630 1.165887 -0.902252
v 0.288859 1.713912 -0.697482
v 0.564511 1.199236 -0.721557
v 0.565697 0.506455 -0.720680
v 0.564171 0.823971 -0.887344
v 0.563766 1.335674 -0.892284
v 0.559976 1.608903 -0.903052
v 0.476501 1.706288 -0.806264
v 0.564617 0.860826 -0.715529
v 0.565545 0.804296 -0.711508
v 0.565845 0.601643 -0.762480
v 0.554350 1.012682 -0.910011
v 0.563489 1.392325 -0.893548
v 0.534655 1.675155 -0.915486
v 0.496396 1.702221 -0.864663
v 0.554013 1.070914 -0.910142
v 0.560929 1.269112 -0.901665
v 0.560442 1.433017 -0.902923
v 0.551270 1.574501 -0.911445
v 0.506281 1.691916 -0.907451
v 0.394240 1.698372 -0.897521
v 0.269185 1.711145 -0.747650
v 0.563501 0.588946 -0.605527
v 0.563120 0.624606 -0.605551
v 0.564186 0.717140 -0.888886
v 0.560280 0.848960 -0.903121
v 0.560867 0.893458 -0.901842
v 0.486862 1.707777 -0.799436
v 0.565839 1.231586 -0.731600
v 0.565905 0.821637 -0.719485
v 0.551463 1.165671 -0.911277
v 0.559041 1.515059 -0.904723
v 0.416046 1.702130 -0.869523
v 0.565527 0.501942 -0.805182
v 0.463357 1.693770 -0.905896
v 0.380366 1.689336 -0.909994
v 0.564180 0.500790 -0.605666
v 0.536540 0.938443 -0.915262
v 0.565799 0.910671 -0.721758
v 0.565799 0.909888 -0.722653
v 0.565799 0.910671 -0.723436
v 0.565870 0.887972 -0.730034
v 0.564400 0.590608 -0.620979
v 0.554649 1.364668 -0.909792
v 0.346285 1.702261 -0.870488
v 0.272599 1.710083 -0.749521
v 0.198254 1.709948 -0.746302
v 0.211286 1.714035 -0.696505
v 0.369356 1.707258 -0.808503
v 0.565901 0.995035 -0.749656
v 0.550961 0.917482 -0.911436
v 0.550166 1.274928 -0.912078
v 0.330573 1.696441 -0.903437
v -0.045396 1.722307 -0.718535
v 0.042107 1.712856 -0.718743
v 0.119360 1.732830 -0.722427
v 0.031539 1.728029 -0.719385
v 0.115474 1.712942 -0.719485
v 0.141675 1.732775 -0.739729
v 0.138128 1.712039 -0.732822
v 0.108303 1.725561 -0.718888
v 0.132058 1.743363 -0.745277
v 0.131516 1.713644 -0.696047
v 0.057127 1.713603 -0.695125
v -0.004522 1.714137 -0.694721
v 0.066198 1.735403 -0.722984
v 0.148231 1.730450 -0.764979
v -0.045818 1.739043 -0.724871
v 0.111441 1.745260 -0.733288
v 0.565847 1.455668 -0.774003
v 0.559191 0.487114 -0.727334
v 0.564766 0.554838 -0.606443
v 0.560594 0.781086 -0.902277
v 0.539210 1.152702 -0.915053
v 0.495901 1.638521 -0.914956
v 0.378446 1.706321 -0.805735
v -0.103291 1.727670 -0.719434
v 0.532914 1.063056 -0.915274
v 0.473146 1.679039 -0.914627
v 0.565799 0.573771 -0.792072
v 0.549483 1.439836 -0.912168
v 0.548987 1.490131 -0.912235
v 0.539350 1.581362 -0.915211
v 0.416920 1.679625 -0.914342
v 0.323764 1.706363 -0.805422
v 0.078737 1.709760 -0.739900
v 0.035835 1.742923 -0.729437
v 0.109519 1.751804 -0.767138
v 0.130704 1.741303 -0.778534
v 0.148719 1.710396 -0.749707
v 0.565891 1.642688 -0.841503
v 0.556059 0.481269 -0.815533
v 0.563964 0.641903 -0.896838
v -0.101350 1.750271 -0.741278
v 0.557654 0.485702 -0.608530
v 0.541287 0.861906 -0.914731
v 0.533689 1.249932 -0.915139
v 0.320515 1.677461 -0.915092
v 0.124422 1.697609 -0.745434
v 0.034298 1.709748 -0.739748
v -0.116093 1.712817 -0.718902
v -0.120693 1.737566 -0.725948
v 0.089417 1.751507 -0.746187
v 0.327334 1.707216 -0.808785
v 0.144237 1.708838 -0.749712
v 0.081500 1.699316 -0.744411
v 0.565799 1.660548 -0.846905
v 0.565799 1.659877 -0.847688
v 0.565799 1.659094 -0.846905
v 0.565799 0.598082 -0.784388
v 0.565799 0.597299 -0.785059
v 0.565799 0.597299 -0.785171
v 0.406487 1.631808 -0.915000
v 0.243222 1.706023 -0.808607
v 0.139134 1.696564 -0.762473
v 0.121653 1.689224 -0.755879
v 0.261722 1.707619 -0.801845
v 0.565760 1.701197 -0.878393
v 0.565799 1.660660 -0.848471
v 0.565799 0.598082 -0.785953
v 0.550718 0.770098 -0.911436
v 0.535584 1.324046 -0.915150
v 0.519921 1.574500 -0.915157
v 0.364817 1.674504 -0.915520
v -0.013762 1.751549 -0.745790
v 0.136669 1.726785 -0.786408
v 0.565884 0.588649 -0.873830
v 0.474108 1.197402 -0.907314
v 0.532929 1.428360 -0.915324
v 0.276098 1.702475 -0.868568
v -0.126595 1.747133 -0.747570
v 0.107122 1.745674 -0.784797
v 0.189799 1.707482 -0.786263
v 0.490166 1.703055 -0.869088
v 0.564101 0.511197 -0.620241
v 0.533424 1.481226 -0.915462
v 0.022723 1.751986 -0.773289
v 0.565799 0.553123 -0.821406
v 0.565799 0.552452 -0.822301
v 0.565799 0.551557 -0.822972
v 0.560996 0.496016 -0.606302
v 0.564274 0.503806 -0.735986
v 0.469309 0.839170 -0.906650
v 0.261370 1.698274 -0.899324
v -0.028651 1.709665 -0.739735
v -0.102049 1.713822 -0.695720
v -0.136926 1.712853 -0.729698
v -0.144350 1.725929 -0.738178
v -0.142087 1.738494 -0.747597
v 0.565799 0.553235 -0.823084
v 0.558176 0.484041 -0.880293
v 0.535938 0.801147 -0.915154
v 0.146125 1.706007 -0.776066
v 0.121821 1.686599 -0.769927
v -0.059260 1.699110 -0.744401
v 0.546934 1.698598 -0.894439
v 0.565376 0.505460 -0.887809
v 0.553561 0.699048 -0.909948
v 0.410972 0.980816 -0.906143
v 0.308837 1.616353 -0.915158
v -0.009958 1.696520 -0.746457
v 0.145439 1.708127 -0.777812
v 0.362041 0.406846 -0.627876
v 0.370860 0.406107 -0.626196
v 0.362203 0.406105 -0.625759
v 0.111987 0.412218 -0.674493
v 0.564298 0.598599 -0.827810
v 0.406325 0.829759 -0.906010
v 0.219426 1.702224 -0.871662
v 0.525295 0.443331 -0.876070
v 0.286478 0.418860 -0.769727
v 0.554242 0.612108 -0.909535
v 0.404044 0.747632 -0.906010
v 0.032554 1.696523 -0.746537
v 0.054186 1.688642 -0.757768
v -0.131160 1.710065 -0.738376
v -0.120730 1.714091 -0.696039
v -0.129948 1.713895 -0.696035
v -0.135764 1.713895 -0.696035
v -0.141286 1.713537 -0.696285
v 0.557498 1.696599 -0.899961
v 0.565667 1.585913 -0.883461
v 0.494038 0.418605 -0.774264
v 0.542717 0.466221 -0.614002
v 0.410320 0.950740 -0.906118
v -0.131182 1.690489 -0.755873
v -0.124370 1.713545 -0.696683
v -0.127935 1.713671 -0.696371
v -0.129837 1.713783 -0.696035
v -0.137665 1.713895 -0.696035
v -0.137777 1.713895 -0.696035
v -0.139567 1.713895 -0.696035
v -0.141244 1.713895 -0.696035
v -0.139678 1.713895 -0.696035
v -0.073838 1.750820 -0.777485
v 0.114801 1.733387 -0.792331
v 0.121610 1.705061 -0.794554
v 0.376588 0.417048 -0.769327
v 0.108596 0.418705 -0.768316
v 0.191052 0.419662 -0.781003
v 0.564324 0.508460 -0.852263
v 0.563868 0.553446 -0.895015
v 0.561690 0.587927 -0.899984
v 0.410353 0.969352 -0.906099
v 0.407428 1.056504 -0.906069
v 0.259581 1.618926 -0.915443
v 0.285968 1.677264 -0.915319
v 0.186572 1.704471 -0.806295
v -0.136897 1.739299 -0.775562
v 0.039046 1.746287 -0.784874
v 0.229834 0.407694 -0.607021
v 0.530021 0.450259 -0.722464
v 0.230789 1.675486 -0.915818
v 0.127811 1.702389 -0.793791
v 0.078326 1.686903 -0.770606
v -0.567086 1.541087 -0.859261
v -0.568166 1.394708 -0.725389
v -0.107209 1.749442 -0.781153
v 0.561359 1.695380 -0.903032
v 0.509845 0.432159 -0.888225
v 0.445162 0.416623 -0.763830
v 0.178434 0.408024 -0.606889
v 0.534564 0.740959 -0.915181
v 0.467216 1.457639 -0.907743
v -0.441810 1.713845 -0.698522
v -0.150079 1.710736 -0.750132
v -0.149619 1.726454 -0.767497
v 0.210221 1.702778 -0.873455
v 0.469178 0.420203 -0.816215
v 0.261682 0.406665 -0.627220
v 0.534757 0.457925 -0.647335
v 0.536859 0.654491 -0.915239
v 0.159477 0.455798 -0.915465
v -0.068326 0.478907 -0.915994
v 0.407444 1.130475 -0.906199
v 0.197281 1.697363 -0.897644
v -0.006876 1.687132 -0.763532
v -0.082882 1.688911 -0.757230
v -0.223095 1.707379 -0.797801
v 0.059507 1.704443 -0.794420
v 0.332602 1.695493 -0.905388
v 0.554793 1.692199 -0.908446
v 0.494554 0.427139 -0.891014
v 0.235935 0.412846 -0.707394
v 0.019950 0.415067 -0.715352
v 0.373517 0.418827 -0.767861
v 0.427016 0.418453 -0.763881
v 0.309468 0.442992 -0.911258
v -0.070117 0.792572 -0.898187
v -0.149408 1.707562 -0.755483
v -0.181905 1.710249 -0.741506
v -0.237560 1.706606 -0.802010
v -0.436683 1.709765 -0.751059
v -0.500360 1.713709 -0.699301
v -0.532155 1.712993 -0.713429
v -0.556591 1.476463 -0.909903
v -0.555759 1.375419 -0.910237
v -0.543248 1.306075 -0.915340
v -0.568528 1.446890 -0.756205
v -0.567232 1.512989 -0.727374
v -0.568521 1.628220 -0.775149
v 0.285204 1.701481 -0.891013
v 0.089817 0.407920 -0.606833
v 0.162158 0.406551 -0.626006
v 0.029321 0.417858 -0.757756
v 0.558673 0.489066 -0.671250
v 0.552960 0.523024 -0.910756
v 0.534002 0.572677 -0.915328
v -0.048890 1.686602 -0.766058
v -0.116318 1.686727 -0.772109
v -0.382707 1.709783 -0.747798
v -0.567017 1.586046 -0.791391
v -0.444223 1.708081 -0.793705
v -0.291832 1.707435 -0.802779
v 0.554435 1.689935 -0.910426
v 0.565741 1.205293 -0.883100
v 0.307987 0.416345 -0.758851
v 0.192396 0.406372 -0.626887
v 0.387424 0.474576 -0.916049
v 0.044558 0.449377 -0.914468
v -0.134631 0.483199 -0.915811
v -0.169705 0.610919 -0.906010
v 0.077347 1.692080 -0.787715
v 0.024593 1.687793 -0.777714
v -0.567585 1.711660 -0.732645
v -0.567265 1.504553 -0.881246
v -0.121707 1.732184 -0.792483
v -0.058371 1.739484 -0.790342
v 0.027302 1.704537 -0.794106
v 0.536325 1.692482 -0.907203
v 0.537582 1.687655 -0.911264
v 0.545462 1.688289 -0.910959
v 0.561624 1.599719 -0.903296
v 0.499471 0.419811 -0.763378
v 0.326920 0.432440 -0.901048
v 0.176805 0.434489 -0.901835
v 0.260436 0.952645 -0.902778
v 0.402609 1.274343 -0.906007
v 0.274860 1.695284 -0.905843
v 0.415442 1.692095 -0.909154
v 0.521416 0.446960 -0.901523
v 0.173806 0.409286 -0.628086
v 0.470927 0.670299 -0.906777
v 0.166836 0.440917 -0.909271
v 0.110436 0.437121 -0.906519
v -0.196741 0.487579 -0.915494
v 0.003329 1.115274 -0.894461
v 0.233573 1.692022 -0.908071
v -0.541251 1.229079 -0.915246
v -0.567037 1.293087 -0.766928
v -0.376732 1.707121 -0.808808
v 0.020930 1.731168 -0.792884
v 0.183181 1.702399 -0.834100
v 0.565173 1.526605 -0.888529
v 0.253572 0.418155 -0.785382
v 0.553838 0.481922 -0.703328
v 0.073721 0.438324 -0.907601
v -0.251641 0.887897 -0.901996
v 0.348252 1.605903 -0.914542
v 0.201850 1.691570 -0.909019
v 0.136566 1.699315 -0.827623
v -0.138502 1.694262 -0.779182
v -0.182069 1.702179 -0.826855
v -0.564218 1.192219 -0.898825
v -0.567214 1.135645 -0.869976
v 0.490186 1.693440 -0.908011
v 0.565824 1.443144 -0.878877
v 0.295925 0.422545 -0.819395
v 0.210398 1.621072 -0.915377
v 0.200887 1.676502 -0.915013
v -0.556123 1.573036 -0.910479
v -0.568535 1.538258 -0.780839
v 0.550312 1.623287 -0.913471
v 0.558209 0.495620 -0.905320
v 0.540824 0.465081 -0.893615
v 0.321629 0.420222 -0.815918
v 0.019879 0.410982 -0.655307
v 0.429647 0.422747 -0.823102
v 0.518234 0.429746 -0.729537
v 0.296938 0.426192 -0.870498
v 0.222040 0.429183 -0.891923
v 0.005019 0.452820 -0.915122
v -0.050014 0.457941 -0.915754
v -0.252331 0.476833 -0.915982
v 0.009380 1.692771 -0.787905
v -0.386286 1.706227 -0.805671
v -0.504799 1.710173 -0.748526
v -0.567035 1.086046 -0.751272
v -0.145634 1.707041 -0.780640
v 0.252733 1.688873 -0.911423
v 0.565690 1.318907 -0.883067
v -0.045604 0.414742 -0.711666
v 0.560668 0.491036 -0.819668
v 0.506165 0.524322 -0.915188
v -0.025917 0.444221 -0.911296
v 0.081404 1.701991 -0.795591
v -0.117176 1.692808 -0.788027
v -0.326770 1.705684 -0.815611
v -0.567207 1.257549 -0.722912
v 0.081755 1.698626 -0.831686
v 0.050186 0.406606 -0.626194
v -0.119732 0.414593 -0.707711
v -0.054278 0.418199 -0.762834
v 0.140815 0.422750 -0.831508
v 0.453120 0.454898 -0.915482
v 0.392889 0.448540 -0.913820
v 0.386176 0.427874 -0.884871
v 0.259029 1.227014 -0.902254
v 0.248216 1.687616 -0.911159
v -0.563705 1.559681 -0.900307
v -0.567719 1.332342 -0.724198
v -0.265035 1.703228 -0.872512
v 0.057915 1.692401 -0.861666
v -0.567219 1.189886 -0.721553
v -0.567268 1.600856 -0.878969
v -0.535508 1.595465 -0.914865
v -0.538191 1.511520 -0.915310
v -0.555133 1.086602 -0.910807
v -0.568309 1.699783 -0.885240
v -0.356661 1.703838 -0.865888
v 0.014791 1.701334 -0.793917
v -0.038861 1.692998 -0.788122
v -0.209382 1.699110 -0.895781
v -0.360748 1.677179 -0.915058
v -0.460825 1.706387 -0.803442
v -0.416299 1.702155 -0.868766
v -0.567063 1.634352 -0.838521
v -0.545224 1.675152 -0.915272
v -0.497632 1.701955 -0.868276
v -0.527619 1.705556 -0.812256
v -0.559137 1.619618 -0.907846
v -0.567428 1.705506 -0.810384
v -0.546261 1.699469 -0.887994
v -0.567208 1.700579 -0.879945
v -0.567191 1.698863 -0.886379
v -0.558539 1.689985 -0.908092
v -0.565211 1.696581 -0.896247
v -0.553273 1.696208 -0.899471
v -0.429038 1.703246 -0.869190
v -0.233803 1.702245 -0.872238
v -0.298122 1.677558 -0.915219
v -0.496488 1.671758 -0.915207
v -0.539338 1.068224 -0.914912
v -0.568408 1.284018 -0.723531
v -0.565862 1.697422 -0.896341
v 0.007790 1.696756 -0.833879
v -0.139109 1.703448 -0.791445
v -0.472104 1.408797 -0.906967
v -0.564131 1.096703 -0.899590
v -0.038839 1.704576 -0.794103
v -0.420800 1.635916 -0.915040
v -0.056746 1.701321 -0.794326
v -0.338340 1.636388 -0.915495
v -0.567188 1.060125 -0.871277
v -0.568463 1.380411 -0.772582
v -0.292203 1.698061 -0.901172
v -0.205664 1.699313 -0.898135
v -0.168622 1.693673 -0.882277
v -0.172461 1.696463 -0.864035
v -0.560354 1.691246 -0.908224
v -0.543998 1.695905 -0.899833
v -0.401946 1.029621 -0.906090
v -0.568451 1.225539 -0.722773
v -0.402504 1.697612 -0.901956
v -0.202383 1.692636 -0.907081
v 0.371036 1.425800 -0.906044
v 0.159609 1.683929 -0.895584
v 0.092588 1.690243 -0.870115
v 0.163990 1.695697 -0.864736
v 0.200345 1.699331 -0.897174
v 0.421849 1.677552 -0.916255
v 0.565681 0.979723 -0.883863
v 0.524285 0.456704 -0.907220
v 0.395781 0.420207 -0.815193
v 0.076825 0.409089 -0.627859
v -0.144844 0.411171 -0.656272
v 0.080676 0.423792 -0.846603
v 0.556665 0.485242 -0.775401
v 0.563559 0.504744 -0.894219
v 0.472366 0.493096 -0.914902
v 0.470400 0.564291 -0.910652
v 0.384461 0.434770 -0.904545
v 0.554085 0.491482 -0.905534
v 0.444163 0.437162 -0.907881
v 0.515650 0.432871 -0.815074
v 0.497050 0.422617 -0.806578
v 0.424852 0.433984 -0.903847
v 0.526822 0.446417 -0.817344
v 0.500032 0.431660 -0.898540
v 0.506269 0.429591 -0.863480
v 0.556192 0.483373 -0.880405
v 0.517449 0.437779 -0.884396
v 0.528605 0.486028 -0.915405
v 0.536963 0.466352 -0.903614
v 0.505364 0.446496 -0.912210
v 0.525968 0.458738 -0.907511
v 0.506588 0.437117 -0.905352
v 0.517979 0.450028 -0.907013
v 0.378617 0.426991 -0.894473
v -0.013704 0.409428 -0.627796
v -0.084915 0.409324 -0.628349
v -0.090091 0.454698 -0.915278
v -0.568487 1.456295 -0.884466
v -0.494568 1.700171 -0.894788
v -0.080166 1.695018 -0.851101
v -0.392368 1.347925 -0.906074
v 0.298534 1.678114 -0.915926
v 0.119267 0.406772 -0.628551
v -0.162654 1.695487 -0.868821
v -0.032688 1.692399 -0.861682
v -0.165791 1.692251 -0.879842
v 0.164318 1.692127 -0.879678
v 0.136434 1.692852 -0.866623
v 0.102056 1.692108 -0.864521
v 0.105034 1.690024 -0.871053
v 0.104339 1.690245 -0.871312
v 0.167137 1.691097 -0.888715
v 0.564712 1.437389 -0.892010
v 0.468120 0.435256 -0.908769
v -0.413184 0.955208 -0.906089
v -0.485483 1.691801 -0.909151
v -0.257558 1.693884 -0.908143
v -0.124690 1.697809 -0.840076
v 0.164528 1.670225 -0.910600
v 0.337033 1.671035 -0.916766
v 0.561085 1.492216 -0.904157
v 0.565811 1.073988 -0.879522
v 0.426691 0.429441 -0.899825
v 0.018520 0.437225 -0.906303
v -0.294730 0.467875 -0.916125
v -0.567728 1.143221 -0.721132
v -0.139487 1.692920 -0.868960
v -0.115901 1.699070 -0.832873
v 0.137321 1.680371 -0.895421
v 0.146897 1.688653 -0.883497
v 0.124191 1.690250 -0.873340
v 0.114165 1.691727 -0.866290
v 0.116767 1.692893 -0.864663
v 0.137115 1.690849 -0.875462
v 0.555037 1.531341 -0.910275
v 0.550946 0.512177 -0.913056
v 0.322039 0.426283 -0.890524
v 0.001906 0.423816 -0.845979
v -0.225795 0.454444 -0.915622
v -0.069943 1.695956 -0.841931
v -0.084921 1.690088 -0.871402
v -0.082501 1.688419 -0.875710
v -0.053903 1.689642 -0.872116
v -0.051713 1.689881 -0.870537
v -0.080655 1.690139 -0.870037
v -0.111590 1.690560 -0.871318
v -0.095987 1.691779 -0.864670
v -0.102186 1.692225 -0.864283
v -0.088781 1.690543 -0.869682
v -0.092156 1.691963 -0.863985
v -0.215579 1.640481 -0.915858
v 0.138743 1.684549 -0.889256
v 0.144033 1.687406 -0.885517
v 0.143818 1.688013 -0.883646
v 0.145732 1.690604 -0.878112
v 0.139775 1.690032 -0.877650
v 0.139102 1.688267 -0.881973
v 0.121721 1.689960 -0.873793
v 0.115667 1.690098 -0.872425
v 0.111019 1.691737 -0.867505
v 0.116701 1.690258 -0.872920
v 0.133059 1.690331 -0.875384
v 0.136891 1.689715 -0.878444
v 0.563052 0.560673 -0.901325
v 0.525904 0.461419 -0.910253
v 0.479938 0.447317 -0.915319
v 0.045994 0.406523 -0.626502
v 0.032945 0.430553 -0.892426
v -0.007796 0.432673 -0.899484
v -0.414917 0.766951 -0.906052
v -0.469511 0.852004 -0.906342
v -0.323226 1.690093 -0.910440
v -0.203375 1.689808 -0.910285
v -0.184796 1.692193 -0.901920
v -0.032912 1.690081 -0.869841
v -0.062637 1.691728 -0.863209
v -0.000248 1.690942 -0.867259
v 0.013457 1.688317 -0.875097
v 0.058201 1.689810 -0.870523
v 0.092375 1.688482 -0.875772
v 0.108855 1.689874 -0.872433
v 0.125658 1.690075 -0.874174
v 0.127264 1.690204 -0.875041
v 0.131972 1.689810 -0.876140
v 0.125343 1.688297 -0.879395
v 0.134981 1.688136 -0.881741
v 0.539742 1.675041 -0.916661
v 0.565851 0.719009 -0.877134
v 0.259693 0.426096 -0.889235
v 0.145959 0.417206 -0.770430
v 0.003306 0.407875 -0.606678
v -0.078712 0.434382 -0.902492
v -0.122590 0.443529 -0.910804
v -0.567297 1.131486 -0.720641
v -0.112348 1.692008 -0.865377
v 0.292091 1.481828 -0.907423
v 0.163579 1.637786 -0.914859
v 0.118291 1.670575 -0.904579
v 0.139085 1.683164 -0.891628
v 0.152867 1.674698 -0.906573
v 0.141333 1.682550 -0.893206
v 0.140451 1.687931 -0.883822
v 0.137685 1.687919 -0.882424
v 0.230361 1.683785 -0.913753
v 0.565296 0.820998 -0.888333
v 0.513338 0.465315 -0.916503
v 0.103130 0.412994 -0.710481
v 0.049909 0.410931 -0.681686
v -0.409321 0.723453 -0.906180
v -0.410104 0.724236 -0.906180
v 0.123702 1.680393 -0.893504
v 0.126878 1.682114 -0.891256
v 0.127912 1.682420 -0.891420
v 0.131116 1.682283 -0.891736
v 0.132226 1.686731 -0.883638
v 0.228942 1.684243 -0.913120
v -0.412005 0.726137 -0.906180
v -0.563656 0.980470 -0.901088
v -0.568329 1.523506 -0.887369
v -0.101305 1.690050 -0.871965
v -0.131489 1.689994 -0.876059
v -0.134612 1.689932 -0.876791
v -0.124277 1.687042 -0.881814
v -0.134963 1.688074 -0.881588
v -0.137268 1.688766 -0.879944
v -0.130117 1.687779 -0.881511
v -0.123170 1.688018 -0.879961
v -0.133020 1.686302 -0.885373
v -0.288336 1.612616 -0.915091
v -0.366021 1.613608 -0.914798
v 0.138036 1.378637 -0.898094
v 0.125328 1.683982 -0.888262
v 0.128794 1.685083 -0.886986
v 0.127805 1.686496 -0.883858
v 0.120986 1.684221 -0.887293
v 0.131622 1.685377 -0.886235
v 0.135037 1.688021 -0.881402
v 0.129699 1.688295 -0.879935
v 0.225810 1.684370 -0.913114
v 0.223400 1.684500 -0.912894
v -0.043059 0.406663 -0.626027
v -0.274033 0.446701 -0.913665
v -0.372265 0.487790 -0.915578
v -0.139050 1.688082 -0.882463
v -0.139311 1.690010 -0.877207
v -0.147363 1.267987 -0.897879
v 0.123416 1.679519 -0.894843
v 0.118058 1.680209 -0.893346
v 0.113999 1.682371 -0.889857
v 0.119544 1.681043 -0.892717
v 0.135858 1.684274 -0.889751
v 0.139653 1.684596 -0.890058
v 0.560473 1.376361 -0.905360
v 0.351178 0.435437 -0.908461
v 0.094578 0.419050 -0.798269
v -0.019452 0.406845 -0.626410
v -0.017713 0.408493 -0.606492
v -0.409471 1.689601 -0.910651
v -0.297452 1.676185 -0.916148
v -0.140525 1.689966 -0.878317
v -0.158928 1.682084 -0.898752
v 0.128080 1.680391 -0.894794
v 0.131375 1.682449 -0.891499
v 0.460742 1.675295 -0.916573
v 0.563500 0.640772 -0.899863
v -0.019331 0.407080 -0.621873
v -0.133195 0.407918 -0.606857
v -0.177508 0.450950 -0.915081
v -0.567682 1.073082 -0.719371
v -0.566485 1.620552 -0.897078
v -0.368426 1.675082 -0.916538
v -0.137553 1.688060 -0.882470
v -0.133674 1.684008 -0.889525
v -0.137007 1.687468 -0.883085
v -0.374471 1.506020 -0.910502
v -0.152615 1.353569 -0.898385
v 0.114482 1.684630 -0.885508
v 0.120174 1.686018 -0.883773
v 0.127893 1.687983 -0.880389
v 0.122050 1.687234 -0.880859
v 0.117037 1.688204 -0.878130
v 0.123572 1.686480 -0.883056
v 0.111280 1.687595 -0.878819
v 0.046586 1.685687 -0.882426
v 0.060411 1.685885 -0.882213
v 0.051752 1.685903 -0.882089
v 0.064493 1.687659 -0.877090
v 0.030332 1.685607 -0.882564
v 0.036915 1.685947 -0.881391
v -0.005063 1.687636 -0.876859
v 0.017356 1.685057 -0.883392
v -0.002113 1.685643 -0.882466
v -0.022470 1.685138 -0.883332
v -0.008369 1.686416 -0.880265
v -0.040978 1.686123 -0.881384
v -0.034339 1.686467 -0.880694
v -0.042311 1.684353 -0.884986
v -0.043920 1.685839 -0.882176
v -0.045804 1.686141 -0.881524
v -0.054261 1.688097 -0.876627
v -0.067425 1.687989 -0.876751
v -0.080015 1.687795 -0.877807
v -0.086143 1.686663 -0.880202
v -0.088365 1.686579 -0.880852
v -0.112474 1.691924 -0.866037
v -0.124669 1.691719 -0.868709
v -0.121763 1.691773 -0.867764
v -0.117786 1.692008 -0.866473
v -0.122208 1.692080 -0.867803
v -0.121917 1.691477 -0.870236
v -0.116379 1.688145 -0.878555
v -0.107288 1.687436 -0.879902
v -0.119440 1.689932 -0.874561
v -0.107481 1.688271 -0.877275
v -0.099662 1.689662 -0.872375
v -0.103087 1.687866 -0.878255
v -0.114401 1.685107 -0.885601
v -0.117303 1.683903 -0.887839
v -0.113805 1.680914 -0.892699
v -0.125995 1.682559 -0.891089
v -0.124323 1.681043 -0.892697
v -0.130931 1.682505 -0.891289
v -0.136425 1.685586 -0.886959
v -0.141781 1.685911 -0.887645
v 0.114289 1.679089 -0.895003
v 0.137566 1.681423 -0.894822
v 0.197484 1.690777 -0.910286
v 0.541127 1.510067 -0.916657
v 0.561146 1.286917 -0.904278
v -0.215496 0.418593 -0.766955
v -0.139632 0.420041 -0.786535
v -0.060830 0.422219 -0.820164
v -0.357739 0.449776 -0.914943
v -0.137439 1.684184 -0.889910
v -0.143112 1.686437 -0.886898
v 0.006224 1.447275 -0.895455
v 0.108596 1.678101 -0.895928
v 0.196558 1.611208 -0.916722
v 0.537747 0.513960 -0.916853
v -0.068091 0.406621 -0.626763
v -0.083131 0.424619 -0.851200
v -0.477098 0.608553 -0.908170
v -0.567085 0.943160 -0.885719
v -0.453410 1.675730 -0.916504
v -0.145623 1.686570 -0.887589
v -0.155509 1.686812 -0.889249
v 0.093255 1.676351 -0.897678
v 0.321944 0.449284 -0.916242
v 0.148368 0.419193 -0.878578
v -0.177396 0.436406 -0.904393
v -0.271346 0.433740 -0.903117
v -0.568478 1.129323 -0.775954
v -0.555045 1.629678 -0.912852
v -0.541392 1.679252 -0.916445
v -0.211876 1.678959 -0.914525
v -0.241219 1.612149 -0.914988
v -0.132800 1.471056 -0.900441
v 0.113623 1.655730 -0.911945
v 0.086849 1.668896 -0.905437
v 0.550880 1.413692 -0.913245
v 0.561092 1.165278 -0.904175
v 0.562162 0.809961 -0.902463
v 0.562453 0.733421 -0.902276
v 0.135530 0.422311 -0.848272
v -0.242909 0.417464 -0.752751
v -0.568521 1.370620 -0.874463
v -0.245509 1.650805 -0.916675
v -0.167382 1.674532 -0.910661
v -0.134002 1.682369 -0.892552
v 0.097205 1.459058 -0.898317
v 0.098824 1.668599 -0.906990
v 0.411793 0.452035 -0.916549
v 0.201025 0.430837 -0.906345
v -0.567060 0.970688 -0.757743
v -0.568625 1.220336 -0.869003
v -0.561781 1.548485 -0.906406
v -0.153214 1.683706 -0.895167
v -0.139555 1.682103 -0.893358
v -0.153114 1.672780 -0.906412
v 0.560332 1.064685 -0.906001
v -0.543603 0.842394 -0.914810
v 0.261248 0.432547 -0.905249
v 0.152907 0.421965 -0.898101
v -0.042241 0.412495 -0.702176
v 0.561441 0.917821 -0.903739
v -0.256258 0.409393 -0.628426
v -0.416731 0.451310 -0.915046
v -0.561991 1.461658 -0.906424
v -0.561183 1.502522 -0.907266
v -0.135518 1.680290 -0.894988
v -0.135870 1.680414 -0.895597
v -0.108209 1.565448 -0.910724
v -0.227925 0.427373 -0.883418
v -0.400749 0.435267 -0.905379
v -0.557461 0.672487 -0.909428
v -0.565676 1.401082 -0.899231
v -0.139231 1.680455 -0.895667
v 0.040386 1.671457 -0.903979
v -0.038196 1.670917 -0.904456
v 0.027399 1.676814 -0.896434
v 0.172513 1.658114 -0.915841
v 0.156521 0.429303 -0.908967
v 0.098845 0.418271 -0.897005
v 0.043936 0.416210 -0.887042
v -0.251425 0.408080 -0.606765
v -0.521707 0.561182 -0.914958
v -0.124888 1.681046 -0.893398
v -0.127608 1.682001 -0.891841
v -0.003719 1.643374 -0.914497
v 0.051019 1.645108 -0.913933
v 0.064798 1.674806 -0.899313
v 0.101984 1.677086 -0.896438
v 0.064555 1.680065 -0.892301
v 0.092454 1.680053 -0.892465
v 0.101693 1.676916 -0.897214
v 0.100459 1.681361 -0.890541
v 0.081582 1.681117 -0.891039
v 0.070421 1.681950 -0.889635
v 0.067419 1.680636 -0.891340
v 0.001559 1.681661 -0.889781
v -0.028899 1.683795 -0.886031
v 0.043768 1.683219 -0.886914
v -0.057354 1.680847 -0.891168
v -0.073597 1.681181 -0.891145
v -0.076743 1.680587 -0.891810
v -0.058133 1.676661 -0.897176
v -0.047157 1.679600 -0.892692
v -0.089847 1.677805 -0.895676
v -0.087385 1.677222 -0.897039
v -0.083675 1.681617 -0.890423
v -0.074141 1.681574 -0.890299
v -0.101908 1.682204 -0.889876
v -0.097524 1.678877 -0.894895
v -0.101230 1.680206 -0.892659
v -0.123699 1.679847 -0.894144
v 0.117198 1.656206 -0.912892
v 0.549497 1.323097 -0.913736
v 0.011579 0.417110 -0.768645
v -0.283877 0.414642 -0.706187
v -0.156592 0.427630 -0.879981
v -0.302875 0.428103 -0.887084
v -0.182068 1.627700 -0.916649
v -0.110739 1.672902 -0.902423
v -0.154487 1.655462 -0.913468
v -0.167431 1.632654 -0.915258
v 0.013702 1.649750 -0.914090
v 0.551574 1.228671 -0.912933
v 0.551651 0.993728 -0.912880
v 0.553031 0.847909 -0.911768
v 0.539968 0.613646 -0.916738
v -0.495092 0.451230 -0.914961
v -0.497656 0.497080 -0.915486
v -0.564412 0.910971 -0.898899
v -0.568354 1.006588 -0.719134
v -0.568644 1.128663 -0.873855
v -0.562295 1.299553 -0.906187
v -0.144265 1.668108 -0.909337
v 0.548999 1.142870 -0.914061
v 0.553625 0.637074 -0.911245
v 0.197037 0.448622 -0.916070
v -0.201394 0.406715 -0.627112
v -0.554641 1.417122 -0.912830
v -0.027106 1.667171 -0.906622
v 0.550877 0.737896 -0.913273
v 0.380807 0.498316 -0.916874
v 0.041651 0.422090 -0.844826
v -0.448024 0.434235 -0.904450
v -0.546481 0.581459 -0.914175
v -0.551240 1.536280 -0.914113
v -0.110754 1.671705 -0.904675
v 0.112884 0.430284 -0.911150
v -0.136293 0.412684 -0.704025
v -0.366165 0.427963 -0.884922
v -0.509305 0.439209 -0.907398
v -0.567212 0.971461 -0.718124
v -0.565526 1.227635 -0.899008
v -0.086005 1.676011 -0.898138
v -0.061773 1.674442 -0.899747
v -0.077751 1.655543 -0.912269
v -0.068071 1.659532 -0.911142
v 0.538766 1.384526 -0.916797
v 0.539453 1.277143 -0.916698
v -0.072269 0.415966 -0.883013
v -0.023799 0.422155 -0.844500
v -0.286555 0.406251 -0.626582
v -0.314759 0.409403 -0.628334
v -0.556998 1.373908 -0.911316
v -0.343008 1.610565 -0.916777
v 0.253419 0.449917 -0.916479
v 0.003087 0.418767 -0.899890
v -0.559211 0.615239 -0.907494
v -0.558580 0.849815 -0.908458
v -0.567121 0.894298 -0.863670
v -0.342445 0.408081 -0.606719
v -0.356832 0.419969 -0.784010
v -0.568561 0.961388 -0.723301
v -0.538150 1.572260 -0.916637
v 0.538323 1.014961 -0.916717
v 0.134153 0.455575 -0.916714
v -0.566801 0.634939 -0.892175
v -0.556530 0.806581 -0.910168
v -0.564131 0.809074 -0.899746
v -0.141945 1.650630 -0.915200
v 0.539456 0.831024 -0.916773
v -0.481327 0.428390 -0.892510
v -0.545370 1.462473 -0.916396
v 0.133672 1.536819 -0.913770
v 0.541446 1.085102 -0.916549
v 0.541935 0.927867 -0.916533
v 0.540283 0.723324 -0.916695
v 0.071441 0.448613 -0.916480
v -0.224180 0.412840 -0.706213
v -0.564032 0.576727 -0.899913
v -0.560629 0.754197 -0.906207
v -0.546022 1.305071 -0.916306
v -0.538635 1.356668 -0.916883
v -0.008049 1.570091 -0.913734
v -0.564795 0.782348 -0.897624
v -0.567020 0.866440 -0.781922
v -0.460356 0.419245 -0.771548
v -0.460258 0.422917 -0.828282
v -0.505720 0.429320 -0.882291
v -0.556247 1.256741 -0.911961
v -0.070459 0.424933 -0.908400
v -0.384284 0.406217 -0.626660
v -0.414806 0.417676 -0.754907
v -0.540055 0.508541 -0.915522
v -0.567461 0.949814 -0.717732
v -0.568465 0.901400 -0.716988
v -0.556207 1.207252 -0.911924
v 0.282989 1.465296 -0.916781
v -0.218473 0.416893 -0.765889
v -0.394309 0.409466 -0.627897
v -0.420657 0.414251 -0.703181
v 0.537579 1.170448 -0.916831
v -0.567028 0.779707 -0.874056
v -0.565081 1.132129 -0.900142
v -0.147061 1.543967 -0.914056
v -0.103387 0.422354 -0.849349
v -0.318657 0.406784 -0.626472
v -0.554657 0.505767 -0.911517
v -0.542106 1.251627 -0.916801
v -0.123197 0.421035 -0.901960
v -0.529878 0.474110 -0.913473
v -0.567010 0.568572 -0.883500
v -0.022583 0.454522 -0.916758
v -0.305530 0.412738 -0.704103
v -0.504615 0.424717 -0.813406
v -0.568624 1.047477 -0.870309
v -0.565389 1.044701 -0.899592
v -0.441763 0.406769 -0.618208
v -0.561048 0.524282 -0.906098
v -0.546200 1.181167 -0.916243
v 0.175064 1.430199 -0.910408
v -0.102867 0.446763 -0.916386
v -0.444733 0.406918 -0.626616
v -0.451944 0.409079 -0.627378
v 0.081463 1.289531 -0.905967
v -0.141856 0.422332 -0.845134
v -0.501440 0.419839 -0.751306
v -0.557512 1.128354 -0.910705
v -0.296773 1.439082 -0.916682
v -0.274313 0.448659 -0.915884
v -0.545237 0.473487 -0.904332
v -0.176767 0.422932 -0.895346
v -0.209517 0.420455 -0.816836
v -0.560113 0.983269 -0.908817
v -0.259654 0.432734 -0.905565
v -0.565720 0.958853 -0.899587
v -0.276611 0.419140 -0.798926
v -0.227084 0.468017 -0.916720
v -0.501545 0.415591 -0.696374
v -0.518237 0.433136 -0.821452
v -0.555516 1.024111 -0.912425
v -0.125955 1.434005 -0.907317
v -0.027415 1.208537 -0.904309
v -0.094485 0.492731 -0.916563
v -0.332453 0.418720 -0.793934
v -0.389573 0.412737 -0.706812
v 0.201801 0.712056 -0.916706
v -0.349963 0.448240 -0.916316
v -0.335547 0.434440 -0.907407
v -0.526551 0.444624 -0.883647
v -0.559196 0.484913 -0.886253
v -0.541867 1.123365 -0.916779
v 0.083246 1.131456 -0.906256
v -0.501556 0.409783 -0.627683
v -0.566975 0.628062 -0.764059
v -0.398359 0.419104 -0.800405
v -0.568464 0.896318 -0.831990
v 0.029726 0.567273 -0.916120
v -0.238698 0.425484 -0.883285
v 0.150046 0.931283 -0.910827
v -0.447306 0.412803 -0.711519
v -0.523439 0.434572 -0.766009
v -0.566906 0.627044 -0.626188
v -0.567178 0.779339 -0.702358
v -0.565536 0.890577 -0.898837
v -0.033510 1.060494 -0.904764
v -0.385472 0.431969 -0.904973
v -0.567262 0.820333 -0.714494
v -0.567950 0.872707 -0.716409
v -0.556255 0.920610 -0.911675
v -0.174686 1.150769 -0.909943
v -0.557143 0.481777 -0.848596
v -0.541485 1.020759 -0.916749
v -0.431685 0.432395 -0.905810
v -0.366454 0.423805 -0.870847
v -0.515451 0.422168 -0.692600
v -0.566981 0.507878 -0.744846
v -0.310567 0.426468 -0.890785
v -0.461096 0.418566 -0.791955
v -0.258330 1.214236 -0.914186
v -0.543810 0.947006 -0.916383
v -0.525430 0.433995 -0.690604
v -0.568516 0.843297 -0.738252
v -0.427113 0.448774 -0.916336
v -0.504061 0.417825 -0.742716
v -0.505808 0.413942 -0.678540
v -0.446698 0.423882 -0.872457
v -0.560363 0.852578 -0.908093
v -0.566739 0.686129 -0.621887
v -0.469621 1.188815 -0.916788
v -0.519637 0.420317 -0.628077
v -0.534455 0.453777 -0.781309
v -0.546659 0.844051 -0.916122
v -0.566998 0.748800 -0.679233
v -0.295058 0.978565 -0.916675
v -0.497310 0.421194 -0.809125
v -0.563191 0.651723 -0.605557
v -0.394600 0.499802 -0.916717
v -0.533775 0.452456 -0.678646
v -0.192884 0.668670 -0.916345
v -0.496942 0.426876 -0.889381
v -0.560981 0.489083 -0.713605
v -0.566854 0.744281 -0.655938
v -0.527501 0.430989 -0.625378
v -0.500769 0.437027 -0.908816
v -0.566129 0.555689 -0.623010
v -0.567721 0.675910 -0.609428
v -0.564199 0.798669 -0.903746
v -0.514981 0.424249 -0.754088
v -0.534605 0.450429 -0.619570
v -0.502853 0.458235 -0.916535
v -0.511975 0.428531 -0.853370
v -0.566768 0.508517 -0.665914
v -0.563307 0.593372 -0.605826
v -0.563273 0.608552 -0.605522
v -0.568624 0.862528 -0.872180
v -0.509862 0.433237 -0.898947
v -0.563211 0.597187 -0.605446
v -0.563211 0.598305 -0.605446
v -0.563211 0.599871 -0.605446
v -0.568463 0.673742 -0.694268
v -0.565562 0.756096 -0.900340
v -0.560982 0.709138 -0.908175
v -0.554924 0.480041 -0.609520
v -0.563435 0.596404 -0.605558
v -0.547756 0.471606 -0.724042
v -0.564807 0.497907 -0.605975
v -0.540847 0.667325 -0.916757
v -0.526046 0.433841 -0.726160
v -0.558475 0.670355 -0.909971
v -0.541213 0.463817 -0.615474
v -0.564821 0.559435 -0.605527
v -0.567652 0.550068 -0.608589
v -0.561758 0.487619 -0.684186
v -0.568380 0.682535 -0.885541
v -0.525755 0.452652 -0.907453
v -0.533958 0.450839 -0.794831
v -0.568175 0.509162 -0.654774
v -0.552903 0.474581 -0.753662
v -0.547274 0.584947 -0.915976
v -0.553843 0.624476 -0.913307
v -0.564971 0.629777 -0.901452
v -0.530161 0.447801 -0.888334
v -0.553217 0.473463 -0.881561
v -0.550768 0.481467 -0.906958
v -0.541567 0.554996 -0.916703
v -0.568419 0.573879 -0.878123
v -0.563989 0.590033 -0.903764
v -0.563878 0.492227 -0.745853
v -0.543110 0.498354 -0.916337
v -0.563285 0.488899 -0.867350
v -0.568178 0.508666 -0.763917
v -0.559247 0.534530 -0.908348
v -0.562129 0.499735 -0.905698
v -0.565115 0.533841 -0.899221
v -0.567811 0.504624 -0.886265
vn -0.3595 -0.0027 -0.9331
vn -0.3160 -0.0202 -0.9485
vn -0.3028 -0.0226 -0.9528
vn -0.0107 -0.5454 -0.8381
vn -0.0205 -0.3018 -0.9532
vn -0.0448 -0.5266 -0.8490
vn -0.8844 0.4666 0.0100
vn -0.0086 -0.9999 0.0097
vn -0.0107 -0.9998 0.0153
vn -0.0144 -0.9999 0.0022
vn 0.0045 0.9967 -0.0806
vn 0.0234 0.9945 -0.1022
vn 0.0184 0.9934 -0.1134
vn -0.0057 -0.8156 0.5785
vn -0.0446 -0.8895 0.4548
vn -0.0136 -0.8099 0.5865
vn -0.0006 -0.9999 -0.0102
vn 0.0001 -1.0000 -0.0080
vn -0.0009 -0.9983 0.0576
vn -0.0295 0.8143 -0.5796
vn -0.0519 0.8014 -0.5959
vn -0.0405 0.7383 -0.6733
vn -0.0079 -0.8705 0.4921
vn -0.0069 -0.8226 0.5686
vn -0.0003 -0.8661 0.4998
vn -0.0111 -0.7706 0.6372
vn 0.0051 0.8456 -0.5337
vn 0.0027 0.8836 -0.4682
vn -0.0013 0.8681 -0.4963
vn -0.0074 -0.8733 0.4872
vn -0.0039 -0.8734 0.4871
vn -0.0134 0.9100 -0.4145
vn -0.0160 -0.8355 0.5493
vn -0.0058 -0.8780 0.4786
vn -0.0265 -0.8819 0.4706
vn 0.0059 0.8842 -0.4671
vn 0.0150 0.8506 -0.5256
vn -0.0043 -0.9227 0.3854
vn -0.0066 -0.8764 0.4815
vn -0.0035 -0.9057 0.4240
vn 0.0303 0.9007 -0.4333
vn -0.0007 0.9400 -0.3413
vn -0.0272 -0.9089 0.4160
vn -0.0054 -0.9023 0.4311
vn 0.0100 0.8660 -0.4999
vn 0.0157 0.9093 -0.4159
vn -0.0139 -0.9116 0.4109
vn 0.0107 0.8823 -0.4705
vn 0.0072 -0.8455 0.5339
vn 0.0056 -0.8475 0.5308
vn 0.0136 -0.8327 0.5535
vn 0.0003 -0.8416 0.5401
vn -0.0049 0.8241 -0.5664
vn -0.0049 0.8501 -0.5267
vn -0.0122 0.8583 -0.5130
vn -0.0152 0.8337 -0.5520
vn 0.0141 -0.8479 0.5299
vn 0.0003 0.3536 0.9354
vn 0.0583 0.8534 -0.5180
vn 0.0822 0.8630 -0.4986
vn 0.0342 0.8898 -0.4551
vn 0.0658 0.9412 -0.3315
vn 0.0389 0.9092 -0.4146
vn -0.0464 -0.8877 0.4581
vn -0.0323 -0.9020 0.4306
vn -0.0453 -0.8885 0.4567
vn 0.0689 0.9241 -0.3759
vn -0.0500 -0.9306 0.3625
vn -0.0364 -0.9458 0.3227
vn -0.0245 -0.8995 0.4363
vn 0.0508 0.9172 -0.3952
vn 0.0481 0.9482 -0.3140
vn 0.0504 0.9198 -0.3892
vn 0.0724 0.9842 -0.1613
vn 0.0563 0.9513 -0.3029
vn -0.0640 -0.9337 0.3523
vn -0.0583 -0.9449 0.3221
vn 0.0845 0.9427 -0.3228
vn 0.0610 0.9520 -0.2998
vn -0.6050 0.5145 0.6077
vn -0.0567 -0.9513 0.3030
vn -0.0303 -0.9483 0.3159
vn 0.0844 0.9645 -0.2504
vn 0.1105 0.9401 -0.3225
vn 0.0979 0.9610 -0.2586
vn -0.0868 -0.9495 0.3016
vn 0.0015 0.5276 0.8495
vn -0.0005 0.6530 0.7573
vn -0.0066 0.5909 0.8067
vn 0.0367 -0.9321 0.3602
vn 0.0290 -0.8569 0.5147
vn 0.0276 -0.9013 0.4323
vn 0.0062 -0.9126 0.4089
vn 0.0100 -0.9375 0.3478
vn 0.0054 -0.9447 0.3279
vn 0.0078 -0.9453 0.3262
vn -0.0062 0.9150 -0.4033
vn 0.0035 0.9421 -0.3353
vn -0.0160 0.9215 -0.3881
vn 0.0010 0.9163 0.4005
vn -0.0189 0.9413 -0.3372
vn -0.0128 0.9469 -0.3212
vn -0.0134 0.9451 -0.3264
vn 0.0145 -0.9146 0.4040
vn -0.0180 0.9042 -0.4267
vn -0.0062 0.0317 0.9995
vn -0.0046 -0.0555 0.9985
vn 0.0035 -0.0204 0.9998
vn 0.0031 -0.8444 0.5357
vn 0.0133 -0.8164 0.5773
vn 0.0033 -0.8085 0.5884
vn -0.0083 -0.8441 0.5361
vn -0.0061 -0.8244 0.5660
vn -0.0005 -0.4304 0.9026
vn 0.0018 -0.4317 0.9020
vn 0.0047 -0.4225 0.9064
vn -0.0205 -0.5335 0.8456
vn 0.0115 -0.4365 0.8996
vn 0.0239 -0.8981 0.4391
vn 0.0038 -0.8073 0.5902
vn 0.0036 -0.9899 0.1416
vn 0.0012 -0.9887 0.1496
vn 0.0026 -0.9947 0.1027
vn 0.0053 -0.9935 0.1136
vn 0.0020 -0.9903 0.1388
vn 0.0094 -0.9675 0.2526
vn 0.0044 -0.9635 0.2678
vn 0.0079 -0.9597 0.2811
vn -0.0078 0.9590 -0.2831
vn 0.0013 0.9855 -0.1694
vn -0.0050 0.9787 -0.2054
vn 0.0121 -0.9442 0.3293
vn -0.0078 0.9765 -0.2154
vn -0.0051 0.9298 -0.3681
vn 0.0014 0.1084 0.9941
vn 0.0018 -0.0446 0.9990
vn 0.0004 -0.0141 0.9999
vn 0.0067 -0.0597 0.9982
vn -0.0014 -0.0434 0.9991
vn 0.0006 -0.0402 0.9992
vn 0.0042 -0.0151 0.9999
vn 0.0111 -0.0637 0.9979
vn 0.0008 -0.0457 0.9990
vn -0.0001 0.3003 0.9538
vn 0.0010 0.2478 0.9688
vn -0.0010 0.3162 0.9487
vn 0.0113 -0.0276 0.9996
vn 0.0204 -0.0102 0.9997
vn -0.0069 0.6692 0.7431
vn -0.0074 0.6797 0.7334
vn -0.0062 0.6673 0.7447
vn 0.0042 0.0145 0.9999
vn -0.0042 -0.0281 0.9996
vn 0.0151 -0.0137 0.9998
vn 0.0003 0.9981 -0.0624
vn 0.0004 0.9982 -0.0602
vn 0.0005 0.9980 -0.0631
vn -0.0010 -0.9976 0.0696
vn -0.0005 -0.9968 0.0795
vn 0.0019 -0.9973 0.0738
vn 0.0005 0.9982 -0.0592
vn 0.0006 0.9986 -0.0529
vn 0.0008 -0.9975 0.0713
vn 0.0001 0.9982 -0.0606
vn -0.0037 0.9986 -0.0525
vn 0.0013 -0.9965 0.0831
vn -0.0012 0.9984 -0.0563
vn 1.0000 0.0013 -0.0025
vn 1.0000 0.0016 0.0006
vn 1.0000 -0.0002 -0.0002
vn 1.0000 -0.0014 0.0051
vn 1.0000 0.0001 0.0001
vn 0.9983 0.0045 0.0576
vn 0.9910 0.0046 0.1337
vn 0.9903 -0.0068 0.1391
vn 1.0000 0.0002 0.0001
vn 0.9986 -0.0007 0.0537
vn 0.9863 0.0131 0.1643
vn 0.9928 -0.0108 0.1193
vn 1.0000 -0.0004 -0.0002
vn 0.9580 -0.0050 0.2868
vn 1.0000 0.0003 0.0022
vn 1.0000 0.0028 0.0051
vn 1.0000 0.0025 0.0051
vn 1.0000 0.0011 0.0076
vn 0.9815 -0.0116 0.1910
vn 1.0000 -0.0014 0.0004
vn 1.0000 -0.0006 -0.0004
vn -1.0000 -0.0000 0.0004
vn 0.9965 0.0010 0.0835
vn 0.9906 0.0154 0.1362
vn 0.7793 0.0248 0.6262
vn 0.7711 0.0126 0.6366
vn 0.7467 -0.0143 0.6651
vn 1.0000 -0.0006 0.0010
vn -0.0008 0.9978 0.0666
vn -0.0016 0.9978 0.0659
vn -0.0026 0.9974 0.0716
vn 0.0211 0.4129 0.9105
vn 0.0573 0.3807 0.9229
vn -0.0039 0.5851 0.8110
vn -0.0030 0.5980 0.8015
vn 0.6044 -0.7959 -0.0355
vn 0.5753 -0.8163 -0.0524
vn 0.7652 -0.6426 -0.0398
vn 0.8314 -0.5556 -0.0087
vn 0.8586 -0.5126 -0.0028
vn 0.8613 -0.5073 -0.0279
vn 0.6381 -0.7692 -0.0353
vn 0.4175 -0.9075 -0.0466
vn 0.3810 -0.7745 -0.5050
vn 0.7483 -0.6628 -0.0256
vn 0.1542 -0.9859 -0.0652
vn 0.0576 -0.9959 -0.0691
vn 0.0643 -0.9953 -0.0718
vn -0.4197 0.8574 0.2979
vn 0.8628 -0.5055 -0.0042
vn 0.6642 -0.7459 -0.0490
vn -0.8267 0.5598 0.0568
vn -0.7608 0.6473 0.0463
vn -0.8640 0.5025 0.0315
vn -0.0005 -0.9968 -0.0796
vn 0.0006 -0.9974 -0.0714
vn -0.0286 0.9958 0.0865
vn -0.0052 0.9977 0.0670
vn 0.0016 0.9980 0.0634
vn 0.8738 -0.4861 0.0103
vn 0.0226 -0.9968 -0.0762
vn -0.0501 0.9958 0.0761
vn -0.0012 0.9978 0.0656
vn -0.0011 0.9980 0.0632
vn 0.0002 0.9980 0.0631
vn -0.2913 0.9552 0.0521
vn -0.1141 0.9910 0.0703
vn -0.5845 0.8098 0.0511
vn -0.5972 0.8008 0.0467
vn -0.5963 0.8014 0.0464
vn 0.8066 -0.5911 0.0014
vn 0.3455 -0.9356 -0.0728
vn 0.1879 -0.9794 -0.0743
vn 0.0045 -0.9968 -0.0799
vn 0.0293 -0.4351 0.8999
vn -0.0002 0.4580 0.8889
vn -0.0409 0.9991 -0.0111
vn -0.1081 0.8672 0.4860
vn -0.0023 0.3180 0.9481
vn -0.0018 0.3071 0.9517
vn 0.0007 0.2821 0.9594
vn 0.0054 0.2925 0.9563
vn -0.0013 0.5750 0.8181
vn 0.5218 -0.8528 -0.0211
vn 0.3880 -0.9214 0.0203
vn 0.5096 -0.8602 -0.0172
vn -0.2109 0.9770 0.0329
vn -0.2340 0.9710 0.0496
vn -0.2144 0.9761 0.0355
vn -0.2711 0.9595 0.0771
vn -0.0100 -0.9959 0.0895
vn 0.0044 -0.9969 0.0790
vn -0.0045 -0.9966 0.0822
vn 0.2560 -0.9636 -0.0774
vn -0.0212 -0.9965 0.0811
vn -0.0409 -0.9812 -0.1886
vn -0.0738 -0.9760 -0.2048
vn -0.0500 -0.9799 -0.1931
vn -0.0910 -0.9728 -0.2132
vn 0.0867 0.9741 0.2088
vn 0.0147 0.9993 0.0356
vn -0.4776 -0.7438 -0.4676
vn 0.0874 -0.9962 0.0052
vn 0.0341 -0.9940 -0.1042
vn -0.0028 0.9981 0.0621
vn 0.0095 -0.9977 -0.0672
vn 0.0003 -0.9974 -0.0720
vn 0.3590 -0.9329 0.0288
vn -0.0038 0.9910 -0.1341
vn -0.0071 0.9918 -0.1275
vn -0.0086 0.9879 -0.1550
vn 0.2697 0.9416 0.2015
vn -0.0094 -0.9962 0.0868
vn -0.0037 0.9910 -0.1341
vn -0.0032 0.9984 -0.0564
vn -0.0041 0.9914 -0.1305
vn 0.0009 -0.9958 0.0919
vn 0.0209 -0.9971 0.0732
vn 0.0163 0.4069 0.9133
vn -0.0081 0.9947 -0.1023
vn 0.0018 0.9899 -0.1417
vn -0.0014 -0.9952 0.0982
vn -0.0084 0.9944 -0.1049
vn -0.0019 -0.9959 0.0904
vn -0.0154 0.9982 -0.0576
vn 0.0015 -0.9969 0.0791
vn 0.0024 0.9911 -0.1334
vn -0.0217 -0.7840 0.6204
vn 0.0025 0.9911 -0.1332
vn -0.0066 -0.9915 0.1296
vn 0.0067 -0.9889 0.1487
vn 0.0022 0.9894 -0.1455
vn 0.0004 0.9451 -0.3268
vn 0.0064 0.9922 -0.1244
vn 0.1594 0.7953 0.5849
vn 0.1427 0.7720 0.6194
vn 0.2103 0.8588 0.4671
vn 0.0162 0.9020 -0.4314
vn 0.2216 0.8711 0.4382
vn -0.0043 0.9921 -0.1254
vn -0.0038 0.9921 -0.1257
vn -0.0030 0.9927 -0.1206
vn 0.0016 -0.6400 0.7684
vn -0.0042 -0.9969 0.0779
vn -0.0085 -0.9883 0.1522
vn -0.0030 0.9973 0.0732
vn 0.8511 -0.5250 0.0021
vn 0.2069 -0.9766 -0.0580
vn 0.0097 -0.8041 0.5944
vn 0.3021 -0.6797 -0.6684
vn 0.0056 0.9943 -0.1063
vn -0.0012 0.9977 -0.0680
vn -0.0025 0.6116 0.7911
vn -0.0010 0.9980 0.0636
vn 0.9975 -0.0005 0.0708
vn 1.0000 0.0011 0.0029
vn 0.9984 0.0077 0.0561
vn 0.9931 0.0086 0.1166
vn -0.9940 0.0103 -0.1086
vn -0.9983 0.0124 -0.0561
vn -0.9992 0.0053 -0.0409
vn -0.9998 0.0205 0.0070
vn -0.9998 0.0154 0.0151
vn -1.0000 0.0034 0.0060
vn -0.0078 -0.9934 0.1142
vn -0.0089 -0.9914 -0.1304
vn -0.0130 -0.9951 0.0980
vn -0.0014 -0.9971 0.0767
vn -0.0011 -0.9972 0.0754
vn -0.0013 -0.9974 0.0722
vn 0.0009 -0.9973 0.0730
vn 0.6378 0.0161 0.7701
vn 0.4703 0.0099 0.8825
vn 0.4726 0.0099 0.8812
vn 0.0789 0.0217 0.9966
vn 0.0792 0.0217 0.9966
vn 0.1315 0.0235 0.9910
vn -0.1381 0.0198 0.9902
vn -0.1370 0.0197 0.9904
vn -0.1537 0.0216 0.9879
vn 0.0007 -0.9975 0.0711
vn -0.9999 0.0076 0.0102
vn -0.9990 0.0291 0.0348
vn -0.9999 0.0077 0.0127
vn 0.1321 0.0235 0.9910
vn -1.0000 0.0023 -0.0000
vn -0.9919 -0.0049 0.1266
vn -0.9984 0.0084 0.0558
vn -1.0000 -0.0006 0.0017
vn -1.0000 0.0039 0.0001
vn 0.0018 0.9988 -0.0492
vn 0.0138 0.9990 -0.0419
vn 0.0106 0.9983 -0.0569
vn -0.9999 0.0114 -0.0035
vn -0.9997 0.0190 -0.0128
vn -0.0004 -0.9975 0.0702
vn 0.0209 0.9983 -0.0553
vn 0.6399 0.0162 0.7683
vn -1.0000 -0.0010 0.0010
vn -1.0000 -0.0064 0.0009
vn -0.9946 -0.0000 0.1036
vn -1.0000 0.0008 0.0064
vn -0.9971 -0.0062 0.0763
vn -0.9565 0.0069 0.2915
vn -0.9508 0.0059 0.3098
vn -0.9327 0.0207 0.3602
vn -0.9286 0.0239 0.3704
vn -1.0000 0.0012 0.0037
vn 0.0004 0.9982 -0.0598
vn -0.9368 -0.0068 -0.3498
vn -0.9957 0.0007 0.0925
vn -0.6926 -0.0051 0.7213
vn -0.6865 -0.0040 0.7271
vn -0.6931 -0.0053 0.7208
vn -0.0047 -0.9974 0.0713
vn -1.0000 -0.0015 0.0007
vn -1.0000 0.0015 0.0040
vn -0.9999 0.0017 0.0113
vn -0.9946 -0.0039 0.1033
vn -0.9960 0.0004 0.0898
vn -0.2055 -0.9028 0.3778
vn -0.3226 -0.8686 0.3760
vn -0.1759 -0.9092 0.3773
vn 0.0142 -0.9263 0.3764
vn 0.0020 -0.9090 0.4167
vn -0.0167 -0.9066 0.4217
vn -1.0000 0.0037 -0.0005
vn -1.0000 0.0016 0.0044
vn -0.9928 -0.0010 0.1200
vn -0.3767 -0.8478 0.3733
vn -0.0594 -0.9679 0.2443
vn -0.0100 -0.9369 0.3495
vn -0.0094 -0.9959 0.0898
vn 0.0066 -0.9972 0.0742
vn 0.0012 -0.9975 0.0713
vn 0.0075 0.9991 -0.0421
vn 0.9907 -0.0062 0.1357
vn -0.9586 0.0046 0.2847
vn 0.1944 0.8004 -0.5670
vn 0.0112 0.9975 -0.0702
vn -0.8860 -0.0000 0.4638
vn -0.8874 -0.0000 0.4609
vn -0.8863 -0.0000 0.4632
vn -0.5415 0.0125 0.8406
vn -0.9997 -0.0080 0.0212
vn -0.9990 -0.0080 0.0433
vn -0.9742 0.0104 0.2253
vn -0.6777 -0.0050 0.7353
vn -0.0022 -0.8348 0.5506
vn -0.0080 -0.9957 0.0927
vn -0.0018 -0.9975 0.0704
vn 0.0045 -0.9956 0.0937
vn 0.0141 -0.9578 0.2871
vn -0.0009 0.9990 -0.0457
vn -0.8966 -0.0000 0.4429
vn -0.0000 -0.0000 -0.0000
vn 0.1247 0.0069 0.9922
vn -0.9999 0.0067 0.0087
vn -0.9981 0.0059 0.0608
vn -0.0042 0.9992 -0.0387
vn -0.0584 0.9979 -0.0282
vn -0.0472 0.9988 -0.0139
vn -0.1760 0.9832 -0.0493
vn -0.0874 0.9953 -0.0413
vn 0.0053 0.9448 0.3276
vn -0.1545 0.0217 0.9878
vn 0.8588 -0.0000 0.5123
vn 0.8609 -0.0000 0.5087
vn 0.2752 0.0153 0.9613
vn 0.9326 -0.0153 -0.3605
vn -0.9822 -0.0005 0.1878
vn -0.4741 -0.3677 0.8000
vn -0.0738 0.0153 0.9972
vn -0.0393 0.0173 0.9991
vn -0.0744 0.0153 0.9971
vn -0.0662 0.0179 0.9976
vn 0.9991 -0.0338 0.0236
vn 0.9986 -0.0045 0.0525
vn 0.9775 0.0074 0.2107
vn -0.9830 0.0055 0.1833
vn -0.9574 0.0112 0.2887
vn -0.1502 0.0021 0.9886
vn -0.1982 -0.0049 0.9801
vn -0.0981 -0.0032 0.9952
vn -0.0027 -0.9976 0.0686
vn 0.0011 -0.9975 0.0701
vn 1.0000 -0.0007 0.0053
vn 1.0000 -0.0000 0.0043
vn 1.0000 0.0003 0.0014
vn 0.9998 -0.0014 -0.0218
vn 1.0000 -0.0016 0.0029
vn 0.9871 -0.1601 0.0017
vn 1.0000 -0.0006 -0.0001
vn 0.5084 -0.0010 0.8611
vn -0.9929 -0.0042 0.1187
vn -0.8755 -0.0137 0.4831
vn -0.8676 0.0107 0.4971
vn -0.8744 -0.0134 0.4849
vn -0.9590 0.0016 0.2835
vn -0.0063 -0.8861 0.4635
vn 1.0000 -0.0043 -0.0009
vn 0.9535 0.0261 0.3004
vn -0.9734 -0.0037 0.2292
vn -0.8755 -0.0306 0.4822
vn -0.8655 0.0045 0.5008
vn -0.8682 0.0193 0.4959
vn -0.9868 -0.0019 0.1621
vn -0.9613 -0.0080 0.2753
vn 0.0151 -0.6694 0.7427
vn 0.0003 -0.9973 0.0729
vn 0.0002 0.9985 -0.0551
vn -0.0035 0.9981 -0.0619
vn 1.0000 0.0009 0.0009
vn 1.0000 0.0006 0.0065
vn -0.0661 0.0179 0.9977
vn 0.9984 -0.0023 0.0557
vn 0.9938 -0.0056 0.1112
vn 0.9884 0.0066 0.1520
vn 0.9518 0.0271 0.3055
vn -0.6812 0.0099 0.7321
vn -0.6785 0.0132 0.7344
vn -0.6785 0.0132 0.7345
vn -0.0014 -0.9951 0.0989
vn 0.0021 -0.9975 0.0710
vn 0.0040 0.9976 -0.0692
vn 1.0000 0.0026 0.0013
vn 1.0000 0.0015 -0.0000
vn -0.9966 -0.0000 -0.0820
vn -0.3006 0.0013 0.9538
vn -0.0007 -0.4469 0.8946
vn 0.0461 -0.3589 0.9322
vn 0.0602 -0.3321 0.9413
vn 0.0010 -0.9900 0.1410
vn 0.9932 0.0165 0.1149
vn 0.9998 -0.0041 0.0205
vn 0.9989 0.0086 0.0467
vn -0.7014 -0.0103 0.7127
vn -0.7015 -0.0060 0.7127
vn -0.7012 -0.0062 0.7129
vn -0.6167 0.0079 0.7871
vn -0.0005 -0.9978 0.0666
vn 0.9921 0.0050 0.1254
vn -0.9995 -0.0006 -0.0308
vn -0.7045 -0.0071 0.7097
vn -0.0695 -0.0030 0.9976
vn -0.2718 -0.0084 0.9623
vn -0.2528 -0.0061 0.9675
vn 0.0021 -0.8186 0.5744
vn -0.0128 -0.9090 0.4167
vn -0.0199 -0.7990 0.6010
vn -0.0015 0.9982 -0.0598
vn 0.0039 0.9968 -0.0804
vn 0.1558 0.0164 0.9877
vn 0.9998 0.0035 0.0190
vn 1.0000 0.0010 -0.0003
vn 1.0000 0.0054 -0.0066
vn 0.9987 0.0023 0.0515
vn 1.0000 0.0046 -0.0040
vn 0.4759 -0.2999 0.8268
vn 0.9767 -0.2132 0.0243
vn -0.6945 0.0039 0.7195
vn -0.8980 -0.0169 0.4396
vn -0.8889 0.0055 0.4580
vn -0.0018 -0.4979 0.8672
vn 0.0007 -0.9936 0.1130
vn 0.0006 0.9978 -0.0663
vn 0.6257 -0.7783 0.0535
vn 0.9878 -0.0027 0.1558
vn 0.9998 0.0018 0.0213
vn 0.9971 -0.0056 0.0756
vn 0.9160 -0.4012 0.0003
vn 0.8843 -0.4668 0.0054
vn -0.9998 -0.0009 0.0175
vn -0.6657 0.0006 0.7462
vn -0.6929 0.0087 0.7210
vn -0.9015 -0.0225 0.4322
vn -0.0050 -0.9843 0.1762
vn 0.0040 -0.9969 0.0789
vn 0.2466 0.0945 0.9645
vn 0.0090 0.0460 0.9989
vn -0.0051 -0.0347 0.9994
vn 0.0074 0.0432 0.9990
vn -0.0081 -0.0519 0.9986
vn 0.6055 0.1564 0.7804
vn 0.5520 0.0834 0.8297
vn 0.5689 0.1057 0.8156
vn 0.4158 0.7205 0.5550
vn 0.4173 0.7340 0.5358
vn 0.4143 0.7088 0.5708
vn 0.5080 0.0281 0.8609
vn 0.4114 0.6873 0.5986
vn -0.0039 0.9996 -0.0274
vn -0.0012 0.9994 -0.0353
vn 0.0041 0.9993 -0.0374
vn -0.0022 0.5345 0.8452
vn 0.0107 0.4229 0.9061
vn 0.0082 0.5568 0.8306
vn 0.0021 0.9995 -0.0329
vn -0.0012 -0.0217 0.9998
vn 0.7035 0.7008 0.1181
vn 0.0009 0.9987 -0.0503
vn 0.0008 0.3541 0.9352
vn 0.0009 0.3801 0.9250
vn 0.0110 0.4241 0.9056
vn -0.9978 -0.0018 -0.0660
vn -0.2877 0.0038 0.9577
vn -0.2424 0.0086 0.9701
vn -0.2978 0.0035 0.9546
vn -0.6475 -0.0142 0.7619
vn -0.6130 0.0063 0.7900
vn -0.0067 -0.5131 0.8583
vn 0.0008 -0.9978 0.0656
vn 0.0047 -0.9965 0.0839
vn -0.0020 -0.9962 0.0874
vn 0.0054 -0.9960 0.0890
vn -0.0097 0.0336 0.9994
vn 0.0671 0.9949 0.0748
vn 0.1819 0.9703 0.1593
vn 0.1811 0.9678 0.1750
vn 0.0085 0.9974 -0.0720
vn 1.0000 -0.0000 0.0069
vn -0.9703 -0.0035 0.2419
vn -0.2407 0.0050 0.9706
vn -0.6907 0.0161 0.7229
vn 0.0426 0.0112 0.9990
vn 0.0127 0.0098 0.9999
vn -0.0327 -0.7918 0.6099
vn 0.0110 -0.9966 0.0821
vn -0.0178 0.5032 0.8640
vn 0.0245 0.6666 0.7450
vn 0.0234 0.6692 0.7427
vn 0.4897 0.8688 -0.0738
vn 0.5657 0.8213 -0.0739
vn 0.4851 0.8713 -0.0737
vn -0.0011 0.9978 -0.0656
vn -0.9942 0.0789 -0.0738
vn -0.6522 -0.0209 0.7577
vn -0.6486 -0.0107 0.7610
vn -0.2106 0.0059 0.9776
vn 0.0098 -0.3904 0.9206
vn 0.0002 -0.9891 0.1475
vn 0.0017 -0.9963 0.0863
vn -0.0066 0.5771 0.8167
vn 0.1168 0.9851 0.1260
vn 0.8481 0.0311 0.5289
vn -0.6750 -0.0067 0.7378
vn -0.1966 0.0009 0.9805
vn 0.0020 -0.4022 0.9155
vn 0.0115 -0.9979 0.0640
vn -0.0006 0.9990 -0.0442
vn -0.0226 0.5217 0.8528
vn -0.0244 0.7846 0.6195
vn 0.0052 0.8453 0.5343
vn -0.0179 0.7958 0.6053
vn 0.9531 0.1978 0.2292
vn 1.0000 -0.0010 -0.0007
vn -0.6834 0.0014 0.7300
vn -0.2102 0.0008 0.9777
vn -0.0218 -0.0003 0.9998
vn -0.0466 0.0055 0.9989
vn 0.0055 -0.0069 1.0000
vn -0.0069 -0.3428 0.9394
vn 0.4135 -0.4223 0.8066
vn -0.0042 0.8953 0.4454
vn -0.0006 0.8854 0.4649
vn -0.0051 0.8965 0.4430
vn 0.4111 0.9086 -0.0730
vn -0.2194 0.0164 0.9755
vn 0.2777 -0.0155 0.9605
vn -0.9492 0.3079 -0.0647
vn -0.9691 -0.0173 0.2462
vn -0.2375 0.0066 0.9714
vn -0.1965 0.0022 0.9805
vn 0.0073 -0.5113 0.8594
vn 0.0178 -0.5255 0.8506
vn 0.5006 -0.7227 0.4766
vn 0.4959 -0.7284 0.4728
vn 0.4861 -0.7399 0.4651
vn -0.0100 -0.5261 0.8503
vn -0.0210 -0.4011 0.9158
vn -0.0247 -0.4244 0.9051
vn -0.0025 -0.9959 0.0908
vn -0.0113 0.0455 0.9989
vn 1.0000 0.0042 0.0042
vn 0.9999 -0.0009 -0.0123
vn 1.0000 0.0036 -0.0041
vn 1.0000 -0.0059 -0.0007
vn 1.0000 -0.0000 0.0001
vn 1.0000 -0.0000 -0.0000
vn 1.0000 -0.0024 0.0015
vn 0.8695 -0.4939 0.0075
vn 0.0175 -0.9934 0.1129
vn 0.5084 -0.7132 0.4827
vn -0.0018 -0.5474 0.8369
vn -0.0061 0.8660 0.5000
vn -0.0111 0.9978 -0.0660
vn 0.0033 0.9969 -0.0786
vn 1.0000 0.0053 0.0060
vn 0.9994 0.0015 -0.0333
vn 0.9952 0.0015 -0.0975
vn 0.9995 -0.0328 0.0041
vn -1.0000 -0.0006 0.0029
vn -0.2849 0.0073 0.9585
vn -0.1385 -0.0036 0.9904
vn -0.0350 0.0004 0.9994
vn 0.6979 0.5412 -0.4691
vn 0.9920 -0.0603 -0.1109
vn -0.0145 0.9955 -0.0936
vn 0.0104 0.9951 -0.0986
vn 0.0203 0.9901 -0.1388
vn -0.0054 0.0163 0.9999
vn -0.0061 -0.0124 0.9999
vn -0.0046 0.0037 1.0000
vn -0.2250 0.2279 0.9473
vn -0.3950 0.2060 0.8953
vn -0.3612 0.1926 0.9124
vn -0.3004 0.8392 0.4533
vn -0.2187 0.8689 0.4441
vn -0.3449 0.8199 0.4569
vn 0.8536 0.1752 -0.4905
vn 0.0044 0.9668 -0.2555
vn -0.7406 -0.0001 0.6719
vn -0.7324 -0.0025 0.6809
vn -0.0006 -0.9954 0.0963
vn -0.0049 -0.4514 0.8923
vn -0.0009 -0.9954 0.0958
vn 0.0011 -0.9953 0.0965
vn 0.0030 0.9990 -0.0451
vn -0.4328 0.7747 0.4609
vn -0.0029 0.9999 0.0119
vn 0.1169 0.9332 -0.3398
vn 0.1240 0.9299 -0.3462
vn 0.2594 0.9009 -0.3479
vn -0.0096 0.9920 -0.1262
vn 1.0000 -0.0021 0.0015
vn 1.0000 -0.0039 0.0037
vn 1.0000 -0.0039 0.0007
vn -0.9779 0.2089 -0.0052
vn -0.1433 0.0061 0.9897
vn 0.0712 0.0018 0.9975
vn 0.1389 0.0021 0.9903
vn -0.0243 -0.4682 0.8833
vn -0.0048 -0.4562 0.8899
vn 0.0016 -0.9961 0.0887
vn -0.4982 0.1992 0.8439
vn 1.0000 -0.0003 0.0009
vn 0.8649 -0.4927 -0.0958
vn 0.0691 -0.0001 0.9976
vn 0.1148 -0.0047 0.9934
vn 0.8698 -0.4800 0.1139
vn 0.5960 -0.7834 -0.1763
vn 0.5357 -0.8346 -0.1285
vn 0.5756 -0.8019 -0.1598
vn -0.0069 -0.9950 0.0997
vn -0.5328 0.2263 0.8154
vn -0.0104 0.9999 0.0009
vn -0.0163 0.8808 -0.4733
vn 0.0138 0.9085 -0.4176
vn 0.3471 0.5830 -0.7346
vn 0.3695 0.5557 -0.7447
vn 0.3298 0.6032 -0.7262
vn 0.0161 -0.0002 0.9999
vn 0.0160 0.0003 0.9999
vn 0.0179 0.0013 0.9998
vn -0.0034 0.0296 0.9996
vn 0.0023 -0.0015 1.0000
vn -0.0073 0.0009 1.0000
vn 0.0480 -0.9945 0.0929
vn 0.6262 -0.7532 -0.2012
vn 0.4354 -0.8840 0.1704
vn -0.0160 -0.7776 0.6285
vn -0.0067 -0.7758 0.6310
vn -0.0149 -0.7760 0.6306
vn 0.0110 -0.4295 0.9030
vn 0.0110 -0.4411 0.8974
vn 0.0132 -0.4141 0.9101
vn 0.0138 -0.4107 0.9117
vn -0.5808 0.5526 0.5977
vn -0.1227 0.9924 -0.0026
vn -0.0665 0.9978 -0.0040
vn -0.0678 0.9976 -0.0108
vn -0.0217 0.9998 -0.0034
vn 0.3063 0.6294 -0.7142
vn -0.0006 0.9977 -0.0671
vn 0.6747 -0.7373 -0.0330
vn -0.0006 -1.0000 -0.0043
vn -0.0020 0.3503 0.9366
vn -0.0024 0.3529 0.9357
vn 0.0026 0.9968 -0.0800
vn -0.0347 -0.9980 0.0524
vn -0.8050 0.0075 0.5932
vn -0.7901 -0.0001 0.6130
vn -0.0576 0.0040 0.9983
vn -0.0084 -0.3694 0.9292
vn 0.0528 -0.9912 0.1210
vn 0.0044 -0.8050 0.5933
vn -0.0156 -0.8410 0.5409
vn 0.0036 -0.4516 0.8922
vn 0.5806 -0.0994 -0.8081
vn 0.0598 0.9719 -0.2276
vn 0.0122 0.9666 -0.2559
vn -0.0057 0.9940 -0.1088
vn 0.0100 0.9897 -0.1432
vn 0.0397 0.6128 0.7892
vn -0.0117 -0.9973 0.0725
vn -0.0004 0.9975 0.0705
vn -0.0326 -0.6952 0.7181
vn 0.0191 -0.7534 0.6573
vn 0.0044 -0.7596 0.6504
vn 0.0508 -0.9933 0.1041
vn 0.0004 0.0006 1.0000
vn 0.0086 -0.6579 0.7531
vn -0.0125 -0.5725 0.8198
vn 0.0088 -0.6600 0.7512
vn -0.0195 0.9088 -0.4167
vn -0.0110 0.9999 -0.0057
vn 0.0732 0.9664 -0.2463
vn 0.0886 0.9619 -0.2585
vn 0.0183 0.9365 -0.3502
vn 0.0949 0.9600 -0.2636
vn 0.0936 0.9603 -0.2628
vn 0.9810 -0.0258 -0.1921
vn -0.0880 -0.9958 0.0241
vn 0.9793 0.2023 -0.0037
vn -0.1543 -0.9361 -0.3162
vn 0.0758 0.3607 0.9296
vn 0.0003 0.6040 0.7970
vn -0.0007 0.9979 0.0655
vn -0.0011 0.9977 0.0670
vn -0.5648 0.8230 0.0607
vn 0.0667 -0.0150 0.9977
vn 0.0328 0.0003 0.9995
vn -0.0108 0.0008 0.9999
vn -0.0223 -0.6966 0.7171
vn -0.0193 -0.7069 0.7071
vn 0.0184 -0.8136 0.5812
vn 0.0118 -0.9073 0.4204
vn 0.0205 -0.8786 0.4772
vn 0.0301 -0.8845 0.4656
vn -0.0214 -0.0213 0.9995
vn -0.0000 -0.5727 0.8198
vn -0.0000 -0.0000 1.0000
vn -0.0000 -0.0000 -1.0000
vn -0.0000 0.1843 -0.9829
vn -0.0000 0.0919 -0.9958
vn -0.0000 0.1831 -0.9831
vn -0.0000 0.9957 0.0925
vn -0.0000 0.9831 0.1832
vn -0.0000 0.9828 0.1844
vn -0.0090 0.7971 0.6037
vn -0.0000 0.0171 0.9999
vn -0.3885 0.9145 -0.1129
vn -0.4859 0.8716 -0.0651
vn -0.4234 0.9008 -0.0963
vn -0.3429 0.9298 -0.1340
vn 0.9857 0.0023 -0.1685
vn 0.0019 -1.0000 -0.0088
vn -0.0002 0.9977 0.0672
vn 0.2256 -0.2750 0.9346
vn -0.9910 0.1331 0.0144
vn -0.8398 0.0072 0.5429
vn -0.2804 -0.0045 0.9599
vn 0.0157 -0.0026 0.9999
vn 0.0571 -0.0001 0.9984
vn 0.0199 0.0007 0.9998
vn -0.0015 0.0309 0.9995
vn 0.6315 -0.5577 -0.5387
vn 0.0117 -0.9268 0.3754
vn -0.0000 -0.5719 0.8203
vn -0.0111 -0.5712 0.8208
vn -0.0125 -0.5728 0.8196
vn -0.0111 -0.5715 0.8205
vn -0.0238 -0.5703 0.8211
vn -0.0000 0.9828 0.1847
vn 0.0054 0.9985 -0.0539
vn 0.0001 0.4719 -0.8816
vn 0.0057 0.5253 -0.8509
vn 0.0034 0.5153 -0.8570
vn 0.2994 0.1460 -0.9429
vn 0.6030 0.6077 0.5169
vn -0.1554 -0.8158 0.5571
vn -0.8338 -0.2746 -0.4789
vn -0.0006 -0.9977 -0.0678
vn -0.8394 0.5433 0.0108
vn -0.8872 0.4600 0.0364
vn -1.0000 0.0008 0.0095
vn -0.3019 0.0018 0.9533
vn 0.0287 0.0002 0.9996
vn 0.0573 0.0183 0.9982
vn 0.0076 0.0019 1.0000
vn -0.0002 -0.9974 0.0722
vn 1.0000 -0.0003 -0.0043
vn 0.6977 -0.0084 0.7163
vn -1.0000 -0.0009 0.0044
vn -0.9999 -0.0027 0.0107
vn -0.9999 0.0017 0.0126
vn 1.0000 0.0023 0.0036
vn -0.0297 0.9989 0.0371
vn -0.0262 0.9877 -0.1541
vn -0.0690 0.9921 -0.1052
vn 0.0005 0.9731 -0.2306
vn 0.7064 -0.7018 -0.0920
vn 0.0092 -0.8967 -0.4425
vn -0.0010 0.9972 -0.0749
vn 0.0004 0.9975 0.0701
vn 0.8075 -0.5897 0.0102
vn -0.8793 0.4762 -0.0027
vn -0.0022 0.0093 1.0000
vn 0.0036 -0.0263 0.9996
vn -0.0099 -0.0583 0.9982
vn 0.0087 -0.0290 0.9995
vn -0.0097 -0.9830 0.1836
vn -0.0070 -0.9844 0.1756
vn -0.0030 -0.9908 0.1353
vn -0.0137 -0.9966 0.0810
vn -0.0115 -0.8733 0.4870
vn -0.0024 -0.8824 0.4706
vn -0.0096 -0.7741 0.6330
vn -0.0068 -0.8087 0.5882
vn 0.0021 -0.7899 0.6133
vn -0.0102 -0.8131 0.5820
vn -0.3369 -0.6272 0.7022
vn -0.4450 -0.5965 0.6679
vn -0.4542 -0.5934 0.6645
vn -0.0009 -0.9965 0.0833
vn -0.0078 -0.9965 0.0835
vn -0.0170 -0.9956 0.0917
vn -0.0014 -0.9970 0.0774
vn -0.0025 0.9978 -0.0662
vn 1.0000 0.0006 0.0040
vn -1.0000 0.0024 0.0090
vn -0.9999 0.0027 0.0154
vn -1.0000 0.0032 0.0061
vn -0.7417 0.6601 -0.1187
vn -0.0850 0.9921 -0.0926
vn 0.0081 0.9461 -0.3239
vn 0.0128 0.9448 -0.3273
vn 0.6323 -0.7503 -0.1929
vn 0.0671 -0.9950 -0.0741
vn -0.0008 0.9971 -0.0762
vn -0.2998 0.9528 0.0484
vn -0.8465 0.5320 0.0190
vn -0.8436 0.0218 0.5366
vn -0.2885 0.0054 0.9575
vn 0.0126 0.3927 0.9196
vn -0.0029 0.0364 0.9993
vn 0.0350 -0.9937 0.1068
vn -0.0181 -0.6226 -0.7823
vn -0.0026 0.9983 -0.0583
vn 1.0000 -0.0000 0.0034
vn 0.8144 -0.0071 0.5802
vn 0.7029 0.0004 0.7113
vn 0.8116 -0.0064 0.5841
vn 0.6915 -0.0063 0.7224
vn 0.6933 -0.0039 0.7206
vn -0.6874 0.0134 0.7262
vn -0.9993 0.0157 0.0340
vn -0.0020 0.9977 -0.0682
vn 0.0021 0.9981 -0.0617
vn 0.0201 0.9969 -0.0754
vn -0.7638 0.5005 -0.4076
vn 0.0119 0.7824 -0.6227
vn 0.0238 0.7766 -0.6296
vn -0.0010 0.0740 -0.9973
vn -0.0029 0.0775 -0.9970
vn 0.0006 0.0619 -0.9981
vn -0.0690 0.8944 -0.4418
vn -0.0048 0.8884 -0.4591
vn 0.9330 -0.3471 -0.0953
vn 0.0014 -0.9974 -0.0719
vn -0.0006 -0.4511 0.8925
vn 0.0020 0.9971 0.0760
vn -0.0072 0.9975 0.0701
vn -0.1430 -0.1645 0.9760
vn -0.8260 0.0271 0.5631
vn -0.1263 -0.0027 0.9920
vn 0.0414 -0.0466 0.9981
vn 0.1138 -0.9867 0.1159
vn 0.1236 -0.9842 0.1268
vn 0.0464 -0.9904 0.1302
vn -0.0139 -0.7701 0.6378
vn -0.5195 -0.5691 0.6374
vn -0.0030 -0.9975 0.0704
vn -0.0017 0.9989 -0.0468
vn 0.3092 0.0203 0.9508
vn 0.1388 0.0155 0.9902
vn 0.1767 0.0148 0.9842
vn -0.0063 0.9979 -0.0638
vn -0.0071 0.9976 -0.0691
vn -0.8295 -0.1168 0.5461
vn 0.0348 0.7700 -0.6371
vn -0.0027 0.9380 -0.3467
vn 0.0058 0.9209 -0.3897
vn 0.0030 -0.9981 0.0614
vn -0.0008 -1.0000 -0.0041
vn 0.0003 0.9976 -0.0691
vn -0.0009 0.9978 0.0662
vn -0.0002 0.9978 0.0662
vn -0.8288 0.5593 0.0170
vn -0.2493 0.0355 0.9678
vn 0.0055 0.0984 0.9951
vn 0.0085 0.7026 0.7116
vn 0.0124 0.9040 0.4273
vn 0.0030 0.8344 0.5511
vn 0.0127 0.9499 0.3124
vn 0.0007 -0.0283 0.9996
vn -0.0140 -0.0140 0.9998
vn 0.0276 -0.0037 0.9996
vn 0.0201 0.0004 0.9998
vn 0.0243 -0.9243 0.3810
vn -0.0166 -0.9975 0.0682
vn -0.9999 0.0011 0.0122
vn 0.3270 -0.0080 0.9450
vn 0.4712 0.0098 0.8819
vn 0.4383 -0.0084 0.8988
vn 0.3391 0.0053 0.9407
vn 0.3288 -0.0023 0.9444
vn 0.3191 0.0034 0.9477
vn 0.6919 -0.0060 0.7220
vn -0.0005 0.9981 -0.0618
vn -0.9381 0.2994 0.1740
vn -0.9506 0.2560 0.1754
vn -0.9489 0.2625 0.1752
vn 0.0126 0.4562 -0.8898
vn 0.0019 0.9176 -0.3975
vn -0.0196 -0.9978 -0.0640
vn 0.0076 -0.9445 0.3283
vn 0.0033 -0.9575 0.2883
vn 0.0518 -0.3304 0.9424
vn -0.8837 0.3794 -0.2742
vn 0.0118 0.8159 -0.5781
vn 0.0135 0.8199 -0.5723
vn 0.0256 0.8494 -0.5271
vn 0.3202 0.5945 -0.7376
vn 0.0003 -0.9978 -0.0667
vn -0.0192 0.9974 0.0697
vn 0.0036 0.0317 0.9995
vn -0.0025 -0.0003 1.0000
vn 0.0167 0.0364 0.9992
vn -0.0250 -0.3199 0.9471
vn 0.0353 -0.6367 -0.7703
vn 0.0357 -0.6358 -0.7710
vn 0.0170 -0.6269 -0.7789
vn 0.0080 -0.6217 -0.7832
vn -0.0001 -0.9527 -0.3040
vn -0.0018 -0.9510 -0.3091
vn 0.0121 -0.9562 -0.2923
vn 0.0153 -0.9998 -0.0126
vn 0.0147 -0.9997 0.0171
vn -0.0122 -0.9765 0.2150
vn 0.7939 0.0131 0.6079
vn 0.9943 -0.0119 0.1063
vn 0.1382 0.0155 0.9903
vn 0.0379 0.7717 -0.6348
vn 0.0380 -0.6375 0.7695
vn -0.0417 -0.6564 0.7533
vn -0.0914 -0.6157 0.7827
vn -0.0077 -0.7054 0.7088
vn 0.3219 -0.9445 -0.0648
vn 0.1663 -0.9824 -0.0849
vn -0.0010 -0.9967 0.0816
vn -0.8646 0.5019 0.0242
vn 0.0195 0.3924 0.9196
vn -0.0081 0.4493 0.8933
vn 0.0753 -0.2153 0.9736
vn 0.0120 -0.9539 -0.3000
vn -0.0251 -0.9794 0.2002
vn -0.0263 -0.9789 0.2028
vn -0.0265 -0.9913 0.1289
vn -0.9950 -0.0227 0.0968
vn -0.9588 0.2228 0.1763
vn -0.3798 0.6802 -0.6270
vn -0.3677 0.6921 -0.6211
vn -0.3629 0.6967 -0.6188
vn -0.3561 0.7032 -0.6154
vn -0.0380 0.5705 -0.8204
vn 0.0115 0.8972 -0.4414
vn 0.0268 0.8522 -0.5226
vn -0.0114 0.4178 -0.9085
vn -0.0051 0.3778 -0.9259
vn -0.0107 0.4138 -0.9103
vn 0.0223 0.1952 -0.9805
vn -0.0374 0.4863 -0.8730
vn 0.9991 -0.0003 -0.0413
vn 0.9990 -0.0009 -0.0442
vn 0.7542 -0.6118 -0.2384
vn 0.0005 0.7728 0.6347
vn -0.0098 0.7500 0.6614
vn -0.0124 0.0224 0.9997
vn -0.0032 -0.0357 0.9994
vn 0.0021 -0.0026 1.0000
vn -0.0088 -0.7124 0.7017
vn -0.0577 -0.9931 0.1019
vn -0.0029 -0.9974 0.0726
vn 0.7987 0.0061 0.6017
vn 0.9998 -0.0059 0.0214
vn 0.0085 0.9948 -0.1013
vn -0.0048 0.0567 -0.9984
vn -0.0055 0.0445 -0.9990
vn 0.9565 0.0035 -0.2918
vn 0.9781 -0.0028 -0.2083
vn 0.9985 0.0004 -0.0539
vn 0.6710 -0.6970 -0.2528
vn -0.0024 -0.9973 -0.0737
vn -0.0004 -0.9971 -0.0760
vn -0.0010 0.5646 0.8254
vn -0.5274 0.8478 0.0555
vn -0.8423 0.5389 0.0038
vn -0.0151 0.4946 0.8690
vn 0.1363 -0.9730 0.1864
vn -0.0137 -0.9140 -0.4055
vn -0.0030 -0.9974 0.0719
vn 1.0000 0.0042 0.0026
vn 0.2954 -0.0027 0.9554
vn 0.3252 -0.0018 0.9456
vn 0.8117 0.0012 0.5841
vn 0.8668 0.0485 0.4963
vn 0.8588 0.0407 0.5106
vn -0.9849 -0.1144 -0.1297
vn 0.0186 0.4505 -0.8926
vn 0.0286 0.6577 -0.7527
vn 0.9987 0.0002 -0.0519
vn 0.9990 -0.0006 -0.0443
vn 0.9993 0.0007 -0.0375
vn 0.0006 -0.9975 -0.0703
vn 0.1166 -0.0133 0.9931
vn 0.0087 0.5309 0.8474
vn -0.0239 -0.0065 0.9997
vn 0.0213 0.0035 0.9998
vn 0.0247 -0.8868 0.4615
vn 0.0220 -0.8805 0.4735
vn -0.0024 -0.5777 -0.8163
vn -0.0331 -0.9244 -0.3801
vn -0.0783 -0.9362 -0.3426
vn -0.2035 -0.9182 -0.3398
vn -0.0924 -0.9318 -0.3510
vn -0.3044 -0.9508 -0.0583
vn -0.6794 -0.7275 0.0956
vn 0.9850 -0.0041 0.1726
vn 0.9987 -0.0005 0.0508
vn 1.0000 0.0012 0.0037
vn -0.0040 0.9843 -0.1763
vn -0.0024 0.9878 -0.1556
vn 0.0339 0.5557 -0.8307
vn -0.0246 0.5531 -0.8327
vn 0.0036 0.3073 -0.9516
vn -0.0307 0.5616 -0.8269
vn 0.3854 0.0177 -0.9226
vn 0.3919 0.0178 -0.9198
vn 0.3125 0.0033 -0.9499
vn 0.7228 0.0030 -0.6910
vn 0.7285 0.0039 -0.6851
vn 0.6803 0.0066 -0.7330
vn 0.9864 -0.0012 -0.1641
vn 0.8506 -0.4723 -0.2311
vn -0.0005 -0.9972 -0.0745
vn 0.0026 0.9981 0.0619
vn -0.0116 0.9964 0.0836
vn -0.8539 0.5203 -0.0106
vn 0.0056 0.9730 0.2308
vn 0.0006 0.9923 0.1242
vn 0.0011 0.0173 0.9998
vn 0.0085 0.0193 0.9998
vn 0.0126 -0.9914 0.1306
vn -0.0409 -0.9941 0.1006
vn -0.0066 -0.9972 0.0750
vn -0.0024 -0.9971 0.0761
vn -1.0000 0.0003 -0.0001
vn -0.9998 0.0011 0.0181
vn -0.8310 0.1847 -0.5247
vn -0.1048 0.9590 -0.2634
vn -0.0188 0.3834 -0.9234
vn 0.0008 0.4209 -0.9071
vn -0.0227 0.3745 -0.9269
vn 0.5798 -0.7465 -0.3264
vn 0.0132 -0.9930 -0.1175
vn 0.0026 -0.9982 0.0602
vn -0.0025 -0.9999 -0.0169
vn 0.0001 0.9978 0.0659
vn 0.0017 0.9977 0.0679
vn -0.0036 0.9935 0.1140
vn 0.0361 -0.0202 0.9991
vn 0.0211 0.3422 0.9394
vn -0.0071 0.2977 0.9546
vn 0.0156 0.3371 0.9413
vn -0.0134 -0.0263 0.9996
vn 0.3161 -0.8110 0.4924
vn 0.3313 -0.8750 0.3529
vn 0.3377 -0.7745 0.5349
vn 0.0012 -0.9981 0.0616
vn 0.0002 -0.9980 0.0630
vn 0.2850 -0.0013 0.9585
vn 0.3111 0.0204 0.9502
vn -1.0000 0.0021 -0.0005
vn -0.0369 0.9850 -0.1684
vn -0.1212 0.9765 -0.1784
vn 0.0016 0.5070 -0.8619
vn 0.6643 -0.0039 -0.7475
vn 0.7279 -0.5863 -0.3556
vn 0.3478 -0.8809 -0.3211
vn 0.0025 0.5386 0.8426
vn 0.0021 0.9976 0.0685
vn -0.0074 0.5725 0.8199
vn -0.0013 0.5694 0.8221
vn -0.0251 -0.0026 0.9997
vn 0.0165 0.0442 0.9989
vn 0.0707 -0.9764 0.2041
vn -0.9092 -0.3537 -0.2199
vn 0.2707 0.0016 0.9627
vn 0.2612 0.0040 0.9653
vn 0.7831 0.0026 0.6219
vn 0.9943 -0.0002 0.1063
vn 0.0023 0.9935 -0.1136
vn 0.0613 0.9949 -0.0795
vn 0.0261 0.9925 -0.1194
vn -0.4328 -0.0127 -0.9014
vn -0.4435 -0.0001 -0.8963
vn -0.4444 0.0010 -0.8958
vn 0.0222 -0.9885 0.1493
vn 0.0007 -0.9894 0.1452
vn -0.0006 -0.5744 -0.8186
vn 0.0136 -0.9998 -0.0164
vn 1.0000 0.0016 -0.0011
vn 0.2175 -0.0023 0.9761
vn 1.0000 -0.0066 -0.0005
vn -0.0068 0.9958 -0.0911
vn 0.0538 0.9915 -0.1186
vn -0.4508 0.0085 -0.8926
vn 0.0029 0.0673 -0.9977
vn 0.0077 0.0815 -0.9966
vn -0.0066 0.0911 -0.9958
vn 0.0062 0.1106 -0.9939
vn -0.0018 0.9869 -0.1611
vn 0.0103 -0.9598 -0.2806
vn -0.0306 -0.9953 0.0915
vn 0.0052 -0.4267 0.9044
vn 0.0001 -0.4242 0.9056
vn 0.0008 -0.9978 0.0665
vn 1.0000 -0.0003 0.0020
vn 0.0250 0.0082 0.9997
vn 0.0816 0.0184 0.9965
vn 0.7780 0.0025 0.6282
vn 0.0064 -0.9936 0.1124
vn -0.0000 -0.9907 0.1359
vn 0.0048 -0.9594 -0.2820
vn 0.0215 -0.2734 0.9617
vn -0.0056 -0.3300 0.9440
vn 0.0116 -0.2843 0.9587
vn -0.0019 0.9941 -0.1083
vn -0.0021 0.9938 -0.1114
vn -0.2871 -0.7734 -0.5651
vn -0.0248 -0.5433 0.8392
vn 0.9965 -0.0008 0.0839
vn 0.8114 0.0100 0.5844
vn 0.0020 -0.9951 0.0988
vn 0.0036 -0.9974 0.0714
vn 0.5166 -0.0150 0.8561
vn 0.4769 -0.0020 0.8789
vn 0.5129 -0.0137 0.8583
vn 0.7851 -0.0054 0.6194
vn 0.0048 -0.9972 0.0749
vn 0.0126 -0.9573 0.2889
vn 0.4738 -0.0009 0.8806
vn 0.9789 0.0125 0.2039
vn 0.8584 -0.0267 0.5122
vn 0.0172 -0.3911 0.9202
vn -0.0019 -0.9912 0.1323
vn 0.9960 0.0099 0.0890
vn 0.0253 -0.8054 0.5922
vn 0.0272 -0.8028 0.5957
vn 0.0102 -0.8180 0.5751
vn -0.0011 -0.9576 0.2881
vn 0.0043 -0.9937 0.1122
vn 0.0306 -0.4131 0.9102
vn 0.8641 -0.0284 0.5025
vn 0.9812 0.0216 0.1919
vn 1.0000 -0.0022 0.0033
vn 0.0377 -0.9670 0.2519
vn 0.0555 -0.8279 0.5581
vn 0.0456 -0.8230 0.5662
vn 0.1178 -0.8379 0.5329
vn 0.2573 0.3018 0.9180
vn 0.0462 -0.9712 0.2339
vn 0.0044 -0.9890 0.1478
vn 0.4707 0.8528 -0.2261
vn 0.5840 0.8080 -0.0784
vn 0.5051 0.8432 -0.1843
vn -0.0079 0.9953 -0.0970
vn -0.0052 0.9831 -0.1831
vn 0.0038 -0.5911 -0.8066
vn -0.1259 0.0027 0.9920
vn -0.1191 0.0007 0.9929
vn -0.0556 0.0144 0.9983
vn 0.2443 -0.0050 0.9697
vn 1.0000 -0.0000 0.0083
vn -0.9997 0.0093 0.0247
vn -0.9907 0.0114 -0.1355
vn 0.6149 0.7880 -0.0318
vn -0.0388 0.9877 -0.1512
vn -0.0400 0.9881 -0.1483
vn -0.0289 0.9893 -0.1433
vn -0.0000 0.9936 -0.1131
vn -0.0012 -0.5848 -0.8112
vn -0.0395 -0.3977 -0.9167
vn -0.0422 -0.3833 -0.9226
vn -0.0425 -0.9895 0.1378
vn -0.1451 -0.9753 0.1667
vn -0.0012 0.0030 1.0000
vn -0.1248 0.0030 0.9922
vn -0.1163 -0.0004 0.9932
vn -0.2219 0.0129 0.9750
vn -0.1583 0.0159 0.9873
vn -0.1596 0.0158 0.9871
vn 0.0176 0.9900 -0.1402
vn -0.0019 -0.0047 1.0000
vn -0.0001 0.0131 0.9999
vn 0.0040 0.9855 -0.1697
vn -0.0024 -0.9857 0.1686
vn 0.0019 0.0078 1.0000
vn -0.0009 -0.0042 1.0000
vn 0.0040 -0.0073 1.0000
vn -0.0060 0.9853 -0.1706
vn 0.0267 0.9855 -0.1675
vn 0.0013 0.9739 -0.2268
vn -0.0062 -0.8693 0.4942
vn -0.0047 -0.8618 0.5072
vn -0.0593 -0.0003 0.9982
vn 0.2361 -0.0043 0.9717
vn 0.9985 0.0004 0.0548
vn 1.0000 0.0060 -0.0015
vn -0.0181 0.8788 -0.4769
vn -0.0326 0.8806 -0.4728
vn -0.0062 0.8721 -0.4893
vn 0.1158 0.9837 -0.1378
vn 0.1309 0.9703 -0.2034
vn -0.1056 -0.9826 0.1530
vn -0.0714 -0.4329 0.8986
vn -0.4834 0.0132 0.8753
vn -0.3760 0.0185 0.9264
vn -0.7834 -0.6202 -0.0408
vn -0.0153 0.8701 -0.4927
vn -0.1693 -0.2379 -0.9564
vn 0.0033 0.9862 -0.1658
vn 0.2543 0.9260 -0.2791
vn -0.0150 -0.9884 0.1513
vn -0.0112 -0.9935 0.1132
vn -0.1267 -0.0009 0.9919
vn -0.1246 -0.0009 0.9922
vn -0.9808 0.0033 -0.1950
vn -0.9413 0.0286 -0.3364
vn 0.0068 0.0327 0.9994
vn -0.0138 0.0005 0.9999
vn -0.0140 0.0012 0.9999
vn -0.0272 -0.0043 0.9996
vn 0.0293 0.0032 0.9996
vn 0.3204 -0.7473 0.5822
vn 0.0046 -0.9621 0.2727
vn 0.3610 0.0163 -0.9324
vn 0.5801 -0.5316 -0.6171
vn 0.0007 0.9979 0.0641
vn 0.0004 0.9977 0.0676
vn 0.0002 0.9979 0.0655
vn -0.0058 0.9970 0.0771
vn -0.2347 0.9695 0.0705
vn -0.9084 0.4180 0.0033
vn -0.8149 0.0499 0.5774
vn -0.0097 0.0190 0.9998
vn 0.0099 -0.0316 0.9995
vn -0.0006 0.9792 0.2031
vn -0.9998 0.0066 0.0176
vn -0.7831 0.6216 0.0174
vn -0.7679 0.6395 0.0371
vn -0.8034 0.0693 0.5915
vn -0.4790 0.8765 0.0477
vn 0.0540 0.6424 0.7645
vn 0.0444 0.6292 0.7759
vn -0.0033 0.9436 0.3310
vn -0.2243 0.1457 0.9636
vn -0.0171 0.4011 0.9159
vn -0.0091 0.3978 0.9174
vn -0.0027 0.3951 0.9187
vn 0.0025 0.9364 0.3508
vn -0.9525 0.3045 0.0038
vn -0.9475 0.3195 -0.0110
vn 0.0231 0.9301 0.3665
vn -0.1521 0.9847 0.0851
vn -0.8721 0.4396 0.2150
vn -0.8325 0.5031 0.2321
vn -0.8026 0.5827 0.1279
vn -0.0330 0.8759 0.4814
vn -0.3883 0.9187 0.0724
vn -0.3916 0.2069 0.8966
vn 0.0318 0.9327 0.3592
vn -0.7466 0.6223 0.2353
vn -0.7324 0.6603 0.1663
vn -0.4023 0.9008 0.1633
vn -0.4535 0.8820 0.1284
vn 0.0054 0.3916 0.9201
vn -0.4558 0.3070 0.8354
vn -0.0535 0.6870 0.7247
vn -0.0450 0.1068 0.9933
vn -0.4197 0.3157 0.8510
vn -0.6609 0.6655 0.3468
vn -0.4781 0.8501 0.2209
vn -0.6051 0.5970 0.5267
vn -0.4166 0.4290 0.8015
vn 0.2925 0.5890 0.7533
vn -0.4566 0.4803 0.7489
vn -0.6541 0.6307 0.4175
vn -0.4454 0.5401 0.7141
vn 0.5322 -0.5521 -0.6418
vn -0.0004 0.9979 0.0647
vn 0.0305 0.5744 0.8180
vn 0.0573 0.5352 0.8428
vn -0.0010 0.0009 1.0000
vn 0.7526 0.0051 0.6584
vn 0.0026 0.9860 -0.1669
vn -0.1552 -0.9414 0.2995
vn 0.0136 -0.9143 0.4049
vn -0.0138 0.3941 -0.9189
vn -0.0059 0.4367 -0.8996
vn -0.0021 0.4309 -0.9024
vn 0.9645 0.0036 -0.2640
vn 0.9816 -0.0004 -0.1911
vn 0.7583 0.1482 0.6348
vn 0.4708 -0.5585 -0.6829
vn -0.4391 0.6387 0.6318
vn -0.0000 -0.9977 -0.0673
vn 0.0012 0.9973 0.0732
vn -0.0176 0.7446 0.6672
vn -0.0008 0.3649 0.9310
vn 0.0052 0.0234 0.9997
vn 0.0050 -0.0009 1.0000
vn -0.1115 0.0031 0.9938
vn 0.3397 0.0016 0.9406
vn -1.0000 0.0028 0.0066
vn -0.9906 0.0036 -0.1367
vn -0.0220 0.8593 -0.5111
vn -0.0198 0.8584 -0.5126
vn -0.0194 0.7997 -0.6000
vn 0.0839 0.7980 -0.5968
vn 0.0049 0.8563 -0.5165
vn -0.0086 0.0004 1.0000
vn -0.0174 0.0118 0.9998
vn 0.0217 -0.9576 0.2873
vn 0.0254 -0.9551 0.2952
vn -0.0243 0.9512 -0.3076
vn -0.0246 0.9696 -0.2434
vn -0.1803 0.9646 -0.1924
vn 0.0121 0.1637 -0.9864
vn 0.0130 0.4094 -0.9123
vn 0.5921 -0.5693 -0.5704
vn 0.5903 -0.5702 -0.5713
vn 0.5959 -0.5471 -0.5879
vn 0.0180 -0.9764 -0.2151
vn 0.0012 -0.9948 -0.1020
vn 0.0001 -1.0000 -0.0052
vn 0.0012 0.9944 0.1056
vn -0.0186 -0.0044 0.9998
vn 0.7439 -0.0057 0.6683
vn -1.0000 -0.0013 0.0038
vn -0.0163 0.8554 -0.5177
vn -0.1113 -0.4144 0.9033
vn -0.0100 0.0407 0.9991
vn -0.0321 -0.0008 0.9995
vn -0.0315 -0.0020 0.9995
vn 0.3358 -0.6384 0.6926
vn -0.0373 0.9760 0.2147
vn 0.0614 0.8166 -0.5740
vn -0.1026 0.9445 -0.3120
vn -0.0983 0.9517 -0.2908
vn -0.0007 0.6579 -0.7531
vn 0.9999 -0.0001 -0.0131
vn 0.5989 -0.4827 -0.6390
vn 0.0010 0.9978 -0.0657
vn 0.0026 0.1104 0.9939
vn -0.4847 0.0132 0.8746
vn -0.9856 -0.0022 -0.1692
vn -0.0002 0.7443 -0.6678
vn -0.0013 0.7592 -0.6508
vn 0.1124 -0.8528 0.5101
vn 0.0828 -0.8956 0.4371
vn 0.0824 -0.8958 0.4368
vn 0.0204 0.9832 -0.1812
vn -0.0511 0.8463 -0.5302
vn -0.0052 0.8361 -0.5485
vn 0.7131 0.0018 -0.7010
vn 0.6908 -0.0050 -0.7231
vn 0.9935 0.0023 -0.1134
vn 0.9859 -0.0005 -0.1674
vn 0.0727 -0.8617 -0.5022
vn 0.0368 -0.8809 -0.4719
vn 0.0872 -0.8505 -0.5187
vn 0.0025 -0.9966 -0.0825
vn -0.0009 -0.9977 -0.0685
vn -0.0003 0.0205 0.9998
vn -0.8072 -0.0083 -0.5902
vn -0.8112 0.0061 -0.5848
vn -0.8025 -0.0244 -0.5961
vn 0.2752 0.9149 -0.2955
vn -0.0097 0.9581 -0.2863
vn 0.0049 0.9667 -0.2559
vn -0.0035 0.9406 -0.3395
vn -0.0030 -0.9366 0.3504
vn -0.0028 -0.9573 0.2892
vn -0.0024 -0.9550 0.2967
vn 0.0017 -0.9640 0.2658
vn 0.0080 -0.9482 0.3176
vn -0.0075 0.9904 -0.1382
vn -0.0096 -0.9611 0.2761
vn 0.0117 0.9972 -0.0737
vn -0.0672 -0.9796 0.1894
vn -0.0162 -0.9622 0.2718
vn -0.0330 -0.8763 0.4807
vn 0.0325 0.9647 -0.2613
vn -0.0150 0.9892 -0.1459
vn 0.0418 0.9608 -0.2739
vn 0.0099 0.9622 -0.2721
vn -0.0117 -0.9732 0.2298
vn -0.0559 -0.9441 0.3250
vn 0.0146 0.9716 -0.2364
vn -0.0075 0.0050 1.0000
vn -0.0158 -0.0368 0.9992
vn -0.0310 -0.0025 0.9995
vn 0.0304 -0.0206 0.9993
vn 0.1091 -0.8834 0.4557
vn 0.1701 -0.8955 0.4113
vn 0.2050 -0.9776 -0.0466
vn 0.0992 -0.9720 0.2132
vn 0.1033 -0.9412 0.3216
vn 0.1057 -0.9178 0.3827
vn 0.1017 -0.9174 0.3847
vn 0.0620 -0.9635 0.2604
vn 0.0800 -0.9636 0.2550
vn 0.0491 -0.9476 0.3158
vn 0.0374 -0.9601 0.2771
vn 0.0391 -0.9553 0.2929
vn -0.0863 -0.5092 -0.8563
vn -0.1867 0.9151 -0.3573
vn 0.0582 0.9881 -0.1425
vn 0.0019 0.9705 -0.2411
vn -0.0480 0.9900 0.1325
vn -0.3968 0.6905 -0.6048
vn -0.0317 0.9552 -0.2942
vn -0.0890 0.9878 -0.1279
vn -0.0357 0.9585 -0.2829
vn -0.0945 0.9893 -0.1110
vn -0.0743 0.9340 -0.3496
vn -0.0870 0.8939 -0.4396
vn -0.0148 0.1374 -0.9904
vn 0.9956 -0.0037 -0.0935
vn 0.9335 -0.0477 -0.3553
vn 0.7100 -0.0045 -0.7042
vn 0.7175 -0.0106 -0.6964
vn 0.7161 -0.0099 -0.6979
vn 0.5989 -0.4724 -0.6466
vn 0.0633 -0.5293 -0.8460
vn 0.0802 -0.5815 -0.8096
vn 0.0868 -0.5710 -0.8163
vn 0.0001 -0.9972 -0.0750
vn -0.0023 -0.9983 0.0584
vn 0.0257 0.9997 -0.0033
vn 0.0044 0.8970 0.4421
vn 0.0051 0.8953 0.4455
vn -0.0113 0.8940 0.4478
vn 0.0117 0.8769 0.4805
vn -0.0091 0.6389 0.7692
vn -0.0338 0.6852 0.7276
vn 0.9992 0.0268 -0.0312
vn -0.0144 0.5497 -0.8352
vn 0.0111 0.4473 -0.8943
vn -0.0108 0.5380 -0.8429
vn 0.0246 0.9787 -0.2040
vn -0.0009 -0.9765 0.2156
vn 0.0038 0.7026 -0.7116
vn 0.0019 0.9619 -0.2733
vn 0.0046 0.9697 -0.2443
vn -0.0052 -0.8742 0.4855
vn -0.0038 -0.9660 0.2585
vn -0.0031 0.9464 -0.3230
vn 0.0021 0.9582 -0.2860
vn -0.0205 0.9426 -0.3334
vn 0.0705 -0.8607 0.5042
vn 0.0065 -0.9674 0.2532
vn -0.0645 -0.8365 -0.5441
vn 0.0236 -0.9386 0.3443
vn 0.1632 0.9221 0.3508
vn 0.0579 -0.9449 0.3223
vn -0.0101 0.9191 -0.3939
vn -0.0121 0.9169 -0.3989
vn -0.0386 0.9334 -0.3568
vn -0.0449 0.9528 -0.3004
vn -0.0322 0.9687 0.2460
vn -0.0070 0.8585 -0.5127
vn -0.0253 0.9283 -0.3711
vn -0.0242 0.8916 -0.4521
vn 0.0983 -0.9522 0.2891
vn 0.1277 -0.9651 0.2286
vn 0.0667 -0.9484 0.3100
vn -0.4794 0.1205 -0.8693
vn -0.0922 0.9770 -0.1922
vn -0.0899 0.9757 -0.1998
vn -0.0629 0.3508 -0.9344
vn -0.0493 0.8542 -0.5177
vn 0.1025 -0.9229 0.3712
vn 0.0802 -0.9264 0.3680
vn 0.1410 0.9547 0.2619
vn -0.1557 0.9492 -0.2736
vn -0.0518 0.9121 -0.4068
vn -0.0946 0.9145 -0.3933
vn -0.0799 0.9143 -0.3971
vn -0.0904 0.9935 -0.0686
vn 0.0933 -0.9841 0.1514
vn 0.0001 -0.9975 -0.0707
vn 0.0410 0.9652 0.2582
vn -0.0006 0.9877 0.1561
vn -0.0021 0.6733 0.7394
vn -0.0058 0.5476 0.8367
vn 0.7553 -0.0127 0.6552
vn 0.9999 -0.0024 0.0171
vn 0.1310 0.7623 -0.6338
vn 0.0982 0.9629 -0.2515
vn 0.0384 0.9726 -0.2295
vn 0.0377 0.8536 -0.5195
vn -0.0230 -0.9749 0.2213
vn -0.0669 -0.9497 0.3058
vn -0.0015 0.0239 0.9997
vn -0.0289 0.0015 0.9996
vn 0.0914 -0.3731 0.9233
vn 0.0975 -0.1599 0.9823
vn 0.0839 -0.7222 0.6866
vn 0.0958 -0.7469 0.6580
vn 0.0805 -0.7581 0.6472
vn 0.1029 -0.8046 0.5849
vn 0.1442 -0.8827 0.4472
vn -0.0311 -0.7969 0.6033
vn -0.1430 -0.7640 0.6291
vn 0.0830 -0.8432 0.5311
vn 0.1360 -0.8269 0.5456
vn -0.0512 0.8480 -0.5276
vn -0.1424 0.7992 -0.5840
vn -0.1222 0.8110 -0.5721
vn 0.1178 -0.8500 0.5134
vn 0.1366 -0.7982 0.5867
vn 0.0999 -0.8947 0.4353
vn 0.0685 -0.8989 0.4328
vn 0.1291 -0.9023 0.4113
vn -0.1446 0.9496 -0.2781
vn -0.7339 0.3290 -0.5942
vn -0.0823 0.9297 -0.3591
vn -0.0799 0.9291 -0.3611
vn -0.2408 0.9263 0.2898
vn -0.0246 0.2402 -0.9704
vn 0.3859 -0.2430 -0.8900
vn 0.3628 -0.2637 -0.8938
vn 0.1843 -0.1776 -0.9667
vn 0.1637 -0.2848 -0.9445
vn 0.0172 -0.4856 -0.8740
vn -0.0000 -0.8425 -0.5387
vn 0.0069 -0.9747 -0.2234
vn 0.0127 -0.9999 0.0102
vn -0.0012 -0.9995 -0.0322
vn -0.0260 0.8901 0.4550
vn 0.0007 0.0084 1.0000
vn -0.0034 -0.0034 1.0000
vn 0.7917 0.0045 0.6109
vn 0.2514 0.6677 -0.7007
vn 0.0497 0.9692 -0.2412
vn -0.0214 0.9967 -0.0781
vn -0.0266 -0.9894 0.1430
vn 0.3138 -0.9038 0.2910
vn 0.1039 0.1739 0.9793
vn 0.0566 -0.8308 0.5537
vn 0.0903 -0.8179 0.5682
vn 0.0512 -0.8264 0.5607
vn 0.0563 -0.8534 0.5183
vn 0.0642 -0.8732 0.4831
vn 0.0578 -0.8921 0.4481
vn 0.1505 0.9431 0.2966
vn 0.1545 0.9368 0.3138
vn 0.1547 0.9365 0.3146
vn -0.1695 0.9244 -0.3418
vn 0.0528 -0.0211 -0.9984
vn 0.0068 0.8368 -0.5474
vn 0.0330 0.8433 -0.5364
vn 0.0136 0.8243 -0.5660
vn -0.0501 0.7526 -0.6566
vn -0.0610 0.7388 -0.6711
vn 0.0289 -0.1190 -0.9925
vn -0.0338 0.8866 0.4614
vn 0.0247 0.0246 0.9994
vn -0.0131 -0.0033 0.9999
vn -0.4191 0.0225 0.9077
vn 0.0043 0.7337 -0.6795
vn 0.0012 0.3812 -0.9245
vn 0.0008 0.4075 -0.9132
vn 0.0063 0.3941 -0.9190
vn -0.0152 -0.9822 0.1872
vn -0.0702 -0.9184 0.3894
vn -0.0348 -0.9762 0.2143
vn 0.0789 0.9791 -0.1876
vn 0.0893 0.9909 -0.1011
vn -0.0954 -0.9609 0.2598
vn -0.1174 -0.9675 0.2239
vn -0.0482 -0.9464 0.3193
vn -0.0414 -0.9398 0.3392
vn 0.0694 0.9358 -0.3455
vn -0.1472 -0.6821 -0.7163
vn 0.0540 0.8772 -0.4771
vn 0.1095 0.9151 -0.3881
vn 0.0171 0.8107 -0.5852
vn -0.0594 -0.9332 0.3543
vn -0.0832 -0.9360 0.3420
vn -0.4581 -0.3821 0.8026
vn 0.0804 0.9323 -0.3525
vn 0.0648 0.9294 -0.3634
vn 0.0684 0.9546 -0.2899
vn 0.0748 0.9207 -0.3831
vn 0.3599 0.8924 -0.2722
vn 0.0407 0.9438 -0.3280
vn -0.0475 -0.8941 0.4453
vn -0.0298 -0.8769 0.4797
vn -0.0721 -0.9224 0.3793
vn -0.0757 -0.9128 0.4012
vn -0.0629 -0.9226 0.3806
vn -0.1123 -0.9409 0.3194
vn -0.2729 -0.8945 0.3540
vn -0.0004 0.0592 0.9982
vn 0.0624 0.0279 0.9977
vn 0.0295 0.0679 0.9973
vn 0.0609 -0.8387 0.5412
vn 0.0521 -0.8400 0.5401
vn -0.0386 -0.8122 0.5821
vn -0.0736 -0.8030 0.5914
vn 0.1108 -0.9934 -0.0290
vn 0.0935 -0.9197 0.3813
vn 0.1507 0.9434 0.2953
vn 0.0120 -0.9458 -0.3246
vn -0.1635 0.9594 -0.2300
vn -0.0614 0.9223 -0.3815
vn -0.0939 0.9222 -0.3750
vn -0.0821 0.9282 -0.3629
vn -0.0736 0.9066 -0.4156
vn -0.0783 0.8967 -0.4356
vn -0.0829 0.8998 -0.4284
vn -0.0854 0.8754 -0.4759
vn -0.0070 0.9508 -0.3099
vn 0.1636 -0.7278 -0.6660
vn 0.0080 -0.5559 0.8312
vn 0.0124 -0.3703 0.9288
vn -0.0259 -0.2993 0.9538
vn -0.0102 -0.2964 0.9550
vn 0.2026 0.3873 -0.8994
vn -0.1321 -0.4022 0.9060
vn -0.0760 -0.4634 0.8829
vn -0.0683 -0.4714 0.8793
vn -0.0180 -0.5223 0.8526
vn -0.0195 0.4341 -0.9007
vn -0.0217 0.4466 -0.8945
vn -0.0222 0.4483 -0.8936
vn -0.0453 0.5597 -0.8275
vn -0.0465 0.5488 -0.8347
vn -0.0049 0.0907 0.9959
vn 0.0050 0.0279 0.9996
vn -0.0579 -0.0340 0.9977
vn 0.9937 0.0025 0.1116
vn -0.2507 0.0005 -0.9681
vn -0.3777 0.0370 -0.9252
vn -0.2135 0.0192 -0.9768
vn 0.0754 0.3336 -0.9397
vn 0.0374 0.3665 -0.9297
vn 0.0982 0.9436 -0.3162
vn 0.0805 0.9196 -0.3846
vn 0.0536 0.9112 -0.4085
vn -0.1088 -0.9198 0.3771
vn 0.0746 -0.7838 0.6165
vn -0.0424 0.6486 -0.7600
vn 0.0964 -0.7827 0.6149
vn 0.0525 -0.8384 0.5425
vn 0.0597 -0.8817 0.4681
vn -0.0629 0.8598 -0.5067
vn -0.0621 0.8657 -0.4968
vn -0.0360 0.8715 -0.4891
vn -0.0838 0.8453 -0.5277
vn -0.0294 0.9366 -0.3491
vn -0.0894 0.8816 -0.4634
vn 0.0324 -0.9418 0.3345
vn 0.4560 0.8432 0.2847
vn 0.1092 -0.8642 0.4912
vn -0.4730 0.7295 -0.4942
vn -0.0887 -0.9835 -0.1574
vn -0.1912 0.9330 -0.3048
vn -0.2892 0.8108 -0.5090
vn -0.3230 0.8233 -0.4667
vn -0.3263 0.8195 -0.4712
vn -0.0951 0.2357 -0.9671
vn 0.9491 0.0029 -0.3149
vn 0.3114 -0.1185 -0.9429
vn -0.0138 -0.8677 -0.4969
vn -0.0140 -0.8767 -0.4808
vn 0.0208 -0.9909 -0.1331
vn -0.0000 -0.9978 -0.0668
vn 0.0037 0.9974 0.0717
vn -0.0002 0.5817 0.8134
vn -0.9982 -0.0021 -0.0591
vn 0.0003 0.3770 -0.9262
vn -0.1376 -0.9151 0.3792
vn -0.1041 -0.9459 0.3074
vn -0.5784 -0.4895 0.6526
vn -0.0040 0.0368 0.9993
vn 0.0242 0.0871 0.9959
vn -0.1332 0.8543 -0.5025
vn -0.1519 0.8424 -0.5170
vn -0.1051 0.8257 -0.5542
vn -0.2376 -0.5445 -0.8044
vn -0.0211 0.8509 -0.5249
vn -0.1532 0.8737 -0.4618
vn 0.1162 -0.7544 0.6460
vn -0.0172 0.8436 -0.5366
vn -0.0492 0.8585 -0.5104
vn 0.4244 -0.0059 -0.9054
vn 0.4024 0.0050 -0.9155
vn 0.0054 -0.8980 -0.4399
vn 0.0065 -0.9991 0.0426
vn -0.0013 -0.3286 0.9445
vn -0.0000 0.9978 -0.0663
vn -0.0029 0.9960 -0.0895
vn -0.0038 0.9963 -0.0863
vn 0.0080 0.9976 -0.0681
vn 0.0037 0.9966 -0.0828
vn -0.0015 0.9958 -0.0913
vn -0.4547 0.8900 -0.0339
vn -0.0014 -0.8660 -0.5000
vn 0.0032 -0.9993 -0.0368
vn 0.8531 -0.0184 0.5214
vn -0.0018 0.4089 -0.9126
vn 0.0012 0.3840 -0.9233
vn 0.0536 0.9133 -0.4038
vn 0.0408 0.9069 -0.4193
vn 0.0707 0.9018 -0.4263
vn 0.0837 0.9098 -0.4064
vn 0.0944 0.8779 -0.4694
vn 0.0920 0.8612 -0.4999
vn 0.0376 0.8567 -0.5144
vn -0.0459 -0.8887 0.4563
vn 0.7694 -0.6073 0.1980
vn -0.0749 -0.9236 0.3761
vn -0.0813 -0.9382 0.3364
vn -0.0470 -0.9207 0.3874
vn -0.1951 -0.7873 0.5848
vn -0.0770 -0.7515 0.6552
vn -0.1428 -0.7730 0.6181
vn -0.0077 -0.7234 0.6904
vn 0.1201 0.8813 -0.4570
vn -0.1644 -0.8399 0.5173
vn 0.1105 -0.4694 0.8760
vn 0.0650 -0.4599 0.8856
vn 0.0184 -0.2989 0.9541
vn 0.0499 -0.8732 0.4848
vn 0.0502 -0.9031 0.4265
vn 0.0501 -0.9235 0.3802
vn -0.0653 0.9212 -0.3837
vn 0.0523 -0.8684 0.4931
vn 0.0514 -0.9070 0.4179
vn 0.0546 -0.9276 0.3695
vn -0.0182 0.9933 0.1138
vn -0.0501 0.9041 -0.4245
vn 0.0420 -0.9786 0.2013
vn 0.0510 -0.9351 0.3506
vn -0.0540 0.9353 -0.3496
vn -0.0624 0.9090 -0.4121
vn 0.0087 0.9084 -0.4179
vn -0.0601 0.8282 -0.5572
vn -0.0278 0.8703 -0.4918
vn 0.0023 -0.9390 0.3439
vn -0.0037 0.9163 -0.4004
vn -0.0045 0.9125 -0.4090
vn 0.0002 0.8417 -0.5400
vn 0.0014 -0.9396 0.3424
vn -0.0045 0.9306 -0.3661
vn 0.0025 -0.9641 0.2655
vn 0.0034 -0.9654 0.2609
vn 0.0352 -0.9952 0.0908
vn 0.1042 -0.0707 0.9920
vn 0.0371 -0.9960 0.0807
vn 0.0035 -0.9260 0.3776
vn -0.0036 -0.9381 0.3464
vn 0.0024 -0.9276 0.3735
vn 0.0018 0.9397 -0.3419
vn -0.0120 -0.9537 0.3004
vn 0.0078 -0.9413 0.3375
vn -0.0007 0.8381 -0.5455
vn -0.0064 -0.9246 0.3809
vn -0.0095 -0.9165 0.3999
vn -0.0045 0.9499 -0.3125
vn -0.0016 0.8892 -0.4574
vn 0.0119 0.8407 -0.5414
vn 0.0043 0.8948 -0.4465
vn -0.0097 -0.8938 0.4483
vn -0.0004 -0.8887 0.4586
vn 0.0028 -0.8833 0.4688
vn -0.0101 0.9299 -0.3677
vn 0.2736 -0.2559 -0.9272
vn 0.0034 0.9346 -0.3556
vn 0.0067 0.9216 -0.3882
vn 0.0203 0.8036 -0.5948
vn 0.0005 0.9082 -0.4184
vn 0.0173 -0.7271 -0.6864
vn -0.0036 -0.9380 0.3465
vn -0.0022 -0.6287 0.7777
vn -0.0012 -0.9344 0.3563
vn -0.0043 0.9332 -0.3594
vn -0.0072 0.9951 -0.0981
vn -0.0082 -0.9632 0.2687
vn -0.0066 -0.8975 0.4409
vn 0.0157 0.9327 -0.3602
vn -0.0384 -0.9578 0.2847
vn 0.2744 -0.9530 0.1285
vn -0.0731 -0.9593 0.2727
vn 0.0583 0.8197 -0.5698
vn 0.0329 0.9702 -0.2399
vn 0.0256 0.9414 -0.3363
vn -0.0583 -0.9782 0.1993
vn -0.0523 -0.9721 0.2285
vn -0.1158 -0.9730 0.1999
vn -0.0258 -0.9753 0.2192
vn -0.2888 -0.3069 0.9068
vn -0.1413 -0.3213 -0.9364
vn 0.0753 0.9485 -0.3078
vn -0.2311 0.9698 -0.0779
vn -0.0371 -0.9660 0.2560
vn 0.0388 0.9607 -0.2750
vn 0.3842 0.7193 0.5787
vn -0.0516 0.9678 -0.2463
vn 0.0263 0.9710 -0.2375
vn 0.0718 0.9621 -0.2630
vn 0.0329 -0.9859 -0.1640
vn -0.9348 -0.2475 0.2548
vn 0.0466 0.9484 -0.3137
vn 0.0384 0.9828 -0.1808
vn 0.0195 0.9526 -0.3036
vn 0.0264 0.9315 -0.3629
vn 0.0335 0.9597 -0.2790
vn 0.0983 0.9274 -0.3609
vn -0.5382 -0.5695 0.6214
vn 0.0022 -0.9607 0.2774
vn 0.0319 0.9698 -0.2419
vn 0.0443 0.9252 -0.3769
vn 0.0475 0.9334 -0.3557
vn -0.0165 -0.8608 0.5087
vn -0.0143 -0.9632 0.2686
vn -0.0277 -0.9563 0.2910
vn -0.0174 -0.9442 0.3289
vn -0.0338 -0.9443 0.3274
vn -0.0273 -0.9342 0.3558
vn 0.0417 0.9235 -0.3812
vn -0.0695 -0.8487 0.5243
vn 0.0458 0.9542 -0.2956
vn -0.2099 0.0814 -0.9743
vn 0.0423 0.9401 -0.3384
vn -0.0217 -0.9411 0.3375
vn -0.0212 -0.9287 0.3701
vn -0.1210 -0.9899 0.0736
vn 0.1301 0.7091 -0.6930
vn 0.0411 0.9216 -0.3860
vn 0.0811 0.7456 -0.6614
vn -0.0337 -0.8654 0.5000
vn 0.0380 0.8630 -0.5037
vn 0.0452 0.8355 -0.5477
vn -0.0094 -0.8737 0.4863
vn -0.0486 -0.8343 0.5491
vn -0.0798 -0.8297 0.5525
vn -0.0451 -0.8921 0.4497
vn -0.1157 -0.8591 0.4986
vn -0.1476 -0.9052 0.3984
vn -0.0675 0.9903 -0.1211
vn -0.0606 -0.8057 0.5893
vn 0.2250 -0.8627 0.4529
vn -0.1437 -0.8984 0.4149
vn -0.1151 -0.8899 0.4414
vn -0.1114 -0.8847 0.4526
vn -0.0861 -0.8925 0.4427
vn 0.0039 0.0126 0.9999
vn 0.4162 -0.0576 -0.9074
vn -0.0558 0.8397 -0.5402
vn 0.0183 -0.8741 0.4854
vn -0.1530 0.8301 -0.5362
vn 0.0730 -0.8899 0.4503
vn -0.2371 0.8160 -0.5272
vn 0.1299 0.5751 -0.8077
vn 0.9621 -0.0006 -0.2725
vn 0.2664 -0.0744 -0.9610
vn 0.0145 -0.9254 -0.3786
vn -0.0001 0.6498 0.7601
vn 0.0010 0.9975 0.0705
vn -0.0079 -0.0208 0.9998
vn 0.3623 0.0092 0.9320
vn 0.1942 0.8825 -0.4284
vn 0.0551 0.9090 -0.4132
vn -0.2552 -0.9214 0.2932
vn -0.1096 -0.8950 0.4323
vn -0.0302 0.0663 0.9973
vn 0.0468 -0.7312 0.6805
vn 0.0362 -0.7335 0.6787
vn 0.0202 -0.7430 0.6690
vn -0.0316 0.8599 -0.5094
vn -0.0268 0.7818 -0.6229
vn -0.0192 0.7738 -0.6332
vn -0.0989 0.8280 -0.5519
vn 0.1464 0.3255 -0.9342
vn -0.7468 0.4513 -0.4884
vn 0.0138 0.8754 -0.4833
vn -0.0204 0.0003 -0.9998
vn 0.0011 0.9978 -0.0666
vn 0.0044 0.0054 1.0000
vn 0.9054 -0.0012 0.4246
vn 0.9945 0.0024 0.1047
vn 0.9941 0.0197 0.1062
vn 0.9855 -0.0158 0.1688
vn -1.0000 -0.0004 0.0067
vn -0.9999 -0.0050 0.0149
vn -0.9988 0.0010 -0.0491
vn 0.1602 0.9400 -0.3013
vn 0.2394 0.9468 -0.2150
vn 0.2738 0.9454 -0.1768
vn -0.2271 -0.9300 0.2889
vn 0.0517 -0.7801 0.6235
vn -0.3622 0.5236 -0.7711
vn 0.6449 0.0030 -0.7642
vn -0.0028 -0.4357 -0.9001
vn 0.0057 -0.4746 -0.8802
vn -0.0004 -0.9974 -0.0726
vn 0.0010 0.9978 0.0659
vn 0.0008 0.5994 0.8004
vn 0.0026 0.6294 0.7771
vn -0.8152 0.0217 -0.5787
vn 0.0190 -0.9667 -0.2551
vn -0.0309 0.0682 0.9972
vn -0.0035 -0.4488 0.8937
vn 0.0180 -0.7337 0.6793
vn 0.0129 -0.7287 0.6848
vn 0.0099 -0.7160 0.6980
vn 0.0130 -0.7431 0.6690
vn 0.0851 -0.7693 0.6332
vn -0.0275 0.7776 -0.6282
vn -0.0130 0.7904 -0.6125
vn -0.0872 0.8125 -0.5763
vn 0.1312 0.9722 -0.1938
vn -0.0986 0.8247 -0.5569
vn -0.0670 0.1497 -0.9865
vn -0.0021 0.1050 -0.9945
vn -0.0001 0.0031 -1.0000
vn 0.2952 -0.0031 -0.9554
vn 0.6250 -0.0042 -0.7806
vn 0.9628 -0.0007 -0.2703
vn 0.9733 0.0049 -0.2293
vn 0.7490 0.0007 -0.6626
vn 0.0537 -0.9985 0.0119
vn 0.0013 0.9968 0.0797
vn -0.0001 0.9924 0.1231
vn 0.0174 0.9815 0.1909
vn 0.3908 -0.0272 0.9201
vn -0.0000 0.0054 -1.0000
vn 0.0047 0.0304 -0.9995
vn 0.0027 0.0139 -0.9999
vn 0.1185 0.8838 -0.4527
vn 0.0989 0.8940 -0.4369
vn 0.1691 0.9854 0.0217
vn 0.0891 0.8768 -0.4724
vn 0.1136 0.8817 -0.4579
vn 0.2858 -0.9000 0.3291
vn -0.1060 -0.8405 0.5314
vn -0.1234 -0.7732 0.6220
vn 0.0051 0.0926 0.9957
vn -0.0952 0.2372 -0.9668
vn 0.7556 -0.0016 -0.6550
vn -0.0087 -0.5090 -0.8607
vn 0.0815 -0.9550 -0.2853
vn -0.0015 0.6230 0.7823
vn -0.0002 0.6270 0.7790
vn 0.0150 0.0075 0.9999
vn 1.0000 0.0004 0.0044
vn 0.0094 0.0242 -0.9997
vn 0.1212 0.3017 -0.9457
vn 0.3054 0.6470 -0.6987
vn 0.2022 0.7122 -0.6722
vn 0.1227 0.8851 -0.4489
vn 0.1395 0.0756 -0.9873
vn 0.0193 0.7374 -0.6751
vn -0.0906 -0.7967 0.5976
vn -0.1157 -0.8118 0.5724
vn -0.0986 -0.3706 0.9236
vn -0.0412 0.9266 -0.3739
vn -0.0418 0.9280 -0.3702
vn -0.0043 0.8118 -0.5840
vn 0.0038 0.7611 -0.6486
vn 0.9561 -0.0018 -0.2930
vn 0.9757 0.0034 -0.2191
vn 0.0790 -0.9858 -0.1481
vn 0.0029 -0.9993 0.0367
vn -0.0007 -0.9977 -0.0681
vn -0.1139 0.0024 0.9935
vn -0.9997 0.0076 0.0216
vn -0.9891 -0.0080 -0.1473
vn -0.9397 -0.0142 -0.3418
vn 0.3222 0.6557 -0.6828
vn -0.1014 -0.8886 0.4474
vn -0.2558 -0.7047 0.6618
vn -0.2950 -0.7104 0.6390
vn -0.2153 -0.7136 0.6667
vn -0.0120 0.0074 0.9999
vn 0.0014 -0.1054 0.9944
vn 0.0024 -0.5334 -0.8458
vn 0.0008 0.9977 -0.0682
vn -0.0028 0.9795 0.2012
vn -0.9927 -0.0016 -0.1210
vn -0.1600 -0.7783 0.6071
vn -0.0133 0.0842 0.9964
vn 0.0056 -0.2839 0.9588
vn 0.0134 -0.7382 0.6744
vn 0.9757 0.0040 -0.2191
vn 0.3627 0.0041 -0.9319
vn 0.0010 -0.0106 -0.9999
vn -0.0027 0.9782 0.2075
vn -0.0112 0.9381 0.3462
vn -0.0040 0.5651 0.8250
vn 0.5112 0.0059 0.8595
vn -0.9387 0.0070 -0.3446
vn -0.0931 0.9392 0.3305
vn -0.8620 0.0361 0.5056
vn 0.1658 0.6945 -0.7001
vn 0.1662 0.6896 -0.7049
vn 0.1656 0.6969 -0.6978
vn 0.0073 -0.9960 0.0891
vn -0.0467 -0.2064 0.9773
vn -0.0992 0.3849 -0.9176
vn 0.0343 -0.9992 0.0195
vn 0.0016 0.9970 0.0769
vn -0.0099 0.9766 0.2147
vn -0.0064 0.9446 0.3280
vn -0.0320 -0.0274 0.9991
vn -0.1015 -0.0073 0.9948
vn 0.2465 -0.0042 0.9691
vn -0.9571 0.0065 -0.2898
vn 0.1729 0.5574 -0.8120
vn -0.0438 -0.8101 0.5846
vn -0.0028 0.8124 -0.5830
vn 0.0042 0.8059 -0.5921
vn 0.6439 0.0056 -0.7651
vn 0.6412 -0.0052 -0.7673
vn 0.6694 -0.0009 -0.7429
vn 0.0076 -0.9995 -0.0299
vn 0.0006 0.0068 1.0000
vn -0.0966 -0.0088 0.9953
vn 0.9995 0.0027 0.0327
vn 1.0000 0.0021 0.0036
vn -0.9999 0.0046 0.0121
vn -0.1017 0.0028 -0.9948
vn -0.0009 0.0023 -1.0000
vn 0.0012 0.8873 0.4613
vn 0.1061 0.8507 -0.5149
vn 0.0724 0.8487 -0.5239
vn 0.0521 0.8354 -0.5472
vn 0.0606 0.8974 -0.4370
vn 0.0899 0.9431 -0.3201
vn -0.5874 0.6566 0.4731
vn -0.0225 -0.7995 0.6002
vn -0.0106 -0.6496 0.7602
vn 0.0055 -0.6742 0.7385
vn -0.0007 0.8014 -0.5981
vn -0.0073 0.8252 -0.5647
vn 0.0030 -0.7986 0.6018
vn -0.0110 0.7991 -0.6011
vn 0.0010 -0.8154 0.5788
vn 0.0447 -0.9791 0.1982
vn 0.0178 -0.8104 0.5856
vn -0.3473 -0.9031 0.2524
vn 0.0124 -0.6697 0.7426
vn -0.0188 -0.9004 0.4346
vn 0.0090 -0.7987 0.6016
vn -0.0103 0.8183 -0.5746
vn 0.0181 -0.8331 0.5528
vn 0.0025 -0.8595 0.5112
vn -0.0031 0.8189 -0.5739
vn 0.0023 0.8640 -0.5035
vn -0.0071 0.6719 -0.7406
vn -0.0026 0.7250 -0.6887
vn 0.0060 0.9885 -0.1508
vn -0.0188 -0.8087 0.5880
vn 0.0109 0.5874 -0.8092
vn 0.0057 0.8901 -0.4558
vn 0.0230 0.9650 -0.2612
vn -0.0006 -0.8086 0.5883
vn -0.0049 -0.7971 0.6038
vn -0.0014 -0.8092 0.5875
vn 0.0056 0.7944 -0.6074
vn 0.0129 0.8117 -0.5839
vn 0.0030 0.7965 -0.6046
vn -0.0213 -0.7698 0.6379
vn -0.0046 -0.8165 0.5773
vn 0.0291 0.7675 -0.6404
vn 0.0203 0.7497 -0.6615
vn 0.0159 -0.9030 0.4293
vn 0.0261 -0.8839 0.4669
vn 0.0051 0.9992 -0.0391
vn 0.0095 0.8245 -0.5658
vn -0.5134 -0.4262 -0.7448
vn -0.0052 -0.8090 0.5878
vn 0.0235 0.9664 -0.2558
vn -0.0024 0.7515 -0.6597
vn 0.0680 0.8579 -0.5093
vn 0.0247 0.8430 -0.5373
vn 0.0257 0.7943 -0.6070
vn -0.0274 -0.7965 0.6040
vn -0.0634 -0.7769 0.6264
vn -0.0473 -0.7509 0.6587
vn -0.0137 -0.7376 0.6751
vn -0.0523 -0.7915 0.6089
vn -0.0609 -0.7948 0.6038
vn -0.0011 -0.1191 0.9929
vn -0.0207 0.4088 -0.9124
vn -0.0358 0.3979 -0.9167
vn 0.6242 -0.0033 -0.7813
vn 0.3703 -0.0000 -0.9289
vn 0.0031 -0.5420 -0.8404
vn 0.0609 -0.8365 -0.5446
vn 0.0513 -0.8355 -0.5471
vn 0.0513 -0.8296 -0.5560
vn 0.0025 0.9978 0.0661
vn 0.0078 0.5289 0.8487
vn 0.0063 0.5226 0.8525
vn 0.3553 -0.0801 0.9313
vn -0.9978 -0.0000 -0.0656
vn -0.0002 0.0013 -1.0000
vn 0.1019 0.8058 -0.5833
vn 0.1055 0.8149 -0.5699
vn 0.0968 0.8264 -0.5547
vn 0.6247 0.6878 -0.3697
vn -0.0122 -0.9999 0.0047
vn -0.0004 -0.7191 0.6949
vn -0.0024 0.4068 -0.9135
vn 0.0019 0.5011 -0.8654
vn -0.0154 0.4409 -0.8974
vn 0.6859 0.0003 -0.7277
vn 0.7043 -0.0037 -0.7099
vn 0.7051 -0.0034 -0.7091
vn 0.6928 0.0022 -0.7211
vn -0.0004 -1.0000 -0.0075
vn 0.3118 0.0061 0.9501
vn 0.3384 -0.0041 0.9410
vn 0.0104 0.0449 -0.9989
vn 0.0144 0.0052 -0.9999
vn 0.0192 0.4252 -0.9049
vn 0.1189 0.2765 -0.9536
vn -0.0011 -0.0749 -0.9972
vn 0.0034 0.7931 -0.6090
vn 0.7097 0.3103 0.6325
vn 0.5088 0.7585 -0.4072
vn 0.0070 0.4112 -0.9115
vn 0.1409 0.0004 -0.9900
vn 0.4478 0.0055 -0.8941
vn 0.5139 0.0105 -0.8578
vn 0.6443 -0.0040 -0.7647
vn 0.6902 0.0019 -0.7236
vn -0.0019 -0.0010 -1.0000
vn 0.0156 -0.3003 -0.9537
vn 0.0465 -0.4712 -0.8808
vn 0.0084 -0.3126 -0.9498
vn -0.0014 -0.9989 0.0460
vn -0.0002 -0.9974 -0.0723
vn 0.0041 -0.9967 0.0810
vn 0.0052 0.9761 0.2171
vn 0.4393 -0.0025 0.8983
vn 0.3584 -0.0004 0.9336
vn -0.7849 0.0064 -0.6195
vn -0.7577 -0.0313 -0.6518
vn -0.7664 -0.0172 -0.6421
vn -0.5962 -0.0080 -0.8028
vn -0.6004 -0.0137 -0.7996
vn -0.5813 -0.0008 -0.8137
vn -0.0393 -0.6560 0.7537
vn -0.0151 -0.3275 0.9447
vn 0.2800 0.0007 -0.9600
vn 0.0161 -0.7734 -0.6337
vn 0.0021 0.9419 0.3359
vn 0.0015 0.5260 0.8505
vn 0.0020 0.5299 0.8480
vn -0.9986 -0.0005 -0.0530
vn -0.9943 0.0001 -0.1064
vn -0.8111 -0.0035 -0.5849
vn -0.8179 0.0139 -0.5753
vn -0.8907 -0.0029 -0.4546
vn -0.8063 0.0104 -0.5915
vn 0.0895 0.3505 -0.9323
vn 0.0001 0.0008 -1.0000
vn -0.0011 -0.0000 -1.0000
vn 0.1912 -0.0010 -0.9816
vn 0.0019 -0.0152 -0.9999
vn 0.0004 -0.0044 -1.0000
vn 0.0143 -0.7691 -0.6390
vn 0.0004 -0.9978 -0.0667
vn -0.0009 0.9979 -0.0652
vn -0.0101 0.9362 0.3514
vn 0.0023 0.5306 0.8476
vn 0.4878 0.0112 0.8729
vn 1.0000 0.0003 0.0007
vn -0.5088 0.0082 0.8608
vn -0.2855 0.0061 -0.9584
vn -0.5340 -0.0120 -0.8454
vn 0.0087 0.4237 -0.9057
vn -0.0551 0.8818 -0.4683
vn -0.0551 0.8819 -0.4683
vn -0.0538 0.8797 -0.4725
vn -0.0537 0.8794 -0.4730
vn -0.0541 -0.6292 0.7754
vn -0.0718 -0.6195 0.7817
vn -0.0067 -0.5489 0.8358
vn 0.0211 0.7964 -0.6044
vn -0.0141 -0.3613 0.9323
vn 0.0058 0.8033 -0.5956
vn -0.0034 0.7594 -0.6506
vn -0.0058 -0.7146 0.6995
vn -0.0161 -0.2838 0.9588
vn -0.0028 -0.5985 0.8011
vn -0.1047 -0.0268 0.9941
vn -0.0078 -0.9796 -0.2006
vn -0.0135 -0.9974 -0.0714
vn -0.3256 -0.0082 -0.9455
vn -0.5149 0.0145 -0.8571
vn -0.2197 0.0115 -0.9755
vn 0.2917 0.0064 -0.9565
vn 0.3508 -0.0045 -0.9364
vn 0.2234 -0.0011 -0.9747
vn 0.0023 -1.0000 -0.0068
vn 0.0040 0.5747 0.8183
vn -0.0003 0.9978 0.0661
vn -0.0527 0.9175 -0.3943
vn 0.2810 -0.0030 -0.9597
vn 0.1238 0.0024 -0.9923
vn 0.2704 -0.0060 -0.9627
vn 0.3031 0.0035 -0.9530
vn 0.3202 -0.0063 -0.9473
vn 0.0085 -0.1227 -0.9924
vn 0.0252 -0.2434 -0.9696
vn 0.0022 0.5773 0.8165
vn 0.9989 -0.0049 0.0463
vn -0.9720 0.0095 0.2349
vn -0.9592 -0.0165 0.2821
vn -0.9558 -0.0226 0.2931
vn -0.9998 0.0014 0.0185
vn 0.0148 -0.7629 -0.6464
vn 0.0124 -0.7593 -0.6506
vn -0.0008 -0.9975 -0.0713
vn -0.0035 0.9973 -0.0729
vn -0.0004 0.9973 0.0740
vn -0.0123 0.9131 0.4075
vn 0.4688 0.0143 0.8832
vn 0.0083 0.3997 -0.9166
vn 0.3459 0.0001 -0.9383
vn -0.0071 -0.9427 -0.3335
vn 0.0010 -0.9961 -0.0879
vn 0.0249 0.9970 0.0733
vn 0.0298 0.9975 0.0648
vn 0.0700 0.8809 0.4682
vn 0.8846 -0.0167 0.4660
vn 0.8880 -0.0120 0.4598
vn 0.8592 -0.0079 0.5116
vn 0.8864 -0.0008 0.4630
vn 0.9022 0.0071 0.4313
vn 0.8075 -0.0034 0.5898
vn 0.8193 0.0014 0.5734
vn -0.0031 -0.0038 -1.0000
vn -0.0005 -0.0358 -0.9994
vn -0.0256 -0.0338 -0.9991
vn 0.1326 -0.0032 -0.9912
vn -0.0006 -0.9977 -0.0679
vn 0.0011 -0.9959 0.0907
vn 0.8132 0.0136 0.5818
vn 0.9940 -0.0022 0.1095
vn -0.7881 -0.0225 -0.6151
vn -0.5312 0.0130 -0.8472
vn -0.5227 -0.0216 -0.8523
vn -0.5100 -0.0001 -0.8602
vn -0.1307 0.0073 -0.9914
vn -0.2958 -0.0066 -0.9552
vn -0.0193 -0.0072 -0.9998
vn 0.0017 -0.1587 -0.9873
vn 0.1296 0.9020 0.4119
vn 0.9117 0.0097 0.4108
vn -0.0386 -0.0021 -0.9993
vn -0.0109 -0.2529 -0.9674
vn 0.0118 -0.7585 -0.6515
vn -0.0382 -0.9862 -0.1611
vn 0.0063 -0.9973 0.0738
vn 0.0089 0.9976 0.0681
vn -0.0006 0.9969 0.0790
vn 0.1376 0.0427 0.9896
vn 0.4738 -0.0196 0.8804
vn 0.8936 0.0121 0.4488
vn -0.9909 -0.0004 -0.1344
vn -0.8094 0.0024 -0.5872
vn -0.0020 -0.9999 -0.0146
vn 0.0018 0.9973 0.0731
vn -0.9744 0.0153 0.2242
vn -0.6941 0.2575 0.6723
vn 0.5034 0.0093 0.8640
vn 0.4312 0.0049 0.9023
vn 0.1768 0.0225 0.9840
vn -0.6324 -0.0000 -0.7747
vn -0.9811 0.0187 0.1925
vn -0.9999 -0.0019 0.0115
vn -0.3539 -0.0034 -0.9353
vn 0.0001 0.0001 -1.0000
vn 0.0015 -0.0151 -0.9999
vn 0.1771 0.9241 0.3387
vn 0.5107 0.0097 0.8597
vn 0.2740 0.0095 0.9617
vn 0.0273 -0.0361 -0.9990
vn -0.0235 -0.9996 -0.0156
vn -0.0017 0.9979 0.0640
vn 0.0627 0.0521 0.9967
vn 0.8436 -0.0116 0.5368
vn -0.8122 0.0022 -0.5833
vn -0.0229 -0.5165 -0.8560
vn -0.0366 -0.6934 -0.7196
vn -0.0417 -0.6925 -0.7202
vn 0.0002 -0.9976 -0.0686
vn 0.0008 -0.9976 -0.0699
vn -0.0019 -0.7318 0.6815
vn 0.0338 0.9968 0.0723
vn 0.2792 0.0531 0.9588
vn -1.0000 0.0007 0.0017
vn -0.0468 -0.0220 -0.9987
vn 0.0597 0.9959 0.0677
vn 1.0000 0.0004 0.0034
vn -0.8117 0.0011 -0.5841
vn 0.0003 -0.9964 -0.0848
vn 0.0639 0.9959 0.0643
vn 0.2373 0.3006 0.9238
vn 0.9834 0.0055 0.1812
vn 0.9999 -0.0013 0.0165
vn 0.9968 -0.0001 0.0798
vn 0.9956 -0.0163 0.0925
vn -0.9937 0.0004 -0.1122
vn -0.3296 -0.0052 -0.9441
vn -0.0039 -0.1230 -0.9924
vn 0.0159 -0.3030 -0.9529
vn 0.0042 -0.1711 -0.9852
vn -0.0009 -0.9974 -0.0718
vn 0.0010 0.9998 0.0173
vn 0.8011 0.0581 0.5958
vn 0.7918 0.2210 0.5695
vn 0.7008 0.0333 0.7126
vn 0.9999 -0.0000 0.0117
vn 1.0000 0.0002 0.0005
vn -0.9988 0.0005 -0.0491
vn -0.3672 -0.0070 -0.9301
vn -0.3675 0.0096 -0.9300
vn -0.4016 -0.0054 -0.9158
vn -0.0015 -0.0000 -1.0000
vn 0.0210 -0.0066 -0.9998
vn -0.0061 -0.0372 -0.9993
vn -0.0356 0.0011 -0.9994
vn 0.0018 -0.0005 -1.0000
vn -0.1007 -0.9060 -0.4112
vn -0.0888 -0.8801 -0.4664
vn -0.0966 -0.8843 -0.4568
vn -0.0053 -0.9984 -0.0567
vn -0.0004 0.4576 0.8891
vn 0.0093 0.9971 0.0751
vn 0.8415 -0.0125 0.5401
vn 1.0000 -0.0013 0.0087
vn -0.0304 -0.0006 -0.9995
vn 0.0385 0.9969 0.0682
vn 0.5735 0.8079 0.1357
vn 0.6189 0.7330 0.2822
vn 0.6843 0.7126 0.1547
vn 0.8106 0.2232 0.5414
vn 0.8913 0.0555 0.4500
vn 0.9908 -0.0072 0.1353
vn -0.9945 0.0009 -0.1046
vn 0.0045 0.0050 -1.0000
vn 0.0007 0.0002 -1.0000
vn -0.0483 -0.9988 0.0097
vn 0.0027 -0.9976 -0.0695
vn 0.0019 0.3406 0.9402
vn 0.4683 0.3510 0.8108
vn 0.4551 0.4062 0.7924
vn 0.4624 0.3769 0.8026
vn -0.7969 0.0010 -0.6042
vn 0.0014 -0.5427 -0.8399
vn -0.0333 0.2317 0.9722
vn 0.7521 0.6111 0.2468
vn -0.8462 0.0016 -0.5329
vn -0.8259 -0.0192 -0.5636
vn -0.7747 0.0224 -0.6320
vn 0.0379 -0.0265 -0.9989
vn 0.0019 -0.5412 -0.8409
vn -0.0001 -0.9973 -0.0730
vn 0.1724 0.0230 0.9848
vn -0.0119 0.0080 -0.9999
vn -0.0049 -0.5501 -0.8351
vn 0.0029 -0.9975 -0.0705
vn 0.5062 0.8613 0.0443
vn 0.5105 0.8583 0.0515
vn 0.4747 0.3210 0.8195
vn 0.7575 0.3445 0.5545
vn -0.0072 0.0011 -1.0000
vn 0.0101 0.0015 -0.9999
vn -0.0560 0.0035 -0.9984
vn 0.0017 -0.0293 -0.9996
vn 0.0062 -0.0583 -0.9983
vn -0.0186 -0.9842 -0.1760
vn 0.0034 -0.9457 -0.3251
vn 0.0212 0.9967 0.0787
vn 0.0002 0.0004 -1.0000
vn -0.0236 -0.9973 -0.0692
vn -0.0378 0.2177 0.9753
vn 0.4375 0.8968 0.0658
vn 0.9995 0.0105 0.0297
vn 0.9999 0.0031 0.0097
vn -0.0393 0.0047 -0.9992
vn 0.4474 0.8915 0.0712
vn 1.0000 0.0004 0.0006
vn 0.9983 -0.0109 0.0577
vn -0.0022 0.0022 -1.0000
vn 0.0060 -0.5807 -0.8141
vn 0.8162 0.4735 0.3310
vn 0.8012 0.5657 0.1950
vn 0.0007 -0.9667 -0.2558
vn 0.0153 -0.8924 -0.4510
vn -0.0072 -0.0758 0.9971
vn 0.7646 0.6429 0.0461
vn 0.7968 0.6040 0.0186
vn 0.7831 0.6205 0.0423
vn -0.9982 -0.0017 -0.0605
vn -0.9927 -0.0050 -0.1202
vn 0.0093 0.0109 -0.9999
vn -0.0457 0.0140 -0.9989
vn 0.0006 -0.9977 -0.0675
vn 0.9999 0.0080 0.0148
vn -0.0026 0.0111 -0.9999
vn -0.0009 -0.0112 -0.9999
vn -0.0131 -0.9582 -0.2858
vn -0.0465 -0.9961 -0.0752
vn -0.8290 0.0162 -0.5591
vn -0.8076 -0.0063 -0.5896
vn 0.0221 0.0041 -0.9997
vn 0.0453 0.0024 -0.9990
vn 0.8160 0.5777 0.0174
vn 0.9295 0.3683 -0.0200
vn 0.9270 0.3750 -0.0104
vn 0.8455 0.5339 0.0043
vn -0.8414 0.0170 -0.5402
vn -0.3913 0.0025 -0.9203
vn 0.4424 0.8939 0.0724
vn 1.0000 0.0025 -0.0000
vn 0.9961 0.0017 -0.0879
vn -0.9988 -0.0158 0.0471
vn -0.9998 -0.0022 0.0196
vn 0.0136 0.9964 0.0842
vn -0.3876 0.0152 -0.9217
vn 0.0571 -0.0005 -0.9984
vn -0.0056 -0.9892 -0.1462
vn -0.0254 -0.9975 -0.0659
vn -0.0660 -0.9949 -0.0756
vn 0.8911 0.4538 -0.0084
vn 0.9536 0.3012 -0.0033
vn -0.3811 0.0081 -0.9245
vn 0.0104 -0.0047 -0.9999
vn 0.0058 -0.9954 -0.0957
vn -0.0843 -0.9937 -0.0742
vn -0.0234 0.0195 -0.9995
vn -0.0003 -0.5441 -0.8390
vn -0.0005 -0.9635 -0.2678
vn -0.0525 -0.9968 -0.0606
vn 0.8498 0.5264 0.0271
vn -0.2726 0.0037 -0.9621
vn -0.5199 -0.0070 -0.8542
vn 0.0106 0.0090 -0.9999
vn -0.0056 -0.5233 -0.8521
vn -0.6780 -0.7344 -0.0314
vn -0.5418 -0.8393 -0.0452
vn -0.5027 -0.8640 -0.0286
vn 0.4928 0.8681 0.0601
vn 0.0396 0.0115 -0.9991
vn 0.0001 -0.0034 -1.0000
vn 0.9999 -0.0052 -0.0137
vn -0.9979 0.0121 0.0643
vn 0.0038 -0.0028 -1.0000
vn -0.0028 0.0226 -0.9997
vn 0.5016 0.8632 0.0573
vn 0.9999 0.0066 -0.0139
vn 0.9954 0.0027 -0.0953
vn 0.9558 0.2940 -0.0030
vn -0.1799 -0.9818 -0.0614
vn 0.9623 0.2717 0.0082
vn 0.8990 0.4379 0.0093
vn -0.1553 -0.9587 -0.2384
vn 0.9826 0.0086 -0.1857
vn 0.9976 -0.0168 -0.0675
vn 0.9998 -0.0086 -0.0180
vn -0.8424 0.0165 -0.5386
vn 0.8828 0.4694 0.0209
vn 0.9985 -0.0003 -0.0548
vn -0.9859 0.0142 -0.1669
vn 0.8724 0.4887 0.0069
vn 0.8009 0.5988 -0.0045
vn -0.4558 -0.0015 -0.8901
vn -0.1741 -0.0120 -0.9846
vn 0.0011 -0.0082 -1.0000
vn -0.0680 -0.8898 -0.4513
vn -0.4483 -0.8909 -0.0727
vn -0.5785 -0.8134 -0.0607
vn 0.7941 0.6077 -0.0113
vn -0.9980 0.0169 0.0615
vn -0.6395 -0.0082 -0.7687
vn -0.6577 -0.0030 0.7532
vn -0.6451 0.0015 0.7641
vn -0.6608 -0.0036 0.7506
vn -0.1198 -0.3702 -0.9212
vn -0.1160 -0.3230 0.9393
vn 0.9004 0.4344 0.0228
vn 0.9874 -0.0036 -0.1584
vn 0.9848 0.0004 -0.1736
vn -0.1100 -0.8897 -0.4430
vn -0.2894 -0.9545 -0.0723
vn 0.8950 0.4460 -0.0080
vn 0.9573 0.0036 -0.2892
vn 0.9695 -0.0000 -0.2450
vn 0.7767 -0.0000 -0.6299
vn -0.9982 0.0420 0.0432
vn -0.9995 0.0261 0.0197
vn -0.9998 0.0139 0.0156
vn -0.9997 0.0159 0.0194
vn -1.0000 0.0044 0.0068
vn -0.9514 -0.0012 -0.3080
vn -0.8854 -0.0088 -0.4647
vn -0.9407 -0.0204 -0.3386
vn -0.6184 0.0166 -0.7857
vn 0.9973 -0.0252 -0.0692
vn 0.7452 -0.0274 0.6663
vn -0.1630 -0.0936 0.9822
vn -0.4569 0.0035 0.8895
vn -0.7720 -0.0000 0.6356
vn -0.5116 0.0160 0.8591
vn -0.5155 0.0156 0.8567
vn -0.9897 0.0048 -0.1430
vn -0.1758 0.0072 -0.9844
vn -0.7691 -0.6380 -0.0380
vn -0.8142 -0.5798 -0.0309
vn -0.8861 -0.4634 -0.0104
vn 0.8208 0.5704 0.0313
vn 0.1543 -0.0049 0.9880
vn 0.9992 0.0112 -0.0396
vn -0.4181 0.0090 -0.9084
vn 0.8352 0.5493 0.0263
vn -0.3641 0.0136 -0.9312
vn -0.8519 -0.5236 -0.0081
vn -0.9383 -0.3457 0.0092
vn -0.1939 -0.3340 -0.9224
vn -0.6661 -0.7431 -0.0632
vn -0.7283 -0.0039 0.6853
vn -0.7386 0.0028 0.6742
vn -0.7404 0.0041 0.6721
vn -0.4317 -0.6343 -0.6413
vn -0.3707 -0.9219 -0.1124
vn -0.8913 -0.4533 0.0068
vn -0.8493 -0.5273 0.0242
vn -0.9602 -0.2764 0.0391
vn -0.0019 -0.0034 -1.0000
vn -0.7263 -0.0052 0.6873
vn -0.8154 -0.5788 -0.0101
vn -0.2974 -0.3108 -0.9028
vn -0.6370 -0.7458 -0.1949
vn -0.6811 -0.6962 -0.2266
vn 0.1672 -0.2121 0.9628
vn -0.9996 -0.0142 0.0233
vn -0.9899 -0.1415 0.0115
vn -0.3081 0.0169 -0.9512
vn -0.8153 -0.5791 0.0030
vn -0.9203 -0.3911 0.0002
vn -0.9967 -0.0013 -0.0814
vn -0.4445 -0.1808 -0.8773
vn -0.8157 -0.5783 0.0099
vn -0.6923 -0.6452 -0.3232
vn -0.7586 -0.6515 -0.0096
vn -0.0685 -0.0018 -0.9977
vn -0.1392 0.0013 -0.9903
vn -0.7517 -0.0181 -0.6592
vn -0.7497 -0.0189 -0.6615
vn -0.7314 -0.0056 -0.6819
vn -0.9842 -0.0103 -0.1766
vn -0.8108 -0.5719 -0.1246
vn -0.9918 -0.1275 0.0010
vn -0.7077 -0.0063 -0.7065
vn -0.4175 -0.2891 -0.8615
vn -0.7928 -0.5517 -0.2593
vn -0.0151 -0.0060 -0.9999
vn -0.6132 -0.0113 -0.7899
vn -0.5804 -0.0109 -0.8143
vn -0.9079 -0.4178 -0.0346
vn -0.9849 -0.0063 -0.1733
vn -0.4930 -0.0163 -0.8699
vn -0.8399 -0.0270 -0.5420
vn -0.4913 -0.1132 -0.8636
vn -0.8661 -0.4642 -0.1854
vn -0.9812 0.0031 -0.1932
vn -0.8418 0.0283 -0.5391
vn -0.8426 0.0283 -0.5377
vn -0.8403 0.0282 -0.5413
vn -0.8389 0.0281 -0.5436
vn -0.9116 -0.3961 -0.1099
vn -0.9895 -0.0151 -0.1439
vn -0.9615 -0.0323 -0.2730
vt 0.076162 0.791283
vt 0.068422 0.770462
vt 0.071658 0.769465
vt 0.366407 0.238362
vt 0.377009 0.240418
vt 0.374023 0.245371
vt 0.008988 0.521497
vt 0.010614 0.531010
vt 0.007565 0.531967
vt 0.008401 0.494340
vt 0.009141 0.823126
vt 0.008273 0.823867
vt 0.006607 0.823589
vt 0.320216 0.279098
vt 0.322358 0.289605
vt 0.315886 0.281518
vt 0.007864 0.233234
vt 0.008118 0.230604
vt 0.011016 0.230906
vt 0.007831 0.320884
vt 0.007580 0.311889
vt 0.008414 0.303106
vt 0.008016 0.318109
vt 0.054100 0.634517
vt 0.069030 0.632360
vt 0.046986 0.635755
vt 0.046820 0.635909
vt 0.007541 0.321029
vt 0.007939 0.325169
vt 0.009466 0.326596
vt 0.043267 0.636332
vt 0.006140 0.323027
vt 0.009025 0.322512
vt 0.006361 0.277278
vt 0.007198 0.272491
vt 0.006891 0.277299
vt 0.005993 0.283713
vt 0.005644 0.277142
vt 0.006413 0.273294
vt 0.005057 0.287120
vt 0.966587 0.969829
vt 0.968893 0.977926
vt 0.964702 0.965801
vt 0.963883 0.965541
vt 0.006332 0.360256
vt 0.007086 0.357440
vt 0.007190 0.361919
vt 0.966215 0.963305
vt 0.010103 0.651109
vt 0.009782 0.643809
vt 0.010517 0.651793
vt 0.162905 0.616533
vt 0.186790 0.637701
vt 0.155715 0.617643
vt 0.008705 0.641236
vt 0.008364 0.655180
vt 0.493503 0.951395
vt 0.494971 0.937509
vt 0.496772 0.932378
vt 0.008632 0.640140
vt 0.006666 0.849047
vt 0.005045 0.848056
vt 0.008503 0.848633
vt 0.009390 0.828317
vt 0.008982 0.830438
vt 0.009048 0.828830
vt 0.007388 0.848966
vt 0.007892 0.850366
vt 0.006737 0.849997
vt 0.006620 0.848050
vt 0.882304 0.043905
vt 0.880458 0.044333
vt 0.880611 0.042243
vt 0.882625 0.046943
vt 0.879751 0.044641
vt 0.879101 0.044891
vt 0.879890 0.046027
vt 0.883978 0.044705
vt 0.177242 0.948040
vt 0.177841 0.946417
vt 0.178002 0.947677
vt 0.178110 0.947386
vt 0.885585 0.043467
vt 0.885623 0.041838
vt 0.178550 0.946824
vt 0.886909 0.042186
vt 0.254050 0.013305
vt 0.243805 0.012263
vt 0.250019 0.012051
vt 0.810913 0.962786
vt 0.814390 0.958143
vt 0.812773 0.960997
vt 0.008088 0.673003
vt 0.007575 0.669157
vt 0.009371 0.671836
vt 0.008722 0.666103
vt 0.007091 0.686916
vt 0.006494 0.663912
vt 0.006591 0.672237
vt 0.006160 0.666217
vt 0.007452 0.663095
vt 0.181317 0.077896
vt 0.183088 0.087368
vt 0.163459 0.081930
vt 0.246794 0.868829
vt 0.238367 0.874811
vt 0.231111 0.873760
vt 0.224677 0.878820
vt 0.257795 0.867473
vt 0.242961 0.866798
vt 0.217732 0.880389
vt 0.226867 0.872510
vt 0.262330 0.862907
vt 0.239557 0.880259
vt 0.253839 0.873936
vt 0.007165 0.352387
vt 0.007009 0.355191
vt 0.005171 0.352371
vt 0.733950 0.077866
vt 0.735025 0.047392
vt 0.736925 0.070218
vt 0.752512 0.037506
vt 0.749824 0.040080
vt 0.744035 0.042054
vt 0.744078 0.043711
vt 0.748716 0.041378
vt 0.517070 0.125293
vt 0.518418 0.107155
vt 0.524725 0.107978
vt 0.504818 0.056602
vt 0.526702 0.087379
vt 0.256857 0.087204
vt 0.266549 0.085367
vt 0.258161 0.119831
vt 0.280406 0.088708
vt 0.495395 0.097052
vt 0.510656 0.124286
vt 0.521524 0.125856
vt 0.530022 0.106092
vt 0.472310 0.116587
vt 0.455022 0.081964
vt 0.527436 0.118132
vt 0.531263 0.093758
vt 0.243350 0.083470
vt 0.461039 0.045486
vt 0.181091 0.899910
vt 0.190391 0.893645
vt 0.193946 0.917130
vt 0.281480 0.893086
vt 0.278372 0.904408
vt 0.268891 0.896416
vt 0.282249 0.912532
vt 0.267873 0.906801
vt 0.200743 0.907099
vt 0.204661 0.892798
vt 0.113618 0.086223
vt 0.105514 0.100494
vt 0.102738 0.079695
vt 0.208663 0.916408
vt 0.111597 0.066980
vt 0.168999 0.824365
vt 0.163192 0.830152
vt 0.163829 0.819441
vt 0.139583 0.828865
vt 0.159003 0.839876
vt 0.175765 0.833306
vt 0.171938 0.812946
vt 0.168573 0.802383
vt 0.154301 0.810823
vt 0.158534 0.783671
vt 0.169281 0.793238
vt 0.165968 0.781014
vt 0.149703 0.797603
vt 0.174497 0.803882
vt 0.168900 0.857232
vt 0.167971 0.881615
vt 0.160408 0.893284
vt 0.154590 0.874819
vt 0.178605 0.818719
vt 0.153738 0.845390
vt 0.156931 0.845775
vt 0.156184 0.844387
vt 0.155796 0.844293
vt 0.183558 0.847950
vt 0.184938 0.838985
vt 0.171281 0.788836
vt 0.148720 0.788104
vt 0.147580 0.845255
vt 0.301411 0.023752
vt 0.321464 0.019284
vt 0.315876 0.029107
vt 0.328475 0.009585
vt 0.329225 0.010888
vt 0.311372 0.012031
vt 0.321225 0.011725
vt 0.860081 0.837931
vt 0.867541 0.855377
vt 0.857811 0.853132
vt 0.718291 0.240629
vt 0.721444 0.261154
vt 0.718283 0.265479
vt 0.868288 0.868124
vt 0.865312 0.869772
vt 0.864831 0.836362
vt 0.863237 0.836267
vt 0.873444 0.884887
vt 0.873192 0.852937
vt 0.856348 0.833007
vt 0.856830 0.838428
vt 0.872145 0.871682
vt 0.724718 0.275785
vt 0.703302 0.978734
vt 0.710408 0.956614
vt 0.717488 0.971032
vt 0.871848 0.833530
vt 0.877225 0.813602
vt 0.891454 0.819830
vt 0.728847 0.275162
vt 0.874570 0.833906
vt 0.898095 0.805514
vt 0.314611 0.012794
vt 0.856428 0.816670
vt 0.861314 0.822609
vt 0.724676 0.256360
vt 0.874980 0.871662
vt 0.717498 0.950693
vt 0.699429 0.961590
vt 0.008082 0.222072
vt 0.009995 0.224511
vt 0.007838 0.222176
vt 0.983978 0.961542
vt 0.984254 0.962772
vt 0.983831 0.962765
vt 0.985400 0.967342
vt 0.700245 0.959858
vt 0.695722 0.958291
vt 0.711114 0.955533
vt 0.329550 0.019987
vt 0.009220 0.576746
vt 0.009335 0.572388
vt 0.010503 0.576550
vt 0.005720 0.155454
vt 0.005905 0.152608
vt 0.009886 0.155153
vt 0.006340 0.152391
vt 0.010462 0.814417
vt 0.010391 0.814920
vt 0.007102 0.819151
vt 0.008324 0.221447
vt 0.007473 0.215961
vt 0.006338 0.220917
vt 0.006125 0.221938
vt 0.010683 0.814667
vt 0.012987 0.814690
vt 0.009234 0.814143
vt 0.699313 0.959664
vt 0.638404 0.160935
vt 0.623752 0.161171
vt 0.633763 0.151758
vt 0.613136 0.128621
vt 0.618745 0.144913
vt 0.593494 0.134451
vt 0.009752 0.572146
vt 0.006335 0.151838
vt 0.984373 0.962840
vt 0.986410 0.965156
vt 0.980555 0.939840
vt 0.978408 0.950379
vt 0.981391 0.932147
vt 0.009787 0.553326
vt 0.981617 0.954060
vt 0.986582 0.938756
vt 0.006055 0.809076
vt 0.981561 0.955250
vt 0.005829 0.807785
vt 0.981208 0.953161
vt 0.006326 0.807711
vt 0.976725 0.955816
vt 0.005191 0.805953
vt 0.005585 0.806570
vt 0.973642 0.955610
vt 0.005979 0.806425
vt 0.981616 0.940247
vt 0.980989 0.940467
vt 0.009307 0.421675
vt 0.009762 0.420333
vt 0.009786 0.430770
vt 0.009791 0.421500
vt 0.982173 0.948741
vt 0.980419 0.942626
vt 0.009139 0.422314
vt 0.009189 0.422481
vt 0.006609 0.428914
vt 0.010101 0.534231
vt 0.977551 0.916317
vt 0.978430 0.929484
vt 0.294195 0.047407
vt 0.867844 0.888759
vt 0.877017 0.888267
vt 0.011017 0.578136
vt 0.585472 0.134129
vt 0.580020 0.129206
vt 0.592514 0.131951
vt 0.334656 0.006392
vt 0.292525 0.011995
vt 0.761092 0.245733
vt 0.783213 0.241107
vt 0.772594 0.249242
vt 0.770269 0.251716
vt 0.773099 0.256306
vt 0.784158 0.227235
vt 0.792208 0.253099
vt 0.352353 0.042016
vt 0.364754 0.027969
vt 0.369168 0.025276
vt 0.909536 0.940297
vt 0.903863 0.945730
vt 0.902930 0.930326
vt 0.899138 0.941169
vt 0.889308 0.176893
vt 0.920590 0.176921
vt 0.899833 0.177465
vt 0.930944 0.179424
vt 0.946071 0.182588
vt 0.942235 0.180176
vt 0.892898 0.935511
vt 0.910679 0.949794
vt 0.942504 0.141959
vt 0.978351 0.146439
vt 0.917609 0.142893
vt 0.895503 0.142597
vt 0.896341 0.946013
vt 0.883387 0.139268
vt 0.887600 0.136553
vt 0.889408 0.916655
vt 0.917736 0.954685
vt 0.961130 0.181072
vt 0.979520 0.180961
vt 0.398314 0.141025
vt 0.358219 0.156799
vt 0.358656 0.124943
vt 0.907135 0.138837
vt 0.888735 0.135976
vt 0.916258 0.932252
vt 0.878019 0.941335
vt 0.381727 0.132123
vt 0.889905 0.133753
vt 0.321648 0.111595
vt 0.320298 0.143855
vt 0.828175 0.230705
vt 0.819185 0.250591
vt 0.808137 0.237884
vt 0.795200 0.216420
vt 0.368030 0.126254
vt 0.338139 0.117023
vt 0.009809 0.195658
vt 0.009355 0.194128
vt 0.010657 0.196081
vt 0.362646 0.025434
vt 0.329963 0.147548
vt 0.346632 0.153443
vt 0.812874 0.260593
vt 0.009177 0.194204
vt 0.006645 0.196570
vt 0.375953 0.030398
vt 0.872324 0.922705
vt 0.873756 0.917137
vt 0.763875 0.254447
vt 0.009224 0.193771
vt 0.006757 0.193278
vt 0.934492 0.926690
vt 0.901266 0.956398
vt 0.948672 0.180982
vt 0.948909 0.180937
vt 0.949196 0.180933
vt 0.815968 0.229037
vt 0.786861 0.217361
vt 0.395503 0.135354
vt 0.915701 0.135533
vt 0.357626 0.030957
vt 0.363375 0.045020
vt 0.021123 0.014387
vt 0.014942 0.008623
vt 0.021575 0.012065
vt 0.870829 0.921699
vt 0.870732 0.921263
vt 0.869396 0.923894
vt 0.948290 0.181019
vt 0.948543 0.181118
vt 0.949960 0.181217
vt 0.988702 0.180622
vt 0.807237 0.224640
vt 0.971429 0.142791
vt 0.024812 0.013042
vt 0.021626 0.011830
vt 0.870643 0.921705
vt 0.870745 0.921892
vt 0.949484 0.181166
vt 0.350779 0.117226
vt 0.355191 0.025453
vt 0.352433 0.022937
vt 0.354524 0.024616
vt 0.925579 0.923755
vt 0.965510 0.181892
vt 0.737753 0.258601
vt 0.747404 0.262800
vt 0.761220 0.258294
vt 0.406932 0.140520
vt 0.958709 0.141506
vt 0.914480 0.132128
vt 0.892758 0.130584
vt 0.906627 0.915540
vt 0.808176 0.310476
vt 0.812863 0.302659
vt 0.813826 0.321234
vt 0.945760 0.191782
vt 0.726596 0.184167
vt 0.729040 0.236754
vt 0.738675 0.214402
vt 0.806261 0.274830
vt 0.383172 0.128269
vt 0.929962 0.137866
vt 0.887563 0.128110
vt 0.882498 0.122615
vt 0.888140 0.124866
vt 0.709478 0.220233
vt 0.754736 0.260319
vt 0.817217 0.260892
vt 0.371081 0.123139
vt 0.330640 0.110083
vt 0.949342 0.138419
vt 0.889325 0.131242
vt 0.824470 0.301901
vt 0.831261 0.284451
vt 0.025863 0.037584
vt 0.701167 0.017554
vt 0.705340 0.019512
vt 0.694071 0.019778
vt 0.416287 0.144090
vt 0.403120 0.135731
vt 0.985943 0.142776
vt 0.925115 0.904182
vt 0.922102 0.910978
vt 0.906578 0.895990
vt 0.824501 0.321218
vt 0.883134 0.957016
vt 0.898893 0.969599
vt 0.907011 0.887980
vt 0.790519 0.214159
vt 0.351693 0.114565
vt 0.887789 0.899296
vt 0.674044 0.020108
vt 0.765135 0.270624
vt 0.400012 0.130886
vt 0.923170 0.898748
vt 0.907303 0.883518
vt 0.801742 0.339705
vt 0.839731 0.297438
vt 0.858845 0.283584
vt 0.660219 0.020419
vt 0.646713 0.020365
vt 0.631348 0.019796
vt 0.630828 0.019412
vt 0.630893 0.019199
vt 0.630509 0.019315
vt 0.622600 0.016852
vt 0.635225 0.021406
vt 0.735503 0.266273
vt 0.965406 0.137596
vt 0.891094 0.118973
vt 0.931172 0.901589
vt 0.892637 0.883020
vt 0.860294 0.946613
vt 0.727325 0.019194
vt 0.860912 0.301442
vt 0.862450 0.293760
vt 0.866396 0.301155
vt 0.725770 0.237835
vt 0.803709 0.298474
vt 0.330803 0.107076
vt 0.896237 0.874941
vt 0.475274 0.984800
vt 0.477531 0.982710
vt 0.479167 0.985453
vt 0.483721 0.969077
vt 0.481105 0.965970
vt 0.470559 0.989149
vt 0.475575 0.991124
vt 0.472435 0.982279
vt 0.469021 0.986427
vt 0.483612 0.989492
vt 0.477544 0.973228
vt 0.487910 0.973888
vt 0.485585 0.949786
vt 0.463722 0.989466
vt 0.491005 0.960401
vt 0.481522 0.948785
vt 0.858014 0.296495
vt 0.850377 0.302014
vt 0.355161 0.112737
vt 0.935939 0.134915
vt 0.928252 0.897444
vt 0.810379 0.339955
vt 0.861356 0.312674
vt 0.847729 0.315208
vt 0.491057 0.935075
vt 0.470424 0.976798
vt 0.857877 0.290126
vt 0.649800 0.013646
vt 0.812775 0.268494
vt 0.374550 0.119450
vt 0.309956 0.108469
vt 0.916196 0.127518
vt 0.901232 0.121513
vt 0.835920 0.322344
vt 0.487096 0.937166
vt 0.461942 0.984521
vt 0.047640 0.034009
vt 0.052928 0.024794
vt 0.861446 0.287099
vt 0.739425 0.270479
vt 0.948325 0.135159
vt 0.889176 0.861340
vt 0.943952 0.057528
vt 0.947904 0.074136
vt 0.931517 0.052460
vt 0.476860 0.966075
vt 0.465306 0.980276
vt 0.468018 0.993779
vt 0.433682 0.148256
vt 0.916651 0.888039
vt 0.822023 0.343172
vt 0.485228 0.932888
vt 0.479676 0.936182
vt 0.907950 0.975614
vt 0.984202 0.197672
vt 0.815032 0.271021
vt 0.415470 0.138407
vt 0.335788 0.103635
vt 0.938128 0.131172
vt 0.907041 0.878366
vt 0.954610 0.082717
vt 0.951955 0.073967
vt 0.734925 0.269506
vt 0.808765 0.282094
vt 0.898227 0.870340
vt 0.958433 0.077801
vt 0.954763 0.071714
vt 0.947064 0.058186
vt 0.938731 0.040103
vt 0.904870 0.975576
vt 0.904588 0.975045
vt 0.905194 0.975474
vt 0.735684 0.208156
vt 0.735086 0.207689
vt 0.735172 0.207492
vt 0.735017 0.207809
vt 0.729483 0.209815
vt 0.864994 0.890615
vt 0.856708 0.879335
vt 0.733244 0.269370
vt 0.845956 0.321277
vt 0.474555 0.954498
vt 0.037215 0.047907
vt 0.904297 0.976132
vt 0.904666 0.975661
vt 0.896395 0.979564
vt 0.904646 0.976030
vt 0.914516 0.988415
vt 0.735397 0.207085
vt 0.734853 0.207665
vt 0.793087 0.293979
vt 0.972671 0.132026
vt 0.950675 0.131283
vt 0.459419 0.986592
vt 0.457319 0.991613
vt 0.851916 0.269845
vt 0.876782 0.972534
vt 0.320007 0.104174
vt 0.923089 0.879035
vt 0.804617 0.362674
vt 0.479951 0.930458
vt 0.858671 0.968974
vt 0.810366 0.284004
vt 0.885584 0.865277
vt 0.921109 0.036080
vt 0.921555 0.024287
vt 0.901946 0.016273
vt 0.895159 0.013523
vt 0.214668 0.927247
vt 0.212477 0.932507
vt 0.208582 0.930933
vt 0.466962 0.961154
vt 0.461934 0.979172
vt 0.864189 0.274709
vt 0.832927 0.264812
vt 0.910315 0.214237
vt 0.721553 0.202410
vt 0.721113 0.202107
vt 0.721237 0.201172
vt 0.776974 0.299994
vt 0.428485 0.142510
vt 0.351771 0.095780
vt 0.894150 0.863425
vt 0.942557 0.040361
vt 0.212003 0.923502
vt 0.207363 0.924238
vt 0.721599 0.201020
vt 0.721379 0.201813
vt 0.721318 0.201356
vt 0.871558 0.904680
vt 0.426140 0.125421
vt 0.813463 0.366575
vt 0.965114 0.079610
vt 0.958396 0.070633
vt 0.962894 0.071150
vt 0.898550 0.011463
vt 0.207227 0.927665
vt 0.463542 0.964192
vt 0.459127 0.980429
vt 0.433310 0.113155
vt 0.419047 0.108258
vt 0.401691 0.101288
vt 0.717028 0.706626
vt 0.713611 0.692496
vt 0.721636 0.693329
vt 0.830670 0.342988
vt 0.916649 0.019636
vt 0.902554 0.012640
vt 0.471269 0.932994
vt 0.470069 0.940392
vt 0.079408 0.027945
vt 0.065089 0.043432
vt 0.593129 0.131354
vt 0.715877 0.951801
vt 0.592123 0.134434
vt 0.011056 0.455627
vt 0.006828 0.446905
vt 0.984158 0.932182
vt 0.805022 0.309535
vt 0.441067 0.147381
vt 0.909665 0.861014
vt 0.889728 0.856517
vt 0.843859 0.330365
vt 0.948640 0.047366
vt 0.933113 0.019984
vt 0.455041 0.982613
vt 0.369549 0.022694
vt 0.987258 0.500478
vt 0.986527 0.500332
vt 0.984292 0.499566
vt 0.593080 0.134561
vt 0.978902 0.497769
vt 0.983777 0.500794
vt 0.967100 0.496185
vt 0.930501 0.761876
vt 0.906401 0.778790
vt 0.936885 0.891269
vt 0.822031 0.364053
vt 0.994321 0.813809
vt 0.995000 0.812628
vt 0.994355 0.813880
vt 0.212300 0.917132
vt 0.211800 0.916432
vt 0.214234 0.918608
vt 0.994092 0.815586
vt 0.468397 0.950856
vt 0.098035 0.016202
vt 0.115417 0.007551
vt 0.112266 0.010977
vt 0.009582 0.196974
vt 0.009926 0.197130
vt 0.011020 0.198093
vt 0.875061 0.323922
vt 0.703571 0.187226
vt 0.985760 0.930578
vt 0.984854 0.499768
vt 0.289554 0.010495
vt 0.291418 0.020821
vt 0.275625 0.043117
vt 0.851314 0.810070
vt 0.461713 0.139482
vt 0.410511 0.104743
vt 0.407956 0.103726
vt 0.988324 0.131629
vt 0.195438 0.960259
vt 0.190832 0.960635
vt 0.189080 0.959991
vt 0.188497 0.961258
vt 0.189637 0.960546
vt 0.190411 0.960966
vt 0.190303 0.960969
vt 0.190024 0.960895
vt 0.211873 0.917059
vt 0.211591 0.917178
vt 0.211620 0.916844
vt 0.211443 0.916650
vt 0.211428 0.916862
vt 0.206122 0.936814
vt 0.210836 0.943133
vt 0.896883 0.984355
vt 0.587387 0.116539
vt 0.277930 0.021708
vt 0.788257 0.322890
vt 0.466442 0.167608
vt 0.470218 0.162680
vt 0.473454 0.167077
vt 0.448140 0.155036
vt 0.450511 0.119412
vt 0.404106 0.102138
vt 0.386375 0.094048
vt 0.728970 0.707068
vt 0.967217 0.071941
vt 0.197815 0.963070
vt 0.009021 0.192400
vt 0.008932 0.192781
vt 0.010636 0.198053
vt 0.632724 0.139726
vt 0.847338 0.811238
vt 0.751649 0.313835
vt 0.795720 0.326000
vt 0.460172 0.154800
vt 0.420276 0.072503
vt 0.944001 0.115414
vt 0.737378 0.695350
vt 0.885356 0.853609
vt 0.258562 0.898637
vt 0.181839 0.856387
vt 0.129994 0.834371
vt 0.141129 0.833740
vt 0.138774 0.847144
vt 0.151765 0.857483
vt 0.871813 0.266979
vt 0.852466 0.253368
vt 0.058182 0.057045
vt 0.876869 0.897801
vt 0.958465 0.499425
vt 0.936609 0.501832
vt 0.883901 0.789982
vt 0.731185 0.273416
vt 0.753520 0.286876
vt 0.508426 0.139342
vt 0.232926 0.082565
vt 0.208333 0.111396
vt 0.488846 0.039498
vt 0.954331 0.055643
vt 0.943454 0.028859
vt 0.911511 0.016126
vt 0.902273 0.011320
vt 0.178422 0.955287
vt 0.213196 0.905046
vt 0.255644 0.908585
vt 0.096489 0.057608
vt 0.142544 0.807903
vt 0.146072 0.887746
vt 0.150337 0.905392
vt 0.203313 0.932984
vt 0.043276 0.071712
vt 0.067443 0.048377
vt 0.880223 0.901049
vt 0.652664 0.161248
vt 0.958759 0.489893
vt 0.938659 0.498415
vt 0.854941 0.802467
vt 0.738633 0.286486
vt 0.477937 0.169989
vt 0.917392 0.865831
vt 0.976583 0.091747
vt 0.188026 0.961972
vt 0.107462 0.047512
vt 0.169282 0.870073
vt 0.187839 0.837297
vt 0.179798 0.815565
vt 0.152718 0.865710
vt 0.089995 0.072309
vt 0.174070 0.911973
vt 0.183585 0.922854
vt 0.203503 0.937968
vt 0.465258 0.943059
vt 0.454005 0.967592
vt 0.840929 0.243086
vt 0.010452 0.191013
vt 0.868815 0.908850
vt 0.606229 0.112405
vt 0.950726 0.497344
vt 0.900178 0.770347
vt 0.871315 0.796589
vt 0.483355 0.168049
vt 0.477170 0.160792
vt 0.482951 0.148937
vt 0.285037 0.082347
vt 0.301510 0.072020
vt 0.822760 0.373239
vt 0.827000 0.362109
vt 0.977071 0.073478
vt 0.892679 0.008356
vt 0.247885 0.900637
vt 0.110505 0.053792
vt 0.104186 0.039074
vt 0.091760 0.042027
vt 0.202479 0.927379
vt 0.074005 0.040547
vt 0.114946 0.010096
vt 0.115083 0.010647
vt 0.099937 0.018453
vt 0.940700 0.493912
vt 0.917359 0.501752
vt 0.258091 0.040212
vt 0.257670 0.030725
vt 0.513396 0.142611
vt 0.523109 0.130652
vt 0.533771 0.109914
vt 0.217717 0.082621
vt 0.481565 0.017461
vt 0.424092 0.040582
vt 0.371069 0.087705
vt 0.904352 0.100574
vt 0.941573 0.020187
vt 0.172011 0.963464
vt 0.279260 0.882673
vt 0.163296 0.901372
vt 0.177609 0.799314
vt 0.164378 0.769186
vt 0.172491 0.782434
vt 0.086734 0.088264
vt 0.460310 0.959628
vt 0.059436 0.062357
vt 0.110816 0.013139
vt 0.359506 0.028144
vt 0.362222 0.024877
vt 0.354342 0.024470
vt 0.354648 0.024281
vt 0.010657 0.190016
vt 0.625268 0.126125
vt 0.259222 0.077569
vt 0.523513 0.012015
vt 0.342907 0.074267
vt 0.740322 0.708105
vt 0.499628 0.940260
vt 0.506609 0.949333
vt 0.507891 0.955390
vt 0.886737 0.847402
vt 0.990510 0.087315
vt 0.963174 0.055289
vt 0.959212 0.054239
vt 0.951477 0.036660
vt 0.144111 0.911804
vt 0.154044 0.929967
vt 0.147919 0.924046
vt 0.193478 0.858342
vt 0.163487 0.776504
vt 0.093929 0.107394
vt 0.358122 0.027552
vt 0.356418 0.026250
vt 0.882226 0.900658
vt 0.286754 0.078786
vt 0.274253 0.075987
vt 0.742938 0.695894
vt 0.904418 0.010979
vt 0.170322 0.956006
vt 0.214377 0.885658
vt 0.204561 0.943040
vt 0.467679 0.929427
vt 0.082977 0.030686
vt 0.006451 0.262416
vt 0.005819 0.266440
vt 0.005761 0.252316
vt 0.005039 0.262788
vt 0.898029 0.989805
vt 0.898419 0.991875
vt 0.898601 0.993709
vt 0.898756 0.991189
vt 0.942349 0.217509
vt 0.760518 0.174011
vt 0.699370 0.186866
vt 0.689272 0.185480
vt 0.692215 0.182613
vt 0.299097 0.076801
vt 0.296672 0.081169
vt 0.289034 0.076765
vt 0.250055 0.077732
vt 0.203472 0.082974
vt 0.409938 0.005077
vt 0.888781 0.854357
vt 0.154399 0.979061
vt 0.150564 0.965896
vt 0.234186 0.903547
vt 0.190412 0.856825
vt 0.136252 0.819538
vt 0.454244 0.960170
vt 0.897431 0.987178
vt 0.910232 0.993192
vt 0.914073 0.361152
vt 0.883644 0.374511
vt 0.755158 0.084041
vt 0.753215 0.086045
vt 0.753964 0.075309
vt 0.752186 0.083250
vt 0.880620 0.881830
vt 0.646890 0.144963
vt 0.946019 0.473131
vt 0.933593 0.484022
vt 0.270134 0.011247
vt 0.756732 0.296946
vt 0.265933 0.075252
vt 0.910672 0.087084
vt 0.826102 0.369043
vt 0.119951 0.046929
vt 0.179546 0.894478
vt 0.186165 0.821222
vt 0.167487 0.767799
vt 0.197671 0.934015
vt 0.109595 0.013819
vt 0.112055 0.012763
vt 0.968868 0.219167
vt 0.903786 0.313354
vt 0.723393 0.183885
vt 0.627610 0.115112
vt 0.811018 0.877577
vt 0.804247 0.910901
vt 0.786214 0.832608
vt 0.332328 0.068376
vt 0.887592 0.847526
vt 0.957802 0.032535
vt 0.953608 0.031679
vt 0.156500 0.939792
vt 0.161719 0.946422
vt 0.154972 0.941598
vt 0.897004 0.008278
vt 0.153274 0.766315
vt 0.130703 0.803436
vt 0.880910 0.256269
vt 0.898298 0.258464
vt 0.066338 0.057629
vt 0.906978 0.994408
vt 0.924986 0.217277
vt 0.909575 0.217638
vt 0.699375 0.182281
vt 0.641299 0.129022
vt 0.259873 0.018586
vt 0.867657 0.782993
vt 0.765853 0.311003
vt 0.531938 0.127048
vt 0.237339 0.078002
vt 0.316678 0.056485
vt 0.157578 0.950032
vt 0.140322 0.868116
vt 0.045945 0.078089
vt 0.111225 0.015311
vt 0.752651 0.075667
vt 0.673025 0.166680
vt 0.665028 0.159061
vt 0.922621 0.496728
vt 0.243375 0.028681
vt 0.239094 0.040086
vt 0.268593 0.060378
vt 0.488115 0.159744
vt 0.243004 0.075032
vt 0.823007 0.956434
vt 0.855429 0.945045
vt 0.823002 0.375463
vt 0.260493 0.884890
vt 0.250230 0.890417
vt 0.136682 0.909235
vt 0.871017 0.242433
vt 0.855532 0.241513
vt 0.675964 0.255938
vt 0.679275 0.260329
vt 0.676652 0.266139
vt 0.755421 0.081106
vt 0.678513 0.170579
vt 0.674483 0.170831
vt 0.263993 0.010639
vt 0.517501 0.142212
vt 0.159485 0.123016
vt 0.842274 0.890020
vt 0.934826 0.074974
vt 0.987924 0.073520
vt 0.892283 0.005393
vt 0.193568 0.843004
vt 0.159131 0.752466
vt 0.156807 0.755697
vt 0.164088 0.925075
vt 0.173193 0.931187
vt 0.985486 0.059203
vt 0.982553 0.045163
vt 0.182422 0.877144
vt 0.125471 0.788683
vt 0.080871 0.046024
vt 0.185763 0.934165
vt 0.197732 0.942069
vt 0.202957 0.960819
vt 0.456544 0.945659
vt 0.907010 0.255050
vt 0.136758 0.985479
vt 0.274887 0.868691
vt 0.256464 0.861511
vt 0.237354 0.893181
vt 0.202984 0.879894
vt 0.199554 0.861809
vt 0.972721 0.029631
vt 0.137971 0.912634
vt 0.144842 0.925360
vt 0.210311 0.880859
vt 0.213349 0.875432
vt 0.069986 0.075730
vt 0.074229 0.095668
vt 0.153944 0.909896
vt 0.188633 0.867204
vt 0.195906 0.868943
vt 0.223808 0.885505
vt 0.125730 0.029850
vt 0.224826 0.896304
vt 0.196224 0.875336
vt 0.118743 0.025501
vt 0.216629 0.888797
vt 0.199798 0.884256
vt 0.195150 0.887823
vt 0.782138 0.046618
vt 0.779658 0.023656
vt 0.785256 0.067754
vt 0.009885 0.280267
vt 0.009368 0.294779
vt 0.006988 0.293353
vt 0.127877 0.010595
vt 0.137535 0.018917
vt 0.783591 0.062045
vt 0.781586 0.053687
vt 0.793218 0.074102
vt 0.821021 0.084021
vt 0.803604 0.080187
vt 0.197124 0.886644
vt 0.193854 0.888617
vt 0.006091 0.298038
vt 0.784120 0.065370
vt 0.783173 0.063010
vt 0.783097 0.063041
vt 0.007930 0.299270
vt 0.802945 0.080116
vt 0.007465 0.300701
vt 0.007987 0.299584
vt 0.071195 0.063068
vt 0.921171 0.245019
vt 0.136319 0.912582
vt 0.200165 0.816459
vt 0.161256 0.747281
vt 0.124409 0.763733
vt 0.130039 0.910884
vt 0.010029 0.299278
vt 0.807116 0.087026
vt 0.146383 0.931102
vt 0.146597 0.953052
vt 0.278042 0.862027
vt 0.132458 0.809283
vt 0.227085 0.862315
vt 0.446627 0.951149
vt 0.894156 0.246565
vt 0.988394 0.015279
vt 0.244755 0.856442
vt 0.155194 0.924496
vt 0.189026 0.945238
vt 0.932064 0.234502
vt 0.278484 0.858722
vt 0.160350 0.695293
vt 0.154938 0.738474
vt 0.148100 0.749766
vt 0.121944 0.778521
vt 0.782053 0.065268
vt 0.166191 0.937466
vt 0.176888 0.941532
vt 0.140550 0.968356
vt 0.275414 0.856149
vt 0.127801 0.796573
vt 0.127459 0.911329
vt 0.124237 0.910872
vt 0.793607 0.069048
vt 0.793802 0.069452
vt 0.763641 0.086924
vt 0.069878 0.113412
vt 0.062500 0.083648
vt 0.947262 0.965722
vt 0.942055 0.974986
vt 0.940148 0.972001
vt 0.141797 0.938907
vt 0.288362 0.864201
vt 0.121574 0.894858
vt 0.990648 0.005000
vt 0.237286 0.853557
vt 0.187775 0.729145
vt 0.179728 0.713434
vt 0.206412 0.688059
vt 0.817883 0.854545
vt 0.364591 0.048508
vt 0.820341 0.377654
vt 0.899658 0.993996
vt 0.755112 0.075738
vt 0.224470 0.029512
vt 0.217970 0.020746
vt 0.282195 0.058513
vt 0.851786 0.792023
vt 0.834299 0.801988
vt 0.833715 0.788149
vt 0.837567 0.796062
vt 0.487205 0.174863
vt 0.507023 0.154581
vt 0.497484 0.155362
vt 0.521619 0.144295
vt 0.542625 0.131017
vt 0.485954 0.182396
vt 0.843514 0.790229
vt 0.847234 0.790389
vt 0.825964 0.781715
vt 0.491017 0.172696
vt 0.511750 0.154213
vt 0.514366 0.150715
vt 0.494322 0.167518
vt 0.876088 0.764328
vt 0.830531 0.777634
vt 0.821315 0.774895
vt 0.850735 0.771703
vt 0.866710 0.762706
vt 0.823169 0.772151
vt 0.862255 0.762971
vt 0.845562 0.778745
vt 0.762236 0.061813
vt 0.753390 0.044918
vt 0.765057 0.057991
vt 0.829408 0.772137
vt 0.839347 0.775101
vt 0.775716 0.057980
vt 0.748454 0.048705
vt 0.755692 0.069718
vt 0.770111 0.063697
vt 0.823577 0.768024
vt 0.742993 0.071305
vt 0.826631 0.769428
vt 0.751980 0.078314
vt 0.748048 0.076012
vt 0.760420 0.065671
vt 0.751421 0.073142
vt 0.750563 0.073329
vt 0.753179 0.073350
vt 0.253566 0.073719
vt 0.191823 0.747575
vt 0.152656 0.743060
vt 0.107388 0.919837
vt 0.097041 0.931669
vt 0.091749 0.928547
vt 0.830445 0.956994
vt 0.856534 0.951746
vt 0.841296 0.968686
vt 0.442569 0.945326
vt 0.288122 0.860034
vt 0.909584 0.077816
vt 0.742566 0.041587
vt 0.086533 0.031888
vt 0.931402 0.221799
vt 0.941316 0.222227
vt 0.755794 0.075841
vt 0.942620 0.452681
vt 0.932543 0.452987
vt 0.872760 0.492718
vt 0.882133 0.499494
vt 0.877730 0.515377
vt 0.218323 0.043965
vt 0.558016 0.118019
vt 0.228168 0.076668
vt 0.190898 0.080124
vt 0.151725 0.721073
vt 0.112053 0.858591
vt 0.964225 0.954719
vt 0.956396 0.957134
vt 0.200175 0.773697
vt 0.212920 0.797513
vt 0.721912 0.737793
vt 0.994210 0.082793
vt 0.986077 0.060584
vt 0.988050 0.059839
vt 0.987707 0.062845
vt 0.739953 0.040936
vt 0.008913 0.168048
vt 0.006881 0.170346
vt 0.006764 0.167672
vt 0.005150 0.172741
vt 0.846295 0.234625
vt 0.073089 0.049561
vt 0.094890 0.025618
vt 0.755204 0.076268
vt 0.670648 0.152422
vt 0.666387 0.140498
vt 0.904807 0.500562
vt 0.250225 0.059388
vt 0.164215 0.670127
vt 0.754292 0.090717
vt 0.227791 0.830749
vt 0.232187 0.768986
vt 0.839104 0.809442
vt 0.818098 0.832950
vt 0.310505 0.039093
vt 0.821834 0.382130
vt 0.006017 0.169318
vt 0.005951 0.168089
vt 0.748906 0.083185
vt 0.848805 0.232371
vt 0.847819 0.229943
vt 0.048579 0.080134
vt 0.057015 0.069055
vt 0.919885 0.385138
vt 0.907208 0.333544
vt 0.690802 0.180436
vt 0.826773 0.769426
vt 0.908170 0.508304
vt 0.197162 0.075296
vt 0.116258 0.873338
vt 0.066400 0.106429
vt 0.009651 0.803396
vt 0.005218 0.801172
vt 0.009080 0.799151
vt 0.734658 0.087755
vt 0.864185 0.241447
vt 0.840074 0.232526
vt 0.923994 0.221872
vt 0.897792 0.278800
vt 0.718069 0.179678
vt 0.676319 0.161463
vt 0.660356 0.128376
vt 0.923189 0.461832
vt 0.208240 0.074808
vt 0.863246 0.929877
vt 0.118209 0.898257
vt 0.942034 0.966104
vt 0.855852 0.964445
vt 0.991312 0.951007
vt 0.988845 0.932229
vt 0.991329 0.949815
vt 0.991448 0.899138
vt 0.988617 0.930889
vt 0.988780 0.919163
vt 0.006527 0.332529
vt 0.006712 0.328428
vt 0.007964 0.342611
vt 0.007608 0.464344
vt 0.009432 0.458057
vt 0.006999 0.477640
vt 0.990416 0.949769
vt 0.990893 0.948715
vt 0.223210 0.948795
vt 0.227385 0.945465
vt 0.226128 0.946708
vt 0.226236 0.949633
vt 0.991697 0.953560
vt 0.837135 0.976127
vt 0.838694 0.975595
vt 0.838311 0.978960
vt 0.224684 0.946178
vt 0.227932 0.944405
vt 0.230043 0.943946
vt 0.272152 0.848314
vt 0.817721 0.814998
vt 0.751662 0.704873
vt 0.011566 0.798425
vt 0.010017 0.798835
vt 0.011317 0.833204
vt 0.013152 0.829774
vt 0.011131 0.833844
vt 0.992050 0.077404
vt 0.991571 0.076242
vt 0.012215 0.835116
vt 0.011063 0.834954
vt 0.012173 0.844690
vt 0.009105 0.844367
vt 0.012773 0.844452
vt 0.347648 0.025570
vt 0.349800 0.032917
vt 0.346200 0.034749
vt 0.348444 0.035780
vt 0.986818 0.066084
vt 0.733935 0.089762
vt 0.732240 0.094600
vt 0.731866 0.093904
vt 0.731710 0.093093
vt 0.862496 0.234119
vt 0.862188 0.233104
vt 0.862314 0.234328
vt 0.862481 0.234637
vt 0.992278 0.077041
vt 0.992395 0.077193
vt 0.671542 0.251807
vt 0.739742 0.172622
vt 0.703185 0.179075
vt 0.688510 0.177350
vt 0.680743 0.164697
vt 0.681609 0.171235
vt 0.905366 0.486609
vt 0.895738 0.509994
vt 0.256952 0.070033
vt 0.247286 0.071453
vt 0.121129 0.775997
vt 0.771928 0.068927
vt 0.969352 0.948464
vt 0.832472 0.962670
vt 0.835873 0.973625
vt 0.232329 0.925161
vt 0.840613 0.968314
vt 0.232546 0.935325
vt 0.230621 0.941138
vt 0.233395 0.925234
vt 0.840905 0.972800
vt 0.994869 0.006014
vt 0.980362 0.915574
vt 0.733342 0.032797
vt 0.732055 0.020601
vt 0.733661 0.032473
vt 0.734506 0.046287
vt 0.005069 0.340209
vt 0.009575 0.464204
vt 0.008782 0.475476
vt 0.011082 0.489572
vt 0.007536 0.486846
vt 0.010511 0.489858
vt 0.005553 0.493595
vt 0.814816 0.953431
vt 0.812427 0.939164
vt 0.817052 0.958046
vt 0.742816 0.054538
vt 0.740255 0.068572
vt 0.816045 0.953264
vt 0.743120 0.044464
vt 0.729666 0.094809
vt 0.731306 0.091522
vt 0.820019 0.960416
vt 0.819827 0.960582
vt 0.817173 0.958343
vt 0.987092 0.065265
vt 0.821005 0.961582
vt 0.818897 0.962644
vt 0.817486 0.960768
vt 0.816115 0.959945
vt 0.813889 0.960176
vt 0.814051 0.962540
vt 0.349811 0.036866
vt 0.349124 0.038192
vt 0.348575 0.035547
vt 0.240794 0.959922
vt 0.241282 0.959131
vt 0.233319 0.973060
vt 0.010410 0.845861
vt 0.009508 0.845679
vt 0.012103 0.845207
vt 0.239594 0.960059
vt 0.238356 0.960408
vt 0.235854 0.962595
vt 0.236805 0.961578
vt 0.236548 0.960481
vt 0.012404 0.846512
vt 0.010707 0.846049
vt 0.234806 0.959256
vt 0.991437 0.075877
vt 0.991117 0.075268
vt 0.991794 0.076061
vt 0.234065 0.957325
vt 0.235648 0.958198
vt 0.012366 0.835767
vt 0.012797 0.833864
vt 0.791119 0.161712
vt 0.916379 0.477938
vt 0.231080 0.071259
vt 0.220889 0.073535
vt 0.148673 0.730361
vt 0.116623 0.763919
vt 0.945124 0.962615
vt 0.179252 0.945595
vt 0.839639 0.976093
vt 0.840383 0.976102
vt 0.838489 0.977877
vt 0.838512 0.980274
vt 0.253897 0.847740
vt 0.820176 0.796867
vt 0.740427 0.691514
vt 0.750494 0.696672
vt 0.752571 0.691838
vt 0.762060 0.696838
vt 0.758169 0.693280
vt 0.010754 0.808825
vt 0.010724 0.809702
vt 0.758181 0.692873
vt 0.758157 0.692191
vt 0.758158 0.691307
vt 0.011226 0.808377
vt 0.012960 0.804015
vt 0.011933 0.799568
vt 0.010703 0.797151
vt 0.011888 0.796348
vt 0.010019 0.798419
vt 0.009193 0.183284
vt 0.009725 0.183246
vt 0.009979 0.183902
vt 0.233545 0.956610
vt 0.232670 0.955900
vt 0.675518 0.255159
vt 0.673371 0.252273
vt 0.682579 0.323307
vt 0.678590 0.327838
vt 0.663374 0.330024
vt 0.687235 0.173444
vt 0.757840 0.073357
vt 0.652781 0.115005
vt 0.917280 0.442182
vt 0.930859 0.683173
vt 0.939885 0.654085
vt 0.935829 0.679504
vt 0.166755 0.653326
vt 0.162657 0.662861
vt 0.162286 0.663298
vt 0.149045 0.723833
vt 0.105926 0.916425
vt 0.180668 0.946959
vt 0.184821 0.949708
vt 0.141189 0.942370
vt 0.008278 0.632165
vt 0.008973 0.633816
vt 0.008922 0.633996
vt 0.009301 0.633630
vt 0.008553 0.632741
vt 0.009974 0.632181
vt 0.758322 0.691876
vt 0.758281 0.692897
vt 0.758286 0.691836
vt 0.007301 0.186949
vt 0.007846 0.187083
vt 0.007557 0.187398
vt 0.008707 0.186178
vt 0.008170 0.187528
vt 0.010687 0.835147
vt 0.008391 0.182821
vt 0.231920 0.954811
vt 0.232622 0.955526
vt 0.048076 0.081419
vt 0.509548 0.958126
vt 0.508983 0.957878
vt 0.508887 0.957659
vt 0.673608 0.252040
vt 0.162194 0.662816
vt 0.161234 0.662398
vt 0.059035 0.084522
vt 0.962344 0.948320
vt 0.142293 0.948992
vt 0.915519 0.278582
vt 0.914377 0.287260
vt 0.900687 0.276784
vt 0.224434 0.946496
vt 0.727819 0.959726
vt 0.721417 0.960265
vt 0.723899 0.949179
vt 0.721017 0.959175
vt 0.737062 0.953276
vt 0.734936 0.955825
vt 0.011116 0.841288
vt 0.011438 0.842062
vt 0.010066 0.842080
vt 0.883352 0.043588
vt 0.881319 0.046640
vt 0.884198 0.044638
vt 0.880737 0.047576
vt 0.880277 0.047930
vt 0.224761 0.955684
vt 0.222691 0.957435
vt 0.224287 0.954134
vt 0.221711 0.955516
vt 0.221749 0.955384
vt 0.881904 0.048469
vt 0.883311 0.049186
vt 0.883113 0.047297
vt 0.221789 0.957135
vt 0.220931 0.960344
vt 0.222307 0.960974
vt 0.226376 0.957602
vt 0.222461 0.954392
vt 0.009754 0.248254
vt 0.009737 0.248455
vt 0.008147 0.247517
vt 0.011004 0.249671
vt 0.010745 0.250042
vt 0.745719 0.941351
vt 0.786314 0.751871
vt 0.731084 0.793581
vt 0.758003 0.764661
vt 0.766254 0.748155
vt 0.760119 0.692891
vt 0.494987 0.926106
vt 0.494151 0.925364
vt 0.494597 0.924608
vt 0.493891 0.923596
vt 0.006847 0.833803
vt 0.006816 0.835412
vt 0.006644 0.835994
vt 0.011009 0.796492
vt 0.008483 0.182746
vt 0.992593 0.077320
vt 0.992613 0.077421
vt 0.992489 0.077231
vt 0.238708 0.959099
vt 0.237232 0.958887
vt 0.005959 0.182572
vt 0.005812 0.183939
vt 0.011071 0.184563
vt 0.232535 0.955040
vt 0.848190 0.231009
vt 0.890004 0.856616
vt 0.889207 0.852639
vt 0.508859 0.954139
vt 0.509478 0.954465
vt 0.511687 0.956738
vt 0.510376 0.958589
vt 0.515303 0.959518
vt 0.505431 0.966355
vt 0.186204 0.073187
vt 0.167065 0.073622
vt 0.141026 0.643146
vt 0.118952 0.909986
vt 0.091918 0.924761
vt 0.945932 0.958180
vt 0.175020 0.943468
vt 0.007036 0.248982
vt 0.006654 0.248896
vt 0.007995 0.246700
vt 0.006269 0.247898
vt 0.005378 0.249296
vt 0.005116 0.249003
vt 0.008829 0.247382
vt 0.760319 0.693157
vt 0.009594 0.636165
vt 0.009625 0.635050
vt 0.009839 0.636243
vt 0.495007 0.928563
vt 0.494270 0.926451
vt 0.496642 0.930158
vt 0.496023 0.927929
vt 0.008513 0.634632
vt 0.007122 0.185909
vt 0.006809 0.187988
vt 0.006106 0.189285
vt 0.006339 0.188490
vt 0.007193 0.187357
vt 0.007074 0.187090
vt 0.009164 0.186145
vt 0.847613 0.229707
vt 0.838724 0.228388
vt 0.947780 0.233461
vt 0.668960 0.134291
vt 0.645959 0.107176
vt 0.912088 0.456055
vt 0.236347 0.052649
vt 0.106928 0.839586
vt 0.064921 0.113629
vt 0.059840 0.094828
vt 0.005486 0.238218
vt 0.006672 0.237607
vt 0.008118 0.248636
vt 0.294770 0.862499
vt 0.264003 0.844302
vt 0.749111 0.731510
vt 0.761001 0.692865
vt 0.760367 0.692095
vt 0.009566 0.633941
vt 0.008334 0.633094
vt 0.007860 0.633888
vt 0.005944 0.185701
vt 0.010152 0.186378
vt 0.677825 0.274894
vt 0.657720 0.328537
vt 0.932095 0.685677
vt 0.866960 0.536151
vt 0.891363 0.514082
vt 0.881774 0.486591
vt 0.887112 0.513095
vt 0.884952 0.508083
vt 0.908287 0.720294
vt 0.875265 0.739416
vt 0.917951 0.713292
vt 0.884596 0.512559
vt 0.915836 0.714971
vt 0.932898 0.704127
vt 0.143229 0.715372
vt 0.048762 0.083992
vt 0.883433 0.051478
vt 0.883531 0.050581
vt 0.883800 0.050850
vt 0.883666 0.049761
vt 0.883938 0.048611
vt 0.008114 0.157787
vt 0.008897 0.158474
vt 0.007875 0.158747
vt 0.008716 0.161125
vt 0.005990 0.849754
vt 0.006658 0.850671
vt 0.226570 0.958146
vt 0.883895 0.049711
vt 0.010814 0.215229
vt 0.010251 0.214078
vt 0.010728 0.214362
vt 0.226695 0.956184
vt 0.225826 0.955052
vt 0.883327 0.050411
vt 0.005117 0.845345
vt 0.005083 0.845030
vt 0.005309 0.845426
vt 0.009187 0.246748
vt 0.177499 0.946658
vt 0.294608 0.861134
vt 0.287707 0.854166
vt 0.763972 0.701232
vt 0.497466 0.929525
vt 0.496570 0.927893
vt 0.006031 0.833549
vt 0.011483 0.846809
vt 0.006961 0.181544
vt 0.006370 0.181423
vt 0.005982 0.835244
vt 0.006070 0.836195
vt 0.011652 0.795238
vt 0.010658 0.847616
vt 0.005720 0.180678
vt 0.011908 0.794986
vt 0.012135 0.794257
vt 0.012607 0.793627
vt 0.013191 0.846764
vt 0.344826 0.034687
vt 0.343170 0.037683
vt 0.346261 0.038727
vt 0.243210 0.958470
vt 0.349897 0.042671
vt 0.350100 0.043181
vt 0.348832 0.041245
vt 0.349146 0.042113
vt 0.005050 0.181312
vt 0.339384 0.038770
vt 0.337040 0.038814
vt 0.341718 0.038380
vt 0.348433 0.040759
vt 0.339785 0.038822
vt 0.342839 0.039014
vt 0.005521 0.830902
vt 0.005207 0.835445
vt 0.005157 0.833682
vt 0.008474 0.636203
vt 0.009316 0.638140
vt 0.501358 0.929460
vt 0.346700 0.040062
vt 0.347707 0.041660
vt 0.006903 0.420081
vt 0.005857 0.418772
vt 0.005101 0.415997
vt 0.345872 0.041722
vt 0.817232 0.961794
vt 0.005989 0.661342
vt 0.006266 0.415317
vt 0.009465 0.707864
vt 0.009244 0.709752
vt 0.009978 0.688275
vt 0.008900 0.707061
vt 0.009628 0.692647
vt 0.006094 0.404283
vt 0.006045 0.402201
vt 0.005949 0.401045
vt 0.007687 0.693741
vt 0.005721 0.676108
vt 0.006396 0.388481
vt 0.005820 0.397241
vt 0.006827 0.386317
vt 0.006628 0.383944
vt 0.006900 0.382357
vt 0.005664 0.373825
vt 0.006789 0.379199
vt 0.008398 0.373914
vt 0.007010 0.374525
vt 0.006356 0.373246
vt 0.006728 0.369634
vt 0.947049 0.273632
vt 0.960712 0.270378
vt 0.973916 0.270825
vt 0.007759 0.366819
vt 0.006878 0.364796
vt 0.006324 0.365140
vt 0.006312 0.363957
vt 0.006388 0.364438
vt 0.968439 0.958405
vt 0.967565 0.959565
vt 0.967244 0.960365
vt 0.964752 0.962983
vt 0.974373 0.946835
vt 0.966988 0.960265
vt 0.969306 0.956586
vt 0.968070 0.958680
vt 0.931558 0.275345
vt 0.943349 0.274018
vt 0.932863 0.275654
vt 0.937705 0.275194
vt 0.955970 0.965345
vt 0.918597 0.278497
vt 0.918797 0.277822
vt 0.952402 0.966262
vt 0.914283 0.277302
vt 0.231140 0.945476
vt 0.231820 0.944916
vt 0.232350 0.947261
vt 0.733389 0.956032
vt 0.010183 0.840255
vt 0.179859 0.947004
vt 0.180206 0.947068
vt 0.224089 0.948243
vt 0.225309 0.949614
vt 0.229071 0.947615
vt 0.688360 0.966792
vt 0.688782 0.971205
vt 0.688492 0.970820
vt 0.731251 0.958680
vt 0.691999 0.979225
vt 0.692420 0.980396
vt 0.729667 0.959583
vt 0.009612 0.839709
vt 0.009650 0.839604
vt 0.008837 0.839439
vt 0.182518 0.949691
vt 0.008584 0.841924
vt 0.011654 0.841201
vt 0.010119 0.839549
vt 0.009691 0.837460
vt 0.730110 0.962124
vt 0.685267 0.967566
vt 0.687414 0.970547
vt 0.685289 0.967874
vt 0.008631 0.840043
vt 0.176656 0.949818
vt 0.010927 0.839143
vt 0.730221 0.962673
vt 0.899404 0.275399
vt 0.896391 0.276213
vt 0.890817 0.274769
vt 0.883787 0.271501
vt 0.881530 0.271680
vt 0.879274 0.270792
vt 0.218145 0.959697
vt 0.880056 0.043894
vt 0.876840 0.042443
vt 0.877144 0.043471
vt 0.876743 0.043506
vt 0.690317 0.961611
vt 0.692448 0.959918
vt 0.686221 0.966699
vt 0.691371 0.962336
vt 0.688816 0.965382
vt 0.681247 0.965519
vt 0.010891 0.151344
vt 0.009272 0.149213
vt 0.010189 0.149503
vt 0.679146 0.964046
vt 0.010965 0.148630
vt 0.230735 0.952422
vt 0.228871 0.947766
vt 0.230665 0.949887
vt 0.230459 0.949855
vt 0.230314 0.948932
vt 0.678575 0.965905
vt 0.231720 0.950819
vt 0.896072 0.273819
vt 0.887236 0.274491
vt 0.889625 0.272235
vt 0.008473 0.165348
vt 0.006963 0.165384
vt 0.010022 0.165276
vt 0.005070 0.164713
vt 0.007453 0.828208
vt 0.007836 0.827690
vt 0.007192 0.164141
vt 0.005143 0.274724
vt 0.008162 0.825505
vt 0.005109 0.270370
vt 0.006036 0.270395
vt 0.005752 0.268964
vt 0.008270 0.849131
vt 0.226647 0.967690
vt 0.226818 0.969376
vt 0.225621 0.962804
vt 0.225766 0.964411
vt 0.010541 0.826884
vt 0.227038 0.968971
vt 0.227995 0.963373
vt 0.229014 0.960698
vt 0.229264 0.958694
vt 0.229009 0.956910
vt 0.011031 0.214411
vt 0.005949 0.845574
vt 0.006233 0.845379
vt 0.006203 0.844261
vt 0.932547 0.971817
vt 0.934536 0.967298
vt 0.934530 0.969583
vt 0.262153 0.784703
vt 0.760894 0.692017
vt 0.761092 0.692539
vt 0.005834 0.185717
vt 0.006011 0.187487
vt 0.846060 0.225648
vt 0.841759 0.220631
vt 0.739524 0.690654
vt 0.927954 0.396234
vt 0.927766 0.408967
vt 0.923362 0.378458
vt 0.702147 0.175889
vt 0.657200 0.115411
vt 0.930803 0.430464
vt 0.876977 0.481209
vt 0.195550 0.037148
vt 0.143424 0.081968
vt 0.098519 0.915787
vt 0.935313 0.968816
vt 0.886809 0.063722
vt 0.885041 0.053677
vt 0.010460 0.212966
vt 0.229713 0.957191
vt 0.005939 0.843971
vt 0.008942 0.240272
vt 0.256742 0.815403
vt 0.260181 0.769979
vt 0.008187 0.229030
vt 0.665898 0.225597
vt 0.666697 0.227480
vt 0.661388 0.223087
vt 0.667166 0.228410
vt 0.005419 0.187245
vt 0.758152 0.692124
vt 0.011813 0.808461
vt 0.655474 0.248441
vt 0.948097 0.710832
vt 0.153583 0.073811
vt 0.141881 0.707500
vt 0.142662 0.723401
vt 0.108989 0.780036
vt 0.096708 0.807063
vt 0.942311 0.977460
vt 0.942650 0.978102
vt 0.942803 0.978397
vt 0.005664 0.841223
vt 0.008785 0.787804
vt 0.005558 0.794397
vt 0.008645 0.787794
vt 0.008579 0.227584
vt 0.010572 0.632528
vt 0.012005 0.808461
vt 0.941989 0.231993
vt 0.678134 0.147909
vt 0.343347 0.289804
vt 0.339048 0.304152
vt 0.328489 0.306351
vt 0.983071 0.741392
vt 0.192619 0.016521
vt 0.208510 0.070778
vt 0.138158 0.107836
vt 0.113927 0.880232
vt 0.005932 0.843396
vt 0.816919 0.747665
vt 0.770387 0.698027
vt 0.768718 0.696785
vt 0.013135 0.788828
vt 0.008224 0.227855
vt 0.007834 0.227070
vt 0.005335 0.224880
vt 0.666488 0.234583
vt 0.667274 0.229676
vt 0.012540 0.809219
vt 0.663968 0.240043
vt 0.692869 0.317906
vt 0.928488 0.227473
vt 0.917588 0.352145
vt 0.765646 0.164837
vt 0.737890 0.169125
vt 0.918107 0.433475
vt 0.930623 0.637972
vt 0.201205 0.040111
vt 0.230631 0.059332
vt 0.143966 0.698524
vt 0.974614 0.939406
vt 0.949331 0.948956
vt 0.010809 0.206579
vt 0.010367 0.212094
vt 0.008177 0.210822
vt 0.010434 0.179416
vt 0.009071 0.178714
vt 0.010037 0.178327
vt 0.006636 0.845411
vt 0.006921 0.845215
vt 0.008065 0.175593
vt 0.008486 0.174615
vt 0.009878 0.172402
vt 0.778951 0.725769
vt 0.731042 0.683186
vt 0.670296 0.127560
vt 0.648809 0.104000
vt 0.865282 0.469495
vt 0.186963 0.069537
vt 0.135780 0.073582
vt 0.117610 0.738664
vt 0.935834 0.963543
vt 0.009986 0.214015
vt 0.010263 0.173806
vt 0.008884 0.177315
vt 0.007018 0.159617
vt 0.009577 0.161875
vt 0.007311 0.160543
vt 0.007463 0.178003
vt 0.007766 0.176989
vt 0.288073 0.850421
vt 0.273739 0.801325
vt 0.864650 0.019932
vt 0.864336 0.017445
vt 0.867466 0.035556
vt 0.866101 0.018088
vt 0.913200 0.330315
vt 0.787015 0.159429
vt 0.391593 0.318584
vt 0.385365 0.326801
vt 0.389096 0.317695
vt 0.899491 0.444535
vt 0.896650 0.464003
vt 0.104148 0.848173
vt 0.282500 0.842778
vt 0.777312 0.703655
vt 0.324808 0.296643
vt 0.870877 0.464368
vt 0.100647 0.839272
vt 0.288738 0.825003
vt 0.784463 0.699197
vt 0.774153 0.693514
vt 0.816752 0.148156
vt 0.730114 0.167477
vt 0.390886 0.325076
vt 0.213560 0.065095
vt 0.110182 0.870462
vt 0.929503 0.969636
vt 0.928210 0.970076
vt 0.292715 0.853169
vt 0.292860 0.853148
vt 0.293707 0.853451
vt 0.928476 0.969265
vt 0.006343 0.177490
vt 0.005686 0.178098
vt 0.291970 0.853664
vt 0.285687 0.845749
vt 0.835998 0.218021
vt 0.687393 0.301077
vt 0.857329 0.131505
vt 0.390417 0.308983
vt 0.907968 0.430017
vt 0.184614 0.046090
vt 0.197340 0.065452
vt 0.129285 0.097879
vt 0.118347 0.117523
vt 0.122562 0.101674
vt 0.132869 0.664094
vt 0.107381 0.861609
vt 0.929411 0.968914
vt 0.008632 0.178086
vt 0.291937 0.853122
vt 0.811553 0.724534
vt 0.867113 0.040699
vt 0.872195 0.057603
vt 0.611668 0.347268
vt 0.585801 0.354415
vt 0.598279 0.348102
vt 0.898260 0.433402
vt 0.134741 0.083723
vt 0.136401 0.676909
vt 0.134530 0.714379
vt 0.109438 0.742222
vt 0.111571 0.750384
vt 0.110316 0.887418
vt 0.928496 0.969127
vt 0.006740 0.158505
vt 0.005347 0.160900
vt 0.006211 0.161024
vt 0.221545 0.937148
vt 0.225397 0.934255
vt 0.220692 0.946506
vt 0.219503 0.940355
vt 0.219066 0.947680
vt 0.780075 0.688950
vt 0.217142 0.946831
vt 0.218120 0.957068
vt 0.218106 0.954555
vt 0.006152 0.774715
vt 0.008640 0.784271
vt 0.761384 0.691782
vt 0.761427 0.691463
vt 0.007083 0.230868
vt 0.005104 0.235292
vt 0.007354 0.234156
vt 0.007558 0.233794
vt 0.007867 0.234326
vt 0.010788 0.234677
vt 0.217562 0.956856
vt 0.172320 0.606117
vt 0.178545 0.598765
vt 0.171891 0.606923
vt 0.183470 0.593704
vt 0.191552 0.584576
vt 0.165602 0.614162
vt 0.172534 0.606449
vt 0.179202 0.599317
vt 0.163798 0.614620
vt 0.114400 0.622856
vt 0.007607 0.659064
vt 0.010650 0.254611
vt 0.010950 0.252156
vt 0.011049 0.269710
vt 0.011137 0.255259
vt 0.010129 0.260471
vt 0.091670 0.627435
vt 0.145497 0.619349
vt 0.009718 0.395575
vt 0.011092 0.402013
vt 0.009639 0.408257
vt 0.009771 0.408702
vt 0.009382 0.408742
vt 0.009145 0.386411
vt 0.009498 0.411844
vt 0.009749 0.411879
vt 0.009581 0.414038
vt 0.739849 0.965328
vt 0.742331 0.964047
vt 0.736295 0.969901
vt 0.860264 0.068414
vt 0.867056 0.060316
vt 0.865656 0.063120
vt 0.220346 0.902145
vt 0.223783 0.911812
vt 0.220650 0.905189
vt 0.740072 0.967904
vt 0.741986 0.964971
vt 0.009319 0.412598
vt 0.009632 0.411936
vt 0.743732 0.968780
vt 0.742331 0.965552
vt 0.219341 0.903234
vt 0.009387 0.418004
vt 0.009821 0.412565
vt 0.217769 0.897923
vt 0.217208 0.897704
vt 0.011882 0.824549
vt 0.009005 0.272344
vt 0.008696 0.822245
vt 0.012622 0.819551
vt 0.228982 0.975293
vt 0.005130 0.161667
vt 0.005396 0.161343
vt 0.005000 0.161888
vt 0.007220 0.161322
vt 0.295674 0.853804
vt 0.789364 0.704433
vt 0.660014 0.227945
vt 0.948207 0.244701
vt 0.660572 0.113147
vt 0.395921 0.317561
vt 0.357572 0.298212
vt 0.185187 0.030466
vt 0.157459 0.069698
vt 0.141077 0.701256
vt 0.088384 0.787876
vt 0.047156 0.102158
vt 0.964246 0.928714
vt 0.922204 0.969020
vt 0.925693 0.970318
vt 0.012243 0.824284
vt 0.225776 0.965549
vt 0.923232 0.972257
vt 0.925457 0.970438
vt 0.863291 0.054442
vt 0.880313 0.062789
vt 0.624781 0.346426
vt 0.618278 0.342033
vt 0.796402 0.153211
vt 0.316668 0.266698
vt 0.807406 0.113638
vt 0.812101 0.111006
vt 0.845938 0.121271
vt 0.928009 0.961255
vt 0.934355 0.951201
vt 0.929859 0.964715
vt 0.011079 0.821280
vt 0.012388 0.827580
vt 0.925281 0.970254
vt 0.872880 0.041488
vt 0.941892 0.237804
vt 0.580320 0.352327
vt 0.836706 0.137619
vt 0.766099 0.160618
vt 0.652675 0.102711
vt 0.644917 0.096193
vt 0.375297 0.299622
vt 0.371170 0.286283
vt 0.335741 0.272739
vt 0.879371 0.468920
vt 0.180121 0.065746
vt 0.138414 0.691698
vt 0.101704 0.852976
vt 0.110284 0.878674
vt 0.013116 0.820632
vt 0.298958 0.853148
vt 0.219983 0.920598
vt 0.226408 0.927065
vt 0.651187 0.205811
vt 0.165520 0.065044
vt 0.146674 0.069377
vt 0.083024 0.770267
vt 0.090844 0.810982
vt 0.094613 0.826991
vt 0.098714 0.843441
vt 0.630621 0.335963
vt 0.607781 0.342474
vt 0.688525 0.136307
vt 0.395106 0.310183
vt 0.356694 0.278937
vt 0.854539 0.455871
vt 0.132683 0.070432
vt 0.836539 0.115654
vt 0.115286 0.714287
vt 0.103182 0.863420
vt 0.749353 0.964170
vt 0.749517 0.970523
vt 0.744353 0.949675
vt 0.749422 0.970939
vt 0.649868 0.177884
vt 0.656771 0.172370
vt 0.647403 0.184101
vt 0.657486 0.173023
vt 0.226198 0.911008
vt 0.226350 0.910092
vt 0.230698 0.905325
vt 0.736259 0.965275
vt 0.742884 0.957711
vt 0.646478 0.185816
vt 0.314698 0.837327
vt 0.232774 0.907633
vt 0.736416 0.960065
vt 0.739555 0.956152
vt 0.300700 0.842297
vt 0.230308 0.909708
vt 0.569357 0.359821
vt 0.384420 0.288879
vt 0.384398 0.298431
vt 0.375994 0.273739
vt 0.886406 0.067954
vt 0.817523 0.142576
vt 0.865943 0.454228
vt 0.179197 0.016478
vt 0.640786 0.172648
vt 0.647642 0.177120
vt 0.584907 0.348368
vt 0.567086 0.354466
vt 0.862016 0.126605
vt 0.760619 0.159021
vt 0.402114 0.313548
vt 0.178439 0.015904
vt 0.128207 0.688706
vt 0.106506 0.740271
vt 0.645880 0.090741
vt 0.389310 0.293801
vt 0.331629 0.256150
vt 0.850620 0.447721
vt 0.169020 0.044303
vt 0.128411 0.662827
vt 0.133428 0.680732
vt 0.790324 0.151422
vt 0.381702 0.272205
vt 0.871886 0.453613
vt 0.144790 0.053205
vt 0.145421 0.041513
vt 0.139255 0.066396
vt 0.828546 0.110608
vt 0.851534 0.116924
vt 0.135876 0.693186
vt 0.647857 0.187150
vt 0.632884 0.206779
vt 0.635254 0.239593
vt 0.841681 0.133240
vt 0.347996 0.268237
vt 0.089640 0.818475
vt 0.090975 0.829731
vt 0.093392 0.841429
vt 0.629941 0.276544
vt 0.396391 0.301136
vt 0.885896 0.450741
vt 0.133442 0.687535
vt 0.376824 0.261268
vt 0.367596 0.269677
vt 0.155777 0.029161
vt 0.125003 0.086199
vt 0.864491 0.124048
vt 0.802759 0.105573
vt 0.083031 0.790742
vt 0.085852 0.807939
vt 0.844208 0.438861
vt 0.156518 0.038803
vt 0.107332 0.736713
vt 0.106747 0.736432
vt 0.107184 0.736580
vt 0.103666 0.726809
vt 0.107094 0.736527
vt 0.013407 0.092319
vt 0.133779 0.064380
vt 0.104856 0.728245
vt 0.633399 0.166018
vt 0.617730 0.179360
vt 0.364692 0.261989
vt 0.161415 0.016526
vt 0.127625 0.078514
vt 0.126213 0.669673
vt 0.379400 0.260430
vt 0.343054 0.254489
vt 0.871042 0.438352
vt 0.750790 0.958059
vt 0.749211 0.947995
vt 0.764494 0.971084
vt 0.764733 0.970719
vt 0.121502 0.085281
vt 0.848533 0.345533
vt 0.850084 0.334708
vt 0.851960 0.345403
vt 0.079514 0.735505
vt 0.615009 0.255728
vt 0.134966 0.050123
vt 0.112200 0.721427
vt 0.080036 0.790980
vt 0.552196 0.357614
vt 0.854506 0.438140
vt 0.763686 0.964492
vt 0.749767 0.941234
vt 0.856542 0.113549
vt 0.076500 0.772092
vt 0.086071 0.818589
vt 0.391355 0.280509
vt 0.384236 0.263255
vt 0.354468 0.252360
vt 0.759372 0.967476
vt 0.765381 0.963820
vt 0.850907 0.347608
vt 0.833503 0.085081
vt 0.075649 0.750503
vt 0.081504 0.803242
vt 0.065931 0.811082
vt 0.940682 0.896602
vt 0.989648 0.895557
vt 0.607918 0.219043
vt 0.579794 0.286892
vt 0.372620 0.250388
vt 0.757904 0.968974
vt 0.148173 0.016369
vt 0.865168 0.122716
vt 0.578190 0.245323
vt 0.136528 0.037898
vt 0.905414 0.090095
vt 0.897269 0.097600
vt 0.895849 0.093606
vt 0.875771 0.110821
vt 0.869763 0.120868
vt 0.070105 0.753915
vt 0.855913 0.424668
vt 0.832366 0.428645
vt 0.149817 0.016061
vt 0.885933 0.105904
vt 0.887918 0.108018
vt 0.877294 0.116712
vt 0.921201 0.398648
vt 0.910532 0.403326
vt 0.909382 0.397946
vt 0.771362 0.096003
vt 0.069864 0.760496
vt 0.595221 0.191465
vt 0.896299 0.395805
vt 0.347468 0.243038
vt 0.101382 0.720820
vt 0.462073 0.311399
vt 0.745119 0.090104
vt 0.896434 0.391767
vt 0.880192 0.417302
vt 0.131241 0.051566
vt 0.553296 0.227649
vt 0.572354 0.269888
vt 0.418285 0.342211
vt 0.380369 0.234174
vt 0.918392 0.395334
vt 0.365592 0.242176
vt 0.891221 0.424209
vt 0.136736 0.027645
vt 0.902032 0.081846
vt 0.050460 0.876966
vt 0.394562 0.261951
vt 0.845457 0.414287
vt 0.827761 0.424255
vt 0.830651 0.427673
vt 0.103939 0.711904
vt 0.585554 0.155824
vt 0.544256 0.256650
vt 0.133292 0.027305
vt 0.946024 0.875958
vt 0.983503 0.846117
vt 0.988054 0.890815
vt 0.886180 0.388461
vt 0.882214 0.103539
vt 0.897647 0.401476
vt 0.821844 0.419371
vt 0.922821 0.044867
vt 0.907154 0.066845
vt 0.068625 0.731917
vt 0.064959 0.739511
vt 0.520943 0.236538
vt 0.505743 0.284896
vt 0.909398 0.408014
vt 0.868400 0.406139
vt 0.097138 0.709914
vt 0.419104 0.283838
vt 0.064373 0.748827
vt 0.013261 0.781171
vt 0.530732 0.199840
vt 0.896947 0.075363
vt 0.883520 0.092850
vt 0.060351 0.734180
vt 0.876793 0.070699
vt 0.957065 0.840588
vt 0.094135 0.716903
vt 0.809347 0.425259
vt 0.063556 0.756098
vt 0.485692 0.185552
vt 0.539198 0.178190
vt 0.869905 0.385517
vt 0.854901 0.397931
vt 0.829091 0.410187
vt 0.881737 0.079026
vt 0.884417 0.397342
vt 0.485355 0.270734
vt 0.877723 0.380406
vt 0.839128 0.399505
vt 0.974593 0.789484
vt 0.992014 0.791882
vt 0.974106 0.792850
vt 0.056383 0.737491
vt 0.425880 0.228710
vt 0.881274 0.377130
vt 0.818271 0.416189
vt 0.807459 0.423385
vt 0.987684 0.815053
vt 0.093008 0.701240
vt 0.503637 0.215792
vt 0.369464 0.208385
vt 0.377723 0.197492
vt 0.944858 0.869097
vt 0.459444 0.260778
vt 0.994826 0.795985
vt 0.966584 0.813068
vt 0.947826 0.853774
vt 0.994419 0.808329
vt 0.980208 0.809601
vt 0.850565 0.389032
vt 0.960981 0.808595
vt 0.862869 0.374513
vt 0.946343 0.846271
vt 0.942754 0.855078
vt 0.944114 0.864367
vt 0.057411 0.722538
vt 0.956545 0.787998
vt 0.954978 0.823886
vt 0.971779 0.797609
vt 0.891566 0.066216
vt 0.053089 0.724970
vt 0.048933 0.724319
vt 0.364904 0.191238
vt 0.865019 0.369565
vt 0.838489 0.395496
vt 0.983980 0.804233
vt 0.935947 0.848544
vt 0.955501 0.790673
vt 0.955281 0.795305
vt 0.950514 0.830776
vt 0.947888 0.833843
vt 0.861753 0.370615
vt 0.854459 0.378827
vt 0.950878 0.809933
vt 0.949328 0.830959
vt 0.949421 0.830590
vt 0.949033 0.831005
vt 0.922105 0.850812
vt 0.054349 0.714257
vt 0.047875 0.707339
vt 0.948793 0.825713
vt 0.949091 0.830022
vt 0.949088 0.830450
vt 0.949085 0.830742
vt 0.079871 0.685632
vt 0.051954 0.698731
vt 0.040425 0.701311
vt 0.843382 0.385197
vt 0.834112 0.391830
vt 0.926778 0.774726
vt 0.928927 0.781668
vt 0.953174 0.804661
vt 0.955182 0.798779
vt 0.041920 0.701107
vt 0.935138 0.789488
vt 0.867415 0.364651
vt 0.945963 0.823358
vt 0.860241 0.364761
vt 0.936574 0.801084
vt 0.362453 0.174851
vt 0.402869 0.158270
vt 0.920450 0.785126
vt 0.855884 0.368480
vt 0.839575 0.382990
vt 0.938970 0.811590
vt 0.036522 0.695745
vt 0.923279 0.795430
vt 0.923284 0.801215
vt 0.885122 0.843987
vt 0.894734 0.821009
vt 0.857435 0.352882
vt 0.025673 0.687675
vt 0.029992 0.691070
vt 0.857420 0.316515
vt 0.858408 0.341340
vt 0.888156 0.193931
vt 0.883052 0.178279
vt 0.878317 0.160957
vt 0.885497 0.182615
vt 0.849202 0.364314
vt 0.833424 0.374762
vt 0.919668 0.805965
vt 0.038190 0.694907
vt 0.854526 0.357999
vt 0.032084 0.690333
vt 0.830887 0.371054
vt 0.843354 0.362298
vt 0.872818 0.138848
vt 0.873428 0.144888
vt 0.018556 0.680460
vt 0.024086 0.684284
vt 0.851981 0.353566
vt 0.829799 0.367418
vt 0.847746 0.346967
vt 0.847184 0.354668
vt 0.838569 0.344166
s 1
f 1279/1/1 1300/2/2 1268/3/3
f 1262/4/4 19/5/5 18/6/6
f 23/7/7 22/8/7 24/9/7
f 1245/10/8 22/8/9 23/7/10
f 1245/10/11 23/7/12 24/9/13
f 1128/11/14 1127/12/15 1122/13/16
f 41/14/17 1034/15/18 961/16/19
f 48/17/20 1019/18/21 892/19/22
f 52/20/23 53/21/24 1115/22/25
f 52/20/23 1115/22/25 54/23/26
f 54/24/27 53/25/28 55/26/29
f 53/25/24 52/27/23 55/26/30
f 55/28/30 52/20/23 1126/29/31
f 52/20/32 54/23/32 1126/29/32
f 1126/29/33 54/23/34 56/30/35
f 54/24/27 55/26/29 50/31/36
f 55/28/29 1126/29/37 50/32/36
f 56/30/35 54/23/34 50/33/38
f 49/34/39 56/35/35 50/36/38
f 49/34/39 50/36/38 57/37/40
f 50/38/36 51/39/41 58/40/42
f 51/39/43 49/34/39 58/40/44
f 49/34/39 57/37/40 58/40/44
f 57/41/45 50/42/36 60/43/46
f 60/43/46 50/42/36 58/44/42
f 58/45/44 57/46/40 59/47/47
f 57/41/45 60/43/46 59/48/48
f 1112/49/49 63/50/50 61/51/51
f 61/52/51 63/53/50 62/54/52
f 63/50/53 1112/49/54 64/55/55
f 64/55/55 1112/49/54 62/56/56
f 62/57/52 63/58/50 65/59/57
f 62/56/58 65/60/58 64/55/58
f 68/61/59 69/62/60 1011/63/61
f 1011/64/61 70/65/62 71/66/63
f 72/67/64 71/68/65 70/69/66
f 1011/63/61 69/62/67 70/70/62
f 78/71/68 77/72/69 79/73/70
f 81/74/71 80/75/72 77/72/73
f 78/76/74 80/75/72 82/77/75
f 77/72/69 78/71/68 81/74/76
f 81/74/76 78/71/68 83/78/77
f 82/79/75 84/80/78 85/81/79
f 85/81/80 84/80/80 86/82/80
f 88/83/81 83/78/77 86/84/82
f 86/82/83 84/80/84 89/85/85
f 86/84/82 89/86/86 88/83/81
f 789/87/87 790/88/88 935/89/89
f 975/90/90 96/91/91 977/92/92
f 979/93/93 97/94/94 981/95/95
f 874/96/96 981/95/95 97/94/94
f 97/94/97 984/97/98 96/98/99
f 96/98/100 984/97/100 981/99/100
f 96/98/101 981/99/102 874/100/103
f 874/96/96 97/94/94 98/101/104
f 98/101/105 97/94/97 96/98/99
f 819/102/106 109/103/107 937/104/108
f 122/105/109 123/106/110 124/107/111
f 124/107/111 123/106/110 125/108/112
f 123/106/110 122/105/109 121/109/113
f 713/110/114 122/105/115 124/107/116
f 119/111/117 127/112/118 124/107/116
f 119/111/119 124/107/111 125/108/112
f 121/109/113 122/105/109 126/113/120
f 123/106/121 121/109/122 715/114/123
f 715/114/123 121/109/122 120/115/124
f 713/110/114 124/107/116 127/112/118
f 125/108/125 123/106/121 715/114/123
f 873/116/126 130/117/127 702/118/128
f 131/119/129 100/120/130 702/121/131
f 702/122/128 130/123/127 132/124/132
f 757/125/133 130/123/134 131/126/129
f 149/127/135 155/128/136 151/129/137
f 155/128/136 160/130/138 150/131/139
f 155/128/136 150/131/139 151/129/137
f 153/132/140 152/133/141 160/134/138
f 152/133/141 150/135/139 160/134/138
f 160/130/138 155/128/136 154/136/142
f 155/128/136 149/127/135 156/137/143
f 149/127/135 151/129/144 577/138/145
f 577/138/145 151/129/144 158/139/146
f 154/136/142 157/140/147 160/130/138
f 161/141/148 160/130/138 157/140/147
f 162/142/149 577/138/150 158/139/151
f 151/129/137 150/131/139 562/143/152
f 153/132/140 160/134/138 159/144/153
f 160/130/138 161/141/148 148/145/154
f 165/146/155 164/147/156 171/148/157
f 169/149/158 164/150/159 167/151/160
f 164/150/156 165/152/155 168/153/161
f 164/147/156 166/154/162 171/148/157
f 166/154/163 164/147/159 169/155/158
f 168/156/161 165/157/155 170/158/164
f 166/154/162 172/159/165 171/148/157
f 164/150/159 168/153/166 167/151/160
f 554/160/167 168/156/161 170/158/164
f 179/161/168 178/162/169 180/163/170
f 184/164/171 178/162/169 182/165/172
f 178/162/169 179/161/168 181/166/173
f 183/167/174 180/163/170 177/168/175
f 179/161/168 180/163/170 183/167/174
f 180/163/170 178/162/169 174/169/176
f 182/165/172 178/162/169 181/166/173
f 177/168/175 175/170/177 176/171/178
f 174/169/176 178/162/169 184/164/171
f 181/166/173 179/161/168 183/167/174
f 176/171/178 175/170/177 197/172/179
f 191/173/180 175/170/177 177/168/175
f 183/167/174 177/168/175 186/174/181
f 182/165/172 181/166/173 189/175/182
f 188/176/183 187/177/184 190/178/185
f 181/166/173 183/167/174 173/179/186
f 173/179/186 183/167/174 186/174/181
f 177/168/175 176/171/178 186/174/181
f 192/180/187 194/181/188 189/175/182
f 189/175/182 194/181/188 182/165/172
f 194/181/189 193/182/189 182/165/189
f 194/183/188 192/180/187 182/165/172
f 615/184/190 181/166/173 142/185/191
f 186/174/192 176/171/193 195/186/194
f 175/170/177 191/173/180 146/187/170
f 177/168/175 180/163/170 174/169/176
f 184/164/171 182/165/172 185/188/195
f 182/165/172 192/180/187 185/188/195
f 192/180/187 189/175/182 185/188/195
f 142/185/191 181/166/173 173/179/186
f 191/173/180 177/168/175 174/169/176
f 230/189/196 206/190/197 207/191/198
f 211/192/199 209/193/200 243/194/201
f 209/193/200 210/195/202 243/194/201
f 217/196/203 218/197/204 214/198/205
f 215/199/206 224/200/207 214/201/205
f 214/198/205 213/202/208 215/203/206
f 213/202/209 214/198/205 218/197/204
f 218/197/204 217/196/203 216/204/210
f 216/204/211 217/196/211 219/205/211
f 213/202/208 231/206/212 215/203/206
f 218/197/213 216/204/214 223/207/215
f 219/205/216 217/196/216 221/208/216
f 226/209/217 217/196/203 214/198/205
f 213/202/209 218/197/204 222/210/218
f 214/201/205 224/200/207 226/211/217
f 221/208/219 217/196/220 226/209/221
f 223/212/215 232/213/222 234/214/223
f 227/215/224 212/216/225 203/217/226
f 226/211/217 224/200/207 233/218/227
f 242/219/228 223/207/215 216/204/214
f 219/205/229 212/216/225 227/215/224
f 212/216/225 208/220/230 203/217/226
f 210/195/231 206/190/197 228/221/232
f 206/190/197 230/189/196 228/221/232
f 219/205/229 225/222/233 220/223/234
f 225/222/235 219/205/236 221/208/237
f 239/224/238 224/200/207 215/199/206
f 231/206/212 213/202/209 222/210/218
f 222/210/239 218/197/213 512/225/240
f 234/214/223 232/213/222 492/226/241
f 232/213/222 223/212/215 242/227/228
f 216/204/242 219/205/242 227/215/242
f 235/228/243 227/229/243 236/230/243
f 237/231/244 236/232/244 238/233/244
f 236/232/245 227/234/245 238/233/245
f 238/235/246 227/236/247 232/213/248
f 232/213/248 227/236/247 203/237/249
f 208/238/230 206/190/197 210/195/231
f 210/195/202 228/221/250 243/194/201
f 212/216/225 219/205/229 220/223/234
f 512/225/240 218/197/213 223/207/215
f 227/239/251 205/240/252 240/241/253
f 227/242/254 235/243/255 205/244/256
f 205/244/256 235/243/255 241/245/257
f 246/246/258 241/247/259 204/248/260
f 241/249/261 235/228/261 204/250/261
f 204/250/262 235/228/262 240/251/262
f 240/251/263 235/228/264 242/252/265
f 235/228/264 236/230/266 242/252/265
f 236/253/267 246/246/268 242/254/267
f 246/246/269 237/255/269 242/254/269
f 242/227/228 237/256/270 238/235/271
f 208/238/230 210/195/231 209/193/272
f 512/257/240 223/258/215 550/259/273
f 245/260/274 234/261/223 492/262/241
f 240/241/253 205/240/252 204/263/275
f 205/244/276 241/245/277 246/264/278
f 236/232/279 237/231/279 246/265/279
f 237/255/280 246/246/258 204/248/260
f 205/266/281 246/265/282 237/231/283
f 253/267/284 204/268/260 256/269/285
f 205/240/286 257/270/286 204/263/286
f 247/271/287 257/272/288 205/266/281
f 237/255/280 204/248/260 247/273/289
f 247/271/287 205/266/281 248/274/290
f 205/266/281 237/231/283 248/274/290
f 237/255/280 247/273/289 249/275/291
f 247/271/287 248/274/290 249/276/292
f 250/277/293 237/255/280 249/275/291
f 248/274/290 237/231/283 250/278/294
f 249/275/295 248/279/295 251/280/295
f 248/274/290 250/278/294 251/281/296
f 250/277/293 249/275/291 252/282/297
f 253/267/284 252/283/297 251/284/298
f 252/282/297 249/275/291 251/280/298
f 251/285/296 250/286/294 256/287/299
f 250/286/294 252/288/300 256/287/299
f 252/283/297 253/267/284 256/269/285
f 257/272/288 247/271/287 253/289/301
f 247/290/289 204/268/260 253/267/284
f 253/291/302 251/285/303 254/292/304
f 254/292/305 251/285/305 256/287/305
f 257/293/306 253/291/302 254/292/304
f 257/293/307 254/292/308 256/287/309
f 244/294/310 204/263/310 257/270/310
f 244/295/311 255/296/312 204/268/260
f 256/269/285 204/268/260 255/296/312
f 230/189/196 207/191/198 529/297/313
f 215/203/206 231/206/212 421/298/314
f 201/299/315 222/210/239 512/225/240
f 216/204/316 227/215/316 242/219/316
f 227/239/317 240/241/317 242/300/317
f 203/301/226 208/302/230 209/303/272
f 211/192/318 243/194/319 256/304/309
f 243/194/201 228/221/250 631/305/320
f 228/221/232 230/189/196 631/305/321
f 272/306/322 268/307/323 270/308/324
f 272/306/322 270/308/324 269/309/325
f 269/309/326 270/308/327 273/310/328
f 273/310/328 270/308/327 268/307/329
f 268/307/329 267/311/330 310/312/331
f 265/313/332 485/314/333 276/315/334
f 279/316/335 287/317/336 278/318/337
f 278/318/337 287/317/336 280/319/338
f 285/320/339 284/321/340 295/322/341
f 295/322/342 284/321/343 292/323/344
f 286/324/345 284/321/346 283/325/347
f 278/318/337 280/319/338 281/326/348
f 285/327/349 287/317/350 279/316/351
f 292/323/344 284/321/343 286/324/352
f 284/321/353 291/328/354 305/329/355
f 284/321/353 285/320/349 294/330/356
f 282/331/357 294/330/356 285/320/349
f 281/326/358 280/319/359 277/332/360
f 291/328/354 284/321/353 294/330/356
f 282/331/357 275/333/361 276/334/362
f 278/318/337 281/326/348 299/335/363
f 280/319/359 287/317/364 277/332/360
f 287/317/365 285/327/339 295/336/341
f 300/337/366 305/329/355 296/338/367
f 289/339/368 288/340/369 290/341/370
f 336/342/371 282/331/372 303/343/373
f 282/331/372 276/334/374 303/343/373
f 285/327/349 279/316/351 298/344/375
f 281/326/358 277/332/360 304/345/376
f 283/325/377 284/321/377 300/337/377
f 284/321/353 305/329/355 300/337/366
f 301/346/378 289/339/368 290/341/370
f 302/347/379 336/342/380 303/343/381
f 279/316/335 278/318/337 298/344/382
f 305/348/355 290/341/370 306/349/383
f 288/350/369 289/351/368 297/352/384
f 310/312/331 338/353/385 297/352/384
f 301/346/378 290/341/370 319/354/386
f 290/341/370 305/348/355 293/355/387
f 307/356/388 303/357/389 276/358/390
f 308/359/391 485/314/392 265/313/393
f 332/360/394 306/349/383 290/341/370
f 290/341/370 288/340/369 315/361/395
f 289/351/368 334/362/396 297/352/384
f 303/357/389 307/356/388 311/363/397
f 307/356/398 485/364/392 311/363/399
f 265/313/332 276/315/334 275/365/400
f 281/326/348 309/366/401 299/335/363
f 299/335/363 309/366/401 321/367/402
f 281/326/358 304/345/376 309/366/403
f 274/368/404 272/306/322 269/309/325
f 294/330/405 282/331/372 336/342/371
f 510/369/406 311/363/406 308/370/406
f 311/363/399 485/364/392 308/370/391
f 282/371/357 285/327/349 298/344/375
f 277/332/360 287/317/364 325/372/407
f 312/373/408 283/325/409 313/374/410
f 313/374/410 283/325/409 314/375/410
f 283/325/411 300/337/411 314/375/411
f 332/360/394 290/341/370 315/361/395
f 288/350/369 297/352/384 316/376/412
f 338/353/385 310/312/331 339/377/413
f 289/339/368 301/346/378 318/378/414
f 348/379/415 336/342/380 302/347/379
f 265/313/393 320/380/416 308/359/391
f 265/313/332 275/365/400 344/381/417
f 322/382/418 321/383/402 323/384/419
f 324/385/420 323/386/419 309/366/401
f 323/386/419 321/367/402 309/366/401
f 309/366/403 304/345/376 264/387/421
f 283/325/409 312/373/408 326/388/422
s 0
f 326/388/423 312/373/423 313/389/423
s 1
f 314/375/424 300/337/424 327/390/424
f 305/329/355 306/391/383 296/338/367
f 316/376/412 297/352/384 317/392/425
f 297/352/384 338/353/385 317/392/425
f 339/377/413 310/312/331 267/311/330
f 335/393/426 305/329/355 291/328/354
f 322/382/427 323/384/428 264/394/421
f 323/384/428 324/395/429 264/394/421
f 264/387/421 324/396/430 328/397/431
f 324/385/432 309/366/432 328/397/432
f 283/325/347 326/388/433 286/324/345
f 326/388/434 313/389/434 286/324/434
f 313/389/435 314/398/435 286/324/435
f 314/398/436 327/390/436 286/324/436
f 327/390/437 300/337/437 286/324/437
f 319/354/386 290/341/370 330/399/438
f 302/400/439 303/401/439 308/402/439
f 275/403/361 282/371/357 298/344/375
f 328/397/431 309/366/403 264/387/421
f 300/337/440 329/404/441 286/324/442
f 329/404/441 300/337/440 296/338/443
f 271/405/444 272/306/322 401/406/445
f 353/407/446 272/306/322 274/368/404
f 310/312/331 297/352/384 334/362/396
f 356/408/447 289/339/368 318/378/414
f 290/341/370 293/355/387 330/399/438
f 335/393/426 291/328/354 342/409/448
f 412/410/449 302/347/450 343/411/451
f 298/344/382 278/318/337 337/412/452
f 321/413/402 322/414/418 266/415/453
f 292/323/454 286/324/455 399/416/456
f 456/417/457 267/311/458 268/307/323
f 271/405/444 333/418/459 340/419/460
f 274/368/461 269/309/461 353/407/461
f 354/420/462 310/312/331 334/362/396
f 301/346/463 319/354/464 341/421/465
f 361/422/466 294/330/405 336/342/371
f 320/423/416 265/424/393 349/425/467
f 278/318/337 299/335/363 337/412/452
f 333/418/459 363/426/468 340/419/460
f 352/427/469 272/306/322 353/407/446
f 334/362/396 289/351/368 355/428/470
f 318/378/471 301/346/463 341/421/465
f 341/421/465 319/354/464 345/429/472
f 319/354/464 330/399/473 345/429/472
f 330/399/438 293/355/387 346/430/474
f 342/409/448 291/328/354 347/431/475
f 620/432/476 320/423/416 349/425/467
f 266/415/453 322/414/418 331/433/477
f 331/433/478 322/414/427 351/434/479
f 351/435/479 322/382/427 264/394/421
f 295/322/480 292/323/454 399/416/456
f 399/416/456 286/324/455 329/404/481
f 329/404/441 296/338/443 306/391/482
f 358/436/483 306/437/484 332/438/485
f 268/307/323 272/306/322 456/417/457
f 401/406/486 272/306/322 352/427/469
f 355/439/470 289/339/368 356/408/447
f 380/440/487 318/378/488 341/421/489
f 305/348/355 346/430/474 293/355/387
f 346/441/474 305/329/355 335/393/426
f 291/328/354 294/330/405 361/422/466
f 265/442/332 344/443/417 362/444/490
f 331/433/477 375/445/491 266/415/453
f 304/345/376 277/332/360 357/446/492
f 287/317/493 295/336/480 262/447/494
f 353/407/495 269/309/326 273/310/328
f 412/410/449 348/379/496 302/347/450
f 349/425/497 343/411/498 620/432/499
f 350/448/500 265/442/332 362/444/490
f 357/446/492 277/332/360 325/372/407
f 338/353/501 339/377/502 359/449/503
f 345/429/504 330/399/505 360/450/506
f 347/431/475 291/328/354 361/422/466
f 361/422/507 336/342/380 348/379/415
f 344/443/417 275/403/400 298/344/382
f 337/412/452 299/335/363 405/451/508
f 299/335/363 321/367/402 405/451/508
f 358/436/483 332/438/485 315/452/509
f 271/405/444 340/419/460 272/306/322
f 353/407/495 273/310/328 372/453/510
f 273/310/328 268/307/329 310/312/331
f 380/440/487 356/408/511 318/378/488
f 367/454/512 380/440/513 341/421/514
f 265/442/393 350/448/515 364/455/516
f 350/448/515 365/456/517 364/455/516
f 405/457/508 321/413/402 266/415/453
f 331/433/478 351/434/479 377/458/518
f 377/458/518 351/434/479 419/459/519
f 315/452/520 288/460/520 316/461/520
f 368/462/521 369/463/522 370/464/523
f 370/464/523 369/465/522 371/466/524
f 369/465/522 368/462/525 371/466/524
f 368/462/526 317/467/526 371/466/526
f 339/377/502 267/311/458 456/417/457
f 333/418/459 271/405/444 366/468/527
f 330/399/505 346/430/528 360/450/506
f 335/393/529 342/409/448 373/469/530
f 408/470/531 343/411/498 349/425/497
f 265/442/393 364/455/516 349/471/467
f 374/472/532 350/448/500 362/444/490
f 344/443/417 298/344/382 337/412/452
f 264/387/421 304/345/376 378/473/533
f 287/317/534 262/447/534 325/372/534
f 306/437/484 358/436/483 329/474/481
f 317/467/535 368/462/521 316/461/536
f 368/462/521 370/464/523 316/461/536
f 370/464/523 371/466/524 316/461/536
f 317/475/537 338/476/501 371/477/524
f 363/426/538 333/418/459 400/478/539
f 310/312/331 354/420/462 422/479/540
f 355/439/541 356/408/511 380/440/487
f 360/450/506 346/430/528 381/480/542
f 346/441/543 335/393/529 373/469/530
f 342/409/448 347/431/475 373/469/530
f 382/481/544 350/448/500 374/472/532
f 331/433/477 377/458/545 375/445/491
f 385/482/546 390/483/546 387/484/546
f 384/485/547 387/484/548 386/486/549
f 386/486/549 387/484/548 390/483/550
f 388/487/551 385/482/552 389/488/553
f 398/489/554 385/482/555 388/487/556
f 389/488/553 385/482/552 387/484/557
f 398/489/554 388/487/556 391/490/558
f 392/491/559 387/484/560 384/485/561
f 386/486/562 390/483/563 395/492/564
f 392/491/559 384/485/561 393/493/565
f 383/494/566 384/485/547 386/486/549
f 391/490/567 388/487/567 396/495/567
f 393/493/565 384/485/561 394/496/568
f 383/494/569 386/486/562 397/497/570
f 390/483/563 385/482/571 395/492/564
f 387/498/560 392/499/559 377/458/518
f 352/427/572 353/407/495 372/453/510
f 403/500/573 345/429/574 360/450/575
f 347/431/576 361/422/507 411/501/577
f 411/501/577 361/422/507 348/379/415
f 364/455/578 408/502/531 349/471/497
f 414/503/579 405/457/508 266/415/453
f 392/499/580 393/504/581 263/505/582
f 384/485/547 383/494/566 430/506/583
f 432/507/584 398/489/585 391/490/586
f 387/498/560 377/458/518 389/508/587
f 316/461/536 371/466/524 379/509/588
f 402/510/589 334/362/396 355/428/470
f 367/454/512 341/421/514 407/511/590
f 341/421/514 345/429/574 407/511/590
f 346/430/528 373/512/591 381/480/542
f 452/513/592 343/411/451 404/514/593
f 382/481/594 365/456/517 350/448/515
f 376/515/595 375/445/491 377/458/545
f 383/494/569 397/497/570 406/516/596
f 395/492/564 385/482/597 398/489/598
f 391/490/599 396/495/600 418/517/601
f 389/508/587 377/458/518 419/459/519
f 433/518/602 264/394/421 378/519/533
f 378/473/533 304/345/376 357/446/492
f 315/452/509 316/461/536 358/436/483
f 358/436/483 316/461/536 379/509/588
f 371/477/524 338/476/501 359/520/503
f 456/417/457 272/306/322 340/419/460
f 372/453/510 464/521/603 352/427/572
f 402/510/589 354/420/462 334/362/396
f 407/511/590 345/429/574 403/500/573
f 373/469/604 347/431/576 410/522/605
f 411/501/606 348/379/496 412/410/449
f 412/410/449 343/411/451 452/513/592
f 408/502/531 364/455/578 365/456/607
f 473/523/608 382/481/544 374/472/532
f 362/444/490 344/443/417 337/412/452
f 414/503/579 266/415/453 375/445/491
f 415/524/609 263/525/582 393/526/581
f 416/527/610 397/497/570 386/486/562
f 416/527/610 395/492/564 398/489/598
f 432/507/584 391/490/586 417/528/611
f 388/487/612 389/488/612 419/529/612
f 372/453/510 273/310/328 310/312/331
f 450/530/613 355/439/541 380/440/487
f 360/450/575 381/480/614 403/500/573
f 410/522/605 347/431/576 411/501/577
f 408/502/531 365/456/607 413/531/615
f 375/445/491 443/532/616 414/503/579
f 376/515/595 377/458/545 392/499/580
f 394/496/568 384/485/561 430/506/617
f 406/516/596 397/497/570 431/533/618
f 431/533/619 397/497/620 423/534/621
f 386/486/562 395/492/564 416/527/610
f 388/487/622 419/529/622 396/495/622
f 262/447/494 295/336/480 420/535/623
f 399/416/456 329/404/481 358/536/483
f 333/418/459 366/468/527 400/478/539
f 402/510/624 355/428/541 450/537/613
f 425/538/625 380/440/513 367/454/512
f 403/500/573 381/480/614 426/539/626
f 411/501/606 412/410/449 465/540/627
f 404/514/593 343/411/451 408/470/628
f 453/541/629 413/531/615 365/456/607
f 434/542/630 263/525/630 428/543/630
f 432/507/631 416/527/632 398/489/633
f 417/528/634 391/490/599 418/517/601
f 351/435/479 264/394/421 433/518/602
f 339/377/502 456/417/457 359/449/503
f 271/405/444 401/406/445 366/468/527
f 366/468/635 401/406/635 470/544/635
f 401/406/636 352/427/636 470/544/636
f 470/544/637 352/427/572 464/521/603
f 261/545/638 354/420/462 402/510/589
f 450/530/639 380/440/513 425/538/625
f 410/522/640 411/501/606 465/540/627
f 453/541/629 365/456/607 427/546/641
f 427/546/641 365/456/607 382/481/642
f 362/444/490 337/412/452 405/451/508
f 376/515/595 392/499/580 263/505/582
f 444/547/643 428/543/644 445/548/645
f 263/525/646 415/524/647 435/549/648
f 429/550/649 415/524/609 393/526/581
f 383/494/566 406/516/650 430/506/583
f 437/551/651 436/552/652 438/553/653
f 436/552/652 420/535/623 438/553/653
f 439/554/654 440/555/655 441/556/656
f 440/557/655 439/554/654 409/558/657
f 363/559/538 400/560/539 421/298/314
f 400/478/539 366/468/527 424/561/658
f 374/472/532 362/444/490 405/451/508
f 443/532/616 375/445/491 376/515/595
f 376/515/595 263/505/582 434/562/659
f 434/542/660 428/543/644 444/547/643
f 263/525/646 435/549/648 428/543/661
f 397/497/620 454/563/662 423/534/621
f 351/435/479 433/518/602 446/564/663
f 357/446/492 325/372/407 262/447/664
f 420/535/623 436/552/652 262/447/494
f 262/447/494 436/552/652 448/565/665
f 436/552/652 437/566/651 448/565/665
f 447/567/666 448/565/665 420/535/623
f 448/565/665 437/568/651 420/535/623
f 437/568/651 438/553/653 420/535/623
f 511/569/667 420/535/623 295/336/480
f 409/558/657 439/554/654 340/419/460
f 340/419/460 439/554/654 449/570/668
f 439/554/654 441/556/656 449/570/668
f 449/570/668 441/571/656 409/558/657
f 441/571/656 440/557/655 409/558/657
f 496/572/669 372/453/510 310/312/331
f 496/572/669 310/312/331 422/479/540
f 373/469/670 410/522/640 451/573/671
f 458/574/672 410/522/640 465/540/627
f 418/517/673 396/495/673 455/575/673
f 419/529/674 491/576/674 396/495/674
f 419/459/519 351/434/479 462/577/675
f 463/578/676 357/446/492 447/567/677
f 357/446/492 262/447/664 447/567/677
f 262/447/494 448/565/665 447/567/666
f 340/419/460 449/570/668 456/417/457
f 449/570/668 409/558/657 456/417/457
f 409/558/657 340/419/460 363/426/468
f 381/480/614 451/579/671 426/539/626
f 381/480/614 373/512/670 451/579/671
f 451/573/671 410/522/640 458/574/672
f 442/580/678 413/531/679 453/541/680
f 374/581/532 405/457/508 414/503/579
f 406/516/681 431/533/682 430/506/683
f 431/533/684 423/534/685 460/582/686
f 397/497/620 416/527/632 454/563/662
f 454/563/662 416/527/632 432/507/631
f 455/575/687 396/495/687 491/576/687
f 260/583/688 357/446/492 463/578/676
f 261/545/689 402/510/624 487/584/690
f 408/502/628 413/531/679 442/580/678
f 473/523/608 374/472/532 459/585/691
f 415/524/647 429/550/692 435/549/648
f 393/526/581 394/586/693 429/550/649
f 429/550/649 394/586/693 474/587/694
f 475/588/695 394/586/568 430/589/617
f 431/590/684 460/591/686 478/592/696
f 432/507/584 417/528/611 466/593/697
f 461/594/698 417/528/699 418/517/700
f 491/595/701 419/459/519 462/577/675
f 462/577/675 351/434/479 446/596/663
f 511/597/667 295/322/480 399/416/456
f 409/558/657 363/426/468 467/598/702
f 363/426/468 468/599/703 467/598/702
f 468/599/703 363/426/468 469/600/704
f 400/478/539 239/224/238 215/199/206
f 464/521/603 372/453/510 471/601/705
f 402/510/624 450/537/613 487/584/690
f 450/530/639 425/538/625 481/602/706
f 457/603/707 367/454/512 407/511/708
f 465/540/627 412/410/449 452/513/592
f 427/546/641 382/481/642 536/604/709
f 503/605/710 435/549/648 429/550/692
f 474/587/694 394/586/693 475/588/711
f 430/606/683 431/590/682 476/607/712
f 378/473/533 357/446/492 260/583/688
f 409/558/657 467/598/702 479/608/713
f 467/598/702 468/609/703 479/608/713
f 468/610/703 469/600/704 479/608/713
f 479/608/713 469/600/704 456/417/457
f 469/600/704 363/426/468 456/417/457
f 363/559/538 421/298/314 480/611/714
f 421/298/314 400/560/539 215/203/206
f 261/545/638 422/479/540 354/420/462
f 367/454/512 481/602/706 425/538/625
f 367/454/512 457/603/707 472/612/715
f 407/511/708 403/500/716 457/603/707
f 443/532/616 459/613/691 374/581/532
f 434/542/717 444/547/717 482/614/717
f 444/547/718 483/615/719 202/616/720
f 505/617/721 474/587/694 475/588/711
f 476/607/712 431/590/682 477/618/722
f 454/563/723 432/507/584 466/593/697
f 466/593/724 417/528/699 539/619/725
f 417/528/699 461/594/698 539/619/725
f 418/517/726 455/575/727 525/620/728
f 409/558/657 479/608/713 456/417/457
f 497/621/729 472/612/715 199/622/730
f 488/623/731 472/612/715 457/603/707
f 403/500/716 426/539/626 457/603/707
f 489/624/732 427/625/733 536/626/734
f 374/581/532 414/503/579 443/532/616
f 443/532/616 376/515/595 537/627/735
f 376/515/595 434/562/659 537/627/735
f 482/614/736 444/547/718 202/616/720
f 444/547/737 445/548/737 483/615/737
f 428/543/738 435/549/739 445/548/740
f 484/628/741 474/587/742 505/617/743
f 484/628/741 505/617/743 258/629/744
f 431/590/745 478/592/745 477/618/745
f 460/582/746 423/534/747 547/630/748
f 547/630/748 423/534/747 524/631/749
f 418/517/726 525/620/728 461/594/750
f 260/632/688 259/633/751 378/519/533
f 447/567/666 420/535/623 511/569/667
f 231/206/212 222/210/218 201/299/752
f 245/260/274 492/262/241 211/634/753
f 232/213/248 203/237/249 493/635/754
f 493/636/754 203/301/249 209/303/755
f 243/637/319 244/638/756 256/287/309
f 244/638/756 257/293/307 256/287/309
f 256/269/285 255/296/312 493/639/757
f 529/297/313 207/191/198 208/238/230
f 422/479/758 261/545/689 501/640/759
f 261/545/689 487/584/690 501/640/759
f 450/530/639 481/602/706 552/641/760
f 427/546/733 489/642/732 453/541/680
f 698/643/761 536/604/709 382/481/642
f 537/627/735 434/562/659 482/644/762
f 504/645/763 435/549/739 503/605/764
f 503/605/710 429/550/692 490/646/765
f 429/550/692 474/587/742 490/646/765
f 423/534/747 454/563/723 524/631/749
f 455/575/766 491/576/766 526/647/766
f 447/648/677 276/315/767 485/314/768
f 223/258/215 234/261/223 550/259/273
f 256/649/309 493/650/769 494/651/770
f 494/652/771 493/636/771 209/303/771
f 256/649/309 494/651/770 211/653/318
f 494/651/772 255/654/312 211/653/753
f 255/654/312 244/655/311 211/653/753
f 529/656/313 208/220/230 500/657/773
f 208/238/230 207/191/198 206/190/197
f 233/218/227 224/200/207 239/224/238
f 400/478/539 424/561/658 239/224/238
f 472/612/715 488/623/731 199/622/730
f 408/502/628 442/580/678 404/658/593
f 698/643/774 382/481/775 473/523/776
f 459/613/691 443/532/616 498/659/777
f 445/548/740 435/549/739 504/645/763
f 518/660/778 506/661/778 507/662/778
f 508/663/779 509/664/780 506/665/781
f 509/666/782 507/662/782 506/661/782
f 454/563/723 200/667/783 524/631/749
f 200/667/783 454/563/723 466/593/697
f 433/518/602 378/519/533 259/633/751
f 463/668/676 447/669/677 485/670/768
f 307/356/784 276/358/785 510/671/786
f 510/671/786 276/358/785 311/672/787
f 311/672/787 276/358/785 548/673/788
f 379/674/588 371/477/524 359/520/503
f 456/417/457 363/426/468 486/675/789
f 493/639/757 255/296/312 492/676/790
f 255/654/791 494/651/791 492/677/791
f 494/652/792 209/303/792 492/262/792
f 492/262/793 209/303/200 211/634/199
f 243/194/201 631/305/320 593/678/794
f 230/189/196 229/679/795 631/305/321
f 528/680/796 229/679/795 230/189/196
f 225/222/235 221/208/237 668/681/797
f 367/454/512 552/641/760 481/602/706
f 367/454/512 472/612/715 552/641/760
f 632/682/798 472/612/715 497/621/729
f 199/622/730 488/623/731 198/683/799
f 198/683/799 488/623/731 514/684/800
f 426/685/626 451/573/671 458/574/672
f 490/646/765 474/587/742 484/628/741
f 475/686/801 506/687/802 516/688/803
f 509/689/804 516/688/803 517/690/805
f 516/688/803 506/687/802 517/690/805
f 506/687/802 518/691/806 517/690/805
f 507/692/807 509/689/807 518/693/807
f 509/664/780 508/663/779 519/694/808
s 0
f 508/663/809 520/695/809 519/694/809
f 519/694/810 520/695/810 521/696/810
f 522/697/811 521/696/810 523/698/812
f 521/696/810 520/695/813 523/698/812
s 1
f 523/698/814 520/695/815 172/159/816
f 172/159/817 520/695/817 506/665/817
f 520/695/818 508/663/818 506/665/818
f 538/699/819 478/592/820 460/591/821
f 538/699/819 460/591/821 547/700/822
f 485/364/768 307/356/784 510/671/786
f 276/701/823 447/567/666 511/569/667
f 211/634/753 559/702/824 245/260/274
f 242/227/228 238/235/271 232/213/222
f 229/679/795 528/680/796 495/703/825
f 528/680/796 230/189/196 529/297/313
f 424/561/826 366/468/826 470/544/826
f 372/453/510 496/572/669 471/601/705
f 471/601/705 496/572/669 530/704/827
f 422/705/758 501/706/759 532/707/828
f 487/708/829 450/530/639 552/641/760
f 497/621/729 502/709/830 632/682/798
f 514/684/800 488/623/731 533/710/831
f 488/623/731 457/603/707 534/711/832
f 489/624/732 536/626/734 535/712/833
f 543/713/834 482/614/834 202/616/834
f 517/690/805 518/693/835 509/689/804
f 519/694/808 521/696/836 509/664/780
f 521/696/836 522/697/837 509/664/780
f 509/664/838 522/697/839 172/159/840
f 522/697/841 523/698/814 172/159/816
f 506/687/842 475/686/695 430/714/617
f 539/619/843 461/594/844 525/620/845
f 525/620/846 455/575/846 526/647/846
f 548/715/847 510/369/847 303/716/847
f 510/369/848 308/370/848 303/716/848
f 303/717/849 311/672/849 548/673/849
f 550/259/273 234/261/223 527/718/850
f 234/261/223 245/260/274 527/718/850
f 221/208/219 226/209/221 541/719/851
f 226/211/221 233/218/852 541/720/851
f 464/521/603 471/601/705 470/544/637
f 496/572/669 422/479/540 531/721/853
f 487/708/829 552/641/760 561/722/854
f 502/709/830 497/621/729 626/723/855
f 465/540/627 452/513/592 553/724/856
f 452/513/592 404/514/593 553/724/856
f 542/725/857 535/712/833 536/626/734
f 473/523/608 459/585/691 498/726/777
f 498/659/777 443/532/616 537/627/735
f 167/151/160 168/153/166 600/727/858
f 181/166/173 615/184/190 545/728/859
f 176/171/193 197/172/860 195/186/194
f 744/729/861 546/730/862 588/731/863
f 190/178/185 589/732/864 189/175/182
f 172/159/165 506/665/842 171/148/157
f 171/148/157 506/665/842 430/606/617
f 430/606/617 476/607/865 171/148/157
f 462/577/675 526/733/866 491/595/701
f 526/733/866 462/577/675 642/734/867
f 446/564/663 433/518/602 591/735/868
f 433/518/602 259/633/751 591/735/868
f 231/206/212 201/299/752 499/736/869
f 232/213/870 493/635/870 492/226/870
f 243/737/319 593/738/871 244/655/756
f 500/657/773 208/220/230 575/739/872
f 233/218/227 239/224/238 513/740/873
f 470/544/637 471/601/705 595/741/874
f 472/612/715 632/682/798 552/641/760
f 154/136/142 155/128/136 156/137/143
f 156/137/143 149/127/135 608/742/875
f 563/743/876 159/144/153 611/744/877
f 159/144/153 160/134/138 611/744/877
f 160/130/138 148/145/154 147/745/878
f 157/140/147 502/709/830 161/141/148
f 502/709/830 626/723/855 161/141/148
f 626/723/855 497/621/729 199/622/730
f 199/622/730 198/683/799 626/723/855
f 626/723/855 198/683/799 514/684/800
f 426/685/626 458/574/672 553/724/856
f 483/615/879 445/548/880 544/746/881
f 445/548/880 504/645/882 544/746/881
f 566/747/883 504/645/763 503/605/764
f 566/747/883 503/605/764 490/646/884
f 484/628/885 258/629/886 567/748/887
f 515/749/888 567/748/887 258/629/886
f 258/629/889 505/617/890 515/749/891
f 505/750/721 475/686/711 516/688/892
f 166/154/163 169/155/158 172/159/893
f 172/159/893 169/155/158 580/751/894
f 600/727/858 168/153/166 554/752/895
f 170/158/164 163/753/896 554/160/167
f 639/754/897 174/169/176 184/164/171
f 590/755/898 187/177/899 196/756/900
f 478/592/901 538/699/901 556/757/901
f 446/564/663 591/735/868 557/758/902
f 591/735/868 259/633/903 570/759/904
f 260/632/688 463/668/676 485/670/768
f 499/736/869 201/299/752 549/760/905
f 512/257/240 550/259/273 558/761/906
f 211/653/753 244/655/311 559/762/824
f 244/655/756 593/738/871 551/763/907
f 208/220/230 212/216/225 575/739/872
f 220/223/234 225/222/233 623/764/908
f 541/720/851 233/218/852 560/765/909
f 531/766/910 422/705/758 532/707/828
f 501/706/911 487/708/829 561/722/854
f 151/129/144 562/143/912 158/139/146
f 626/723/855 514/684/800 533/710/831
f 458/574/672 465/540/627 553/724/856
f 453/541/680 648/767/913 442/580/678
f 537/768/735 482/614/762 543/713/914
f 516/688/915 509/689/915 172/769/915
f 554/160/167 163/753/896 584/770/916
f 601/771/917 188/176/183 190/178/185
f 142/185/918 173/179/919 585/772/920
f 173/179/919 186/174/921 586/773/922
f 589/732/923 190/178/923 145/774/923
f 190/178/924 187/177/899 590/755/898
f 163/753/896 170/158/164 602/775/925
f 165/146/155 171/148/157 603/776/926
f 603/776/926 171/148/157 568/777/927
f 556/757/928 538/699/928 138/778/928
f 200/667/929 466/593/724 617/779/930
f 617/779/930 466/593/724 539/619/725
f 525/620/931 526/647/932 569/780/933
f 462/577/675 446/596/663 642/734/867
f 642/734/867 446/596/663 557/781/902
f 510/369/786 548/715/934 571/782/935
f 486/783/936 363/559/538 480/611/714
f 245/260/274 559/702/824 573/784/937
f 244/655/938 551/763/938 540/785/938
f 529/656/313 500/657/773 657/786/939
f 212/216/225 220/223/234 576/787/940
f 239/224/238 424/561/658 513/740/873
f 424/561/941 470/544/941 513/740/941
f 501/706/759 596/788/942 532/707/828
f 501/706/911 561/722/854 597/789/943
f 770/790/944 157/140/147 154/136/142
f 150/135/139 152/133/141 562/791/152
f 533/710/831 488/623/731 626/723/855
f 488/623/731 534/711/832 626/723/855
f 426/539/626 553/792/856 457/603/707
f 453/541/680 489/642/732 648/767/913
f 565/793/945 498/659/777 144/794/946
f 498/659/777 537/627/735 144/794/946
f 537/768/735 543/713/914 650/795/947
f 567/748/887 490/646/948 484/628/885
f 515/749/891 505/617/890 579/796/949
f 505/750/721 516/688/892 172/769/893
f 582/797/950 600/727/858 554/752/895
f 583/798/951 554/160/167 584/770/916
f 190/178/185 189/175/182 601/771/917
f 184/164/952 185/188/953 546/730/954
f 185/188/195 189/175/182 589/732/864
f 614/799/955 163/753/896 196/800/956
f 555/801/957 476/607/957 477/618/957
f 617/779/930 524/631/958 200/667/929
f 259/633/903 143/802/959 570/759/904
f 510/803/786 571/804/935 655/805/960
f 480/611/714 421/298/314 499/736/869
f 421/298/314 231/206/212 499/736/869
f 244/655/311 540/785/961 559/762/824
f 540/785/961 607/806/962 559/762/824
f 551/763/907 593/738/871 592/807/963
f 229/679/795 495/703/825 631/305/321
f 594/808/964 574/809/965 528/680/796
f 574/809/965 495/703/825 528/680/796
f 575/739/872 212/216/225 576/787/940
f 560/765/909 233/218/852 513/740/966
f 596/788/967 501/706/911 597/789/943
f 502/709/830 157/140/147 632/682/798
f 695/810/968 149/127/135 577/138/145
f 577/138/150 162/142/149 624/811/969
f 162/142/970 158/139/971 670/812/972
f 563/743/876 611/744/877 610/813/973
f 578/814/974 147/745/878 148/145/154
f 148/145/154 161/141/148 141/815/975
f 534/711/832 457/603/707 564/816/976
f 553/724/856 404/514/593 442/817/678
f 566/747/883 490/646/884 598/818/977
f 505/750/721 172/769/893 580/819/894
f 581/820/978 169/149/158 167/151/160
f 163/753/896 614/799/955 584/770/916
f 196/756/900 187/177/899 614/821/979
f 586/773/980 186/174/981 587/822/982
f 587/822/982 186/174/981 195/186/983
f 195/186/983 140/823/984 638/824/985
f 195/186/194 197/172/860 140/823/986
f 640/825/987 170/158/164 165/157/155
f 478/592/988 556/757/989 477/618/990
f 539/619/843 525/620/845 641/826/991
f 591/735/868 570/759/904 628/827/992
f 259/633/903 260/632/688 143/802/959
f 260/632/688 485/670/768 655/805/960
f 485/670/768 510/803/786 655/805/960
f 655/805/993 571/804/993 619/828/993
f 619/829/994 571/830/995 320/380/416
f 571/830/995 308/359/391 320/380/416
f 620/432/499 343/411/498 302/347/996
f 571/831/997 604/832/997 308/402/997
f 308/402/998 604/832/999 619/829/1000
f 604/833/1001 571/782/1001 548/715/1001
f 527/718/850 245/260/274 606/834/1002
f 576/787/940 220/223/234 623/764/1003
f 770/790/944 154/136/142 156/137/143
f 608/742/875 149/127/135 695/810/968
f 152/133/141 153/132/140 609/835/1004
f 611/836/877 147/745/878 578/814/974
f 161/141/148 626/723/855 141/815/975
f 457/603/707 627/837/1005 564/816/976
f 658/838/1006 535/712/833 542/725/857
f 536/839/709 698/840/761 542/841/1007
f 498/726/777 565/842/945 473/523/608
f 537/768/735 650/795/947 144/843/946
f 543/713/1008 202/616/1009 685/844/1010
f 685/844/1010 202/616/1009 612/845/1011
f 202/616/1012 483/615/1013 544/746/1014
f 504/645/882 566/747/1015 613/846/1016
f 490/847/884 567/848/1017 598/849/977
f 189/175/182 181/166/173 545/728/859
f 660/850/1018 142/185/918 585/772/920
f 653/851/1019 197/172/179 175/170/177
f 546/730/954 185/188/953 589/732/1020
f 602/775/925 170/158/164 640/825/987
f 165/157/155 603/852/926 640/825/987
f 547/630/1021 524/631/958 617/779/930
f 619/829/1022 320/380/416 620/853/476
f 308/402/1023 619/829/1022 620/853/476
f 302/400/1024 308/402/1023 621/854/1025
f 621/854/1025 308/402/1023 620/853/476
f 549/760/1026 201/299/315 572/855/1027
f 607/806/962 540/785/961 551/763/1028
f 668/681/1029 221/208/219 541/719/851
f 513/740/966 470/544/637 595/741/874
f 496/572/669 531/721/853 530/704/827
f 532/707/828 596/788/942 531/766/910
f 633/856/1030 562/791/912 634/857/1031
f 562/791/152 152/133/141 609/835/1004
f 160/130/138 147/745/878 611/836/877
f 626/723/855 534/711/832 564/816/976
f 627/837/1005 457/603/707 553/792/856
f 542/725/857 659/858/1032 658/838/1006
f 202/616/1012 544/746/1014 612/845/1033
f 544/746/881 504/645/882 613/846/1016
f 599/859/1034 567/748/1017 515/749/1035
f 579/860/1036 505/750/721 580/819/894
f 169/155/158 581/861/978 580/751/894
f 601/771/917 189/175/182 545/728/859
f 587/822/982 195/186/983 638/824/985
f 546/730/862 589/732/1037 588/731/863
f 477/618/990 556/757/989 555/801/1038
f 138/778/1039 538/699/1040 616/862/1041
f 616/862/1041 538/699/1040 547/700/1042
f 547/630/1043 617/779/1043 616/863/1043
f 143/802/959 260/632/688 629/864/1044
f 260/632/688 655/805/960 629/864/1044
f 619/865/1000 604/866/999 655/867/1045
f 655/867/1046 604/866/1047 620/868/1048
f 604/869/1047 621/870/1049 620/871/1048
f 302/872/1050 621/870/1050 604/869/1050
f 511/597/667 399/416/456 656/873/1051
f 882/874/1052 359/449/503 456/417/457
f 480/875/714 499/876/869 664/877/1053
f 513/740/966 595/741/874 560/765/909
f 670/878/972 158/879/971 625/880/1054
f 625/880/1054 158/879/971 633/856/1055
f 671/881/1056 153/132/140 159/144/153
f 610/813/973 611/744/877 635/882/1057
f 578/814/974 148/145/154 636/883/1058
f 698/643/774 473/523/776 637/884/1059
f 580/819/894 581/885/978 652/886/1060
f 582/797/950 554/752/895 676/887/1061
f 699/888/1062 142/185/918 660/850/1018
f 585/772/920 173/179/919 586/773/922
f 639/754/897 184/164/171 700/889/1063
f 171/148/157 476/607/865 555/801/1064
f 525/620/931 569/780/933 641/826/1065
f 569/780/933 618/890/1066 641/826/1065
f 548/891/1067 276/701/823 622/892/1068
f 276/701/823 511/569/667 622/892/1068
f 605/893/1069 358/894/483 379/674/588
f 664/895/1053 499/896/869 630/897/1070
f 549/898/905 630/897/1070 499/896/869
f 572/855/1027 201/299/315 558/899/906
f 201/299/315 512/225/240 558/899/906
f 558/761/906 550/259/273 527/718/850
f 558/761/906 527/718/850 763/900/1071
f 606/834/1002 245/260/274 573/784/937
f 573/901/937 559/762/824 135/902/1072
f 593/678/794 631/305/320 764/903/1073
f 225/222/235 668/681/797 623/764/1074
f 645/904/1075 541/720/851 560/765/909
f 595/741/874 471/601/705 645/904/1075
f 158/879/146 562/791/912 633/856/1030
f 646/905/1076 634/857/1031 562/791/912
f 148/145/154 141/815/975 636/883/1058
f 553/724/856 442/817/678 648/906/913
f 565/793/945 144/794/946 801/907/1077
f 612/845/1033 544/746/1014 613/846/1078
f 554/160/895 583/798/1079 676/908/1061
f 721/909/1080 187/177/184 188/176/183
f 586/773/980 587/822/982 134/910/1081
f 638/824/985 140/823/984 136/911/1082
f 140/823/1083 197/172/1084 653/851/1085
f 191/173/180 174/169/176 639/754/897
f 555/801/1086 556/757/1086 678/912/1086
f 617/779/1087 539/619/843 641/826/991
f 655/805/1088 620/913/1088 302/914/1088
f 680/915/1089 399/416/456 358/536/483
f 761/916/1090 379/674/588 359/520/503
f 456/417/457 486/675/789 107/917/1091
f 644/918/1092 606/834/1002 573/784/937
f 500/657/773 575/739/872 657/786/939
f 552/641/760 632/682/798 561/722/1093
f 562/791/912 609/835/1094 646/905/1076
f 153/132/140 671/881/1056 609/835/1004
f 139/919/1095 578/920/974 636/921/1058
f 627/837/1005 553/792/856 137/922/1096
f 473/523/776 565/842/1097 649/923/1098
f 685/844/1010 612/845/1011 710/924/1099
f 612/845/1033 613/846/1078 674/925/1100
f 598/849/977 567/848/1017 599/926/1034
f 599/926/1101 651/927/1102 686/928/1103
f 599/859/1104 515/749/1104 651/929/1104
f 651/929/1105 515/749/1105 579/796/1105
f 581/820/978 167/151/160 600/727/858
f 142/185/191 699/888/1106 615/184/190
f 654/930/1107 653/851/1019 175/170/177
f 146/187/170 191/173/180 688/931/1108
f 191/173/180 639/754/897 688/931/1108
f 526/733/866 689/932/1109 569/933/1110
f 628/827/1111 570/759/1112 796/934/1113
f 796/934/1113 570/759/1112 143/802/1114
f 302/872/1115 604/869/1116 662/935/1117
f 604/869/1118 548/891/1119 622/892/1120
f 511/597/667 643/936/1121 622/937/1068
f 486/675/936 480/875/714 663/938/1122
f 480/875/714 664/877/1053 663/938/1122
f 763/900/1071 527/718/850 665/939/1123
f 495/703/825 574/809/965 666/940/1124
f 575/739/872 576/787/940 667/941/1125
f 471/601/705 767/942/1126 645/904/1075
f 632/682/798 157/140/147 770/790/944
f 162/142/970 670/812/972 624/811/1127
f 624/811/1127 670/812/972 669/943/1128
f 671/881/1056 159/144/153 672/944/1129
f 159/144/153 563/743/876 672/944/1129
f 635/882/1057 611/744/877 109/103/107
f 553/792/856 755/945/1130 137/922/1096
f 650/795/947 543/713/914 685/844/1131
f 736/946/1132 579/860/1036 580/819/894
f 583/798/1079 584/770/1133 676/908/1061
f 584/770/1133 614/799/1134 676/908/1061
f 661/947/1135 145/774/1136 590/755/898
f 145/774/1136 190/178/924 590/755/898
f 556/757/1137 138/778/1137 678/912/1137
f 557/758/902 591/735/868 759/948/1138
f 881/949/1139 655/805/1140 302/914/1141
f 656/873/1051 399/416/456 680/915/1089
f 630/897/1070 549/898/905 786/950/1142
f 572/951/1027 558/761/906 110/952/1143
f 135/902/1072 559/762/824 607/806/962
f 551/763/1028 592/807/1144 607/806/962
f 607/806/962 592/807/1144 797/953/1145
f 574/809/965 594/808/964 681/954/1146
f 692/955/1147 681/954/1146 594/808/964
f 528/680/796 529/297/313 766/956/1148
f 561/722/1093 632/682/798 683/957/1149
f 770/790/944 156/137/143 608/742/875
f 671/881/1150 672/944/1151 684/958/1152
f 611/959/877 578/920/974 102/960/1153
f 473/523/776 649/923/1098 637/884/1059
f 565/793/1154 801/907/1155 756/961/1156
f 600/727/858 687/962/1157 581/820/978
f 600/727/858 582/797/950 675/963/1158
f 585/772/1159 586/773/980 134/910/1081
f 654/930/1107 175/170/177 146/187/170
f 700/889/1160 184/164/952 546/730/954
f 590/755/898 196/756/900 117/964/1161
f 568/777/927 171/148/157 555/801/1064
f 689/932/1109 526/733/866 827/965/1162
f 526/733/866 758/966/1163 827/965/1162
f 758/966/1163 526/733/866 642/734/867
f 759/948/1138 591/735/868 628/827/992
f 679/967/1164 628/968/1111 796/969/1113
f 604/869/1118 622/892/1120 662/935/1165
f 664/895/1053 630/897/1070 783/970/1166
f 786/971/1167 549/972/1167 572/951/1167
f 527/718/850 606/834/1002 665/939/1123
f 593/678/794 764/903/1073 690/973/1168
f 631/305/321 495/703/825 764/903/1169
f 594/808/964 528/680/796 766/956/1148
f 560/765/909 595/741/874 645/904/1075
f 771/974/1170 695/810/1171 577/138/150
f 771/974/1170 577/138/150 624/811/969
f 102/975/1153 109/103/107 611/744/877
f 102/960/1153 578/920/974 647/976/1172
f 647/976/1172 578/920/974 139/919/1095
f 564/816/976 627/837/1005 137/922/1096
f 553/724/856 648/906/913 890/977/1173
f 802/978/1174 144/843/946 650/795/947
f 651/929/1175 579/796/1175 736/979/1175
f 580/819/894 652/886/1060 736/946/1132
f 706/980/1176 585/772/1159 134/910/1081
f 707/981/1177 136/911/1082 140/823/984
f 140/823/1083 653/851/1085 738/982/1178
f 738/982/1179 653/851/1019 654/930/1107
f 603/776/926 568/777/927 701/983/1180
f 701/983/1180 568/777/927 133/984/1181
f 568/777/927 555/801/1064 678/912/1182
f 138/778/1183 616/862/1184 678/912/1185
f 129/985/1186 685/844/1131 702/986/1187
f 612/845/1011 674/925/1188 710/924/1099
f 566/747/1015 598/818/1189 613/846/1016
f 687/962/1157 600/727/858 675/963/1158
f 601/771/917 545/728/859 716/987/1190
f 660/850/1191 585/772/1159 706/980/1176
f 703/988/1192 146/187/170 688/931/1108
f 196/800/956 163/753/896 117/989/1193
f 128/990/1194 133/984/1181 568/777/927
f 115/991/1195 678/912/1185 616/862/1184
f 115/991/1196 616/862/1197 739/992/1198
f 739/993/1198 616/863/1197 617/779/1199
f 739/993/1198 617/779/1199 641/826/1065
f 739/993/1198 641/826/1065 618/890/1066
f 618/994/1200 569/933/1110 689/932/1109
f 613/846/1078 598/818/1201 674/925/1100
f 581/885/978 729/995/1202 652/886/1060
f 729/996/1202 120/115/124 121/109/122
f 730/997/1203 126/113/1204 122/105/115
f 582/797/950 676/887/1061 714/998/1205
f 614/821/1206 187/177/184 721/909/1080
f 717/999/1207 660/850/1191 705/1000/1208
f 705/1000/1208 660/850/1191 706/980/1176
f 707/981/1209 140/823/1083 738/982/1178
f 588/731/863 589/732/1037 145/774/1136
f 117/989/1193 163/753/896 602/775/925
f 685/844/1131 710/924/1210 735/1001/1211
f 674/1002/1100 598/849/1201 711/1003/1212
f 598/849/1201 599/926/1101 711/1003/1212
f 127/112/1213 118/1004/1214 731/1005/1215
f 675/963/1158 582/797/950 714/998/1205
f 716/987/1190 188/176/183 601/771/917
f 728/1006/1216 602/775/925 640/825/987
f 728/1006/1216 640/825/987 709/1007/1217
f 640/825/987 603/852/926 709/1007/1217
f 603/776/926 701/983/1180 709/1008/1217
f 736/946/1218 686/928/1218 651/927/1218
f 730/997/1203 122/105/115 713/110/114
f 127/112/118 119/111/117 118/1004/1219
f 729/996/1202 581/820/978 687/962/1157
f 716/987/1190 545/728/859 704/1009/1220
f 120/115/124 729/996/1202 687/962/1157
f 188/176/183 716/987/1190 721/909/1080
f 704/1009/1220 545/728/859 615/184/190
f 660/850/1018 720/1010/1221 699/888/1062
f 125/108/125 715/114/123 718/1011/1222
f 676/908/1061 614/799/1134 719/1012/1223
f 715/114/123 120/115/124 687/962/1157
f 660/850/1224 717/999/1225 720/1010/1226
f 715/114/123 687/962/1157 675/963/1158
f 676/887/1061 719/1013/1223 714/998/1205
f 615/184/190 699/888/1106 704/1009/1220
f 699/888/1062 720/1010/1221 116/1014/1227
f 719/1012/1223 614/799/1134 721/1015/1228
f 722/1016/1229 119/111/119 125/108/112
f 715/114/123 675/963/1158 714/998/1205
f 720/1010/1226 717/999/1225 725/1017/1230
f 699/888/1106 116/1014/1231 704/1009/1220
f 720/1010/1221 725/1017/1232 116/1014/1227
f 717/999/1233 731/1005/1215 118/1004/1214
f 722/1016/1234 125/108/125 718/1011/1222
f 715/114/123 714/998/1205 718/1011/1222
f 716/987/1190 704/1009/1220 724/1018/1235
f 718/1011/1222 714/998/1205 719/1013/1223
f 118/1019/1236 119/1020/1237 750/1021/1238
f 721/909/1080 716/987/1190 724/1018/1235
f 119/1022/119 722/1023/1229 750/1024/1239
f 723/1025/1240 718/1026/1222 719/1012/1223
f 704/1009/1220 116/1014/1231 724/1018/1235
f 725/1027/1241 717/1028/1233 118/1019/1214
f 723/1025/1240 719/1012/1223 721/1015/1228
f 722/1029/1234 718/1030/1222 723/1031/1240
f 116/1014/1227 725/1017/1232 726/1032/1242
f 724/1018/1235 116/1014/1231 726/1032/1243
f 723/1033/1244 721/909/1080 724/1018/1235
f 726/1034/1245 750/1024/1239 722/1023/1229
f 725/1027/1246 727/1035/1247 726/1036/1248
f 734/1037/1249 726/1036/1249 727/1035/1249
f 727/1035/1247 725/1027/1246 750/1021/1238
f 725/1027/1246 118/1019/1236 750/1021/1238
f 724/1038/1250 726/1034/1245 722/1023/1229
f 708/1039/1251 722/1029/1234 723/1031/1240
f 723/1040/1252 724/1038/1253 708/1041/1254
f 117/989/1193 602/775/925 793/1042/1255
f 602/775/925 728/1006/1216 793/1042/1255
f 618/994/1200 689/932/1109 114/1043/1256
f 710/1044/1099 674/1002/1188 711/1003/1257
f 711/1003/1212 599/926/1101 686/928/1103
f 638/824/1258 136/911/1259 737/1045/1260
f 136/911/1082 707/981/1177 732/1046/1261
f 677/1047/1262 654/930/1107 146/187/170
f 700/889/1263 546/730/862 744/729/861
f 590/755/898 117/964/1161 708/1048/1264
f 708/1041/1254 724/1038/1253 734/1049/1265
f 734/1049/1266 724/1038/1267 722/1023/1268
f 708/1039/1269 117/1050/1193 722/1029/1268
f 741/1051/1270 686/928/1271 736/946/1272
f 736/946/1132 652/886/1060 812/1052/1273
f 729/996/1202 121/109/122 712/1053/1274
f 717/999/1207 705/1000/1208 731/1005/1275
f 134/910/1276 587/822/1277 737/1045/1260
f 639/754/897 700/889/1063 688/931/1108
f 688/931/1278 700/889/1279 733/1054/1280
f 588/731/863 145/774/1136 661/947/1135
f 568/777/927 678/912/1182 128/990/1194
f 678/912/1182 115/991/1281 128/990/1194
f 702/986/1187 685/844/1131 735/1001/1211
f 127/112/1282 731/1005/1275 740/1055/1283
f 587/822/1277 638/824/1258 737/1045/1260
f 739/993/1284 618/890/1200 114/1056/1256
f 689/932/1109 702/1057/131 114/1043/1256
f 702/986/1187 735/1001/1211 799/1058/1285
f 710/1044/1099 711/1003/1257 741/1051/1270
f 742/1059/1286 730/997/1287 713/110/1288
f 742/1059/1286 713/110/1288 740/1055/1283
f 713/110/1288 127/112/1282 740/1055/1283
f 709/1008/1217 701/983/1180 745/1060/1289
f 115/991/1281 739/992/1284 822/1061/1290
f 114/1043/1256 702/1057/131 799/1062/1291
f 711/1003/1257 686/928/1271 741/1051/1270
f 712/1053/1292 121/109/113 754/1063/1293
f 737/1045/1260 136/911/1259 865/1064/1294
f 732/1046/1261 707/981/1177 106/1065/1295
f 743/1066/1296 654/930/1107 677/1047/1262
f 146/187/170 703/988/1192 820/1067/1297
f 749/1068/1298 734/1037/1299 727/1035/1300
f 745/1060/1289 701/983/1180 746/1069/1301
f 746/1069/1301 133/984/1181 798/1070/1302
f 133/984/1181 128/990/1194 798/1070/1302
f 652/886/1060 729/995/1202 748/1071/1303
f 754/1063/1293 121/109/113 126/113/120
f 1049/1072/1304 126/113/1204 730/997/1203
f 703/988/1305 688/931/1278 752/1073/1306
f 708/1048/1307 734/1074/1307 749/1075/1307
f 749/1068/1298 727/1035/1300 750/1021/1308
f 726/1076/1309 734/1077/1309 750/1021/1309
f 722/1029/1268 117/1050/1193 793/1078/1255
f 709/1007/1217 745/1079/1289 753/1080/1310
f 746/1081/1301 798/1082/1302 747/1083/1311
f 834/1084/1312 710/1044/1210 741/1051/1313
f 741/1051/1313 736/946/1132 812/1052/1273
f 729/996/1202 712/1053/1274 748/1085/1303
f 706/980/1314 134/910/1276 737/1045/1260
f 865/1064/1294 136/911/1259 732/1046/1315
f 677/1047/1262 146/187/170 820/1067/1297
f 964/1086/1316 708/1048/1264 749/1075/1317
f 701/983/1180 133/984/1181 746/1069/1301
f 735/1001/1211 710/924/1210 834/1087/1312
f 924/1088/1318 742/1059/1286 740/1055/1283
f 705/1000/1208 706/980/1314 737/1045/1260
f 751/1089/1319 809/1090/1320 647/1091/1172
f 108/1092/1321 139/919/1095 636/921/1058
f 141/815/975 626/723/855 697/1093/1322
f 626/723/855 564/816/976 697/1093/1322
f 697/1093/1322 564/816/976 137/922/1096
f 649/1094/1323 565/793/1154 756/961/1156
f 132/124/132 130/123/127 757/125/1324
f 642/734/867 557/781/902 758/966/1163
f 881/1095/1325 302/872/1115 662/935/1117
f 511/597/667 656/873/1051 643/936/1121
f 882/874/1052 107/917/1091 486/675/789
f 783/970/1326 630/897/1326 762/1096/1326
f 665/939/1123 606/834/1002 644/918/1092
f 789/87/1327 574/809/965 681/954/1146
f 681/954/1146 691/1097/1328 765/1098/1329
f 766/956/1148 529/297/313 693/1099/1330
f 657/786/939 575/739/872 667/941/1125
f 775/1100/1331 576/787/940 623/764/1003
f 471/1101/705 682/1102/1332 767/1103/1126
f 531/766/910 596/788/942 768/1104/1333
f 608/742/875 694/1105/1334 769/1106/1335
f 696/1107/1336 624/811/1127 669/943/1128
f 670/812/972 657/1108/939 669/943/1128
f 576/787/940 775/1100/1331 667/941/1125
f 530/1109/827 531/766/853 768/1104/1337
f 597/789/943 561/722/1093 683/957/1149
f 769/1106/1335 770/790/944 608/742/875
f 541/719/851 777/1110/1338 668/681/1029
f 683/957/1149 632/682/798 770/790/944
f 774/1111/1339 668/681/1029 777/1110/1338
f 471/1101/705 530/1112/827 682/1102/1332
f 772/1113/1340 768/1104/1333 596/788/942
f 623/764/1074 668/681/797 774/1111/1341
f 645/904/1075 767/942/1126 541/720/851
f 608/742/875 695/810/968 694/1105/1334
f 775/1100/1331 623/764/1074 774/1111/1341
f 773/1114/1342 695/810/1171 776/1115/1343
f 776/1115/1343 695/810/1171 771/974/1170
f 771/974/1344 624/811/1127 696/1107/1336
f 669/943/1128 657/1108/939 696/1107/1336
f 777/1110/1338 541/719/851 767/1103/1126
f 596/788/967 597/789/943 782/1116/1345
f 657/786/939 667/941/1125 696/1117/1336
f 782/1116/1345 597/789/943 683/957/1149
f 683/957/1149 770/790/944 769/1106/1335
f 695/810/1346 773/1114/1347 694/1105/1348
f 776/1115/1349 771/974/1344 696/1107/1336
f 682/1102/1332 530/1112/827 780/1118/1350
f 530/1112/827 768/1119/1351 780/1118/1350
f 696/1117/1336 111/1120/1352 776/1121/1349
f 777/1110/1338 767/1103/1126 682/1102/1332
f 111/1120/1353 696/1117/1336 775/1100/1331
f 696/1117/1336 667/941/1125 775/1100/1331
f 768/1119/1354 772/1122/1355 780/1118/1356
f 776/1121/1349 111/1120/1352 773/1123/1357
f 779/1124/1358 111/1120/1353 775/1100/1331
f 772/1113/1359 596/788/967 782/1116/1345
f 779/1124/1358 775/1100/1331 774/1111/1341
f 778/1125/1360 773/1126/1357 111/1127/1352
f 777/1110/1338 682/1102/1332 780/1118/1356
f 780/1118/1356 772/1122/1355 783/1128/1361
f 781/1129/1362 774/1111/1339 777/1110/1338
f 778/1125/1363 111/1127/1353 779/1130/1358
f 779/1124/1358 774/1111/1341 781/1129/1364
f 694/1131/1348 773/1126/1347 784/1132/1365
f 778/1125/1363 779/1130/1358 781/1133/1364
f 782/1116/1345 683/957/1149 769/1106/1335
f 783/1128/1366 772/1122/1359 782/1134/1345
f 769/1106/1335 694/1105/1334 782/1116/1345
f 777/1110/1338 780/1118/1356 781/1129/1362
f 773/1126/1367 778/1125/1367 784/1132/1367
f 782/1135/1345 694/1131/1334 784/1132/1368
f 781/1129/1362 780/1118/1356 783/1128/1361
f 785/1136/1369 783/1128/1366 782/1134/1345
f 781/1137/1362 783/1138/1361 786/950/1370
f 778/1125/1363 781/1133/1364 786/1139/1371
f 783/1138/1361 762/1140/1372 786/950/1370
f 785/1141/1369 782/1135/1345 784/1132/1373
f 784/1132/1374 778/1125/1374 786/1139/1374
f 762/1140/1375 785/1141/1369 784/1132/1373
f 786/950/1370 762/1140/1372 787/1142/1376
f 762/1140/1375 784/1132/1373 787/1142/1377
f 787/1142/1378 630/897/1378 786/950/1378
f 558/761/906 763/900/1071 110/952/1143
f 790/88/1379 789/87/1327 681/954/1146
f 609/835/1094 671/881/1380 818/1143/1381
f 113/1144/1382 737/1045/1260 865/1064/1294
f 103/1145/1383 707/981/1209 738/982/1178
f 688/931/1278 733/1054/1280 752/1073/1306
f 793/1146/1255 728/1147/1216 753/1148/1310
f 728/1006/1216 709/1007/1217 753/1080/1310
f 128/990/1194 822/1061/1290 798/1070/1302
f 822/1061/1290 128/990/1194 115/991/1281
f 822/1149/1290 739/1150/1284 794/1151/1384
f 739/993/1284 114/1056/1256 799/1152/1291
f 741/1051/1313 812/1052/1273 834/1084/1312
f 800/1153/1385 748/1085/1303 712/1053/1274
f 139/919/1095 108/1092/1321 647/976/1172
f 890/977/1173 648/906/913 489/1154/732
f 802/978/1174 650/795/947 129/985/1186
f 650/795/947 685/844/1131 129/985/1186
f 129/1155/1386 702/122/128 132/124/132
f 143/802/1387 629/864/1388 760/1156/1389
f 622/937/1068 643/936/1121 815/1157/1390
f 807/1158/1391 643/936/1121 656/873/1051
f 762/1096/1392 630/897/1392 859/1159/1392
f 859/1159/1393 630/897/1393 784/1132/1393
f 784/1132/1373 630/897/1394 787/1142/1377
f 644/1160/1092 573/901/937 112/1161/1395
f 666/940/1124 574/809/965 789/87/1327
f 765/1162/1329 790/1163/1379 681/1164/1146
f 681/954/1146 692/955/1147 1025/1165/1396
f 657/1108/939 670/812/972 529/1166/313
f 670/878/972 693/1099/1330 529/297/313
f 633/856/1055 634/857/1397 625/880/1054
f 684/958/1152 672/944/1151 791/1167/1398
f 672/944/1129 563/743/876 791/1167/1399
f 673/1168/1400 109/103/107 819/102/106
f 109/103/107 673/1168/1400 635/882/1057
f 865/1064/1294 732/1046/1315 95/1169/1401
f 732/1046/1261 106/1065/1295 95/1169/1402
f 654/930/1107 743/1066/1296 738/982/1179
f 700/889/1263 744/729/861 733/1054/1403
f 661/947/1135 792/1170/1404 588/731/863
f 750/1021/1308 734/1077/1405 793/1078/1406
f 734/1077/1266 722/1029/1268 793/1078/1255
f 745/1171/1407 746/1081/1408 811/1172/1409
f 799/1058/1285 735/1001/1211 834/1087/1312
f 731/1005/1275 705/1000/1208 740/1055/1283
f 737/1045/1260 105/1173/1410 795/1174/1411
f 636/883/1058 141/815/975 697/1093/1322
f 890/1175/1173 489/624/732 535/712/833
f 144/843/946 802/978/1174 801/1176/1077
f 803/1177/1412 132/1178/132 804/1179/1413
f 804/1180/1413 132/124/132 757/125/1324
f 805/1181/1414 757/1182/133 803/1183/1415
f 803/1183/1415 757/1182/133 131/1184/129
f 806/1185/1416 758/966/1163 557/781/902
f 796/934/1113 143/802/1387 814/1186/1417
f 143/802/1387 760/1156/1389 814/1186/1417
f 629/864/1388 655/805/1140 760/1156/1389
f 760/1156/1389 655/805/1140 958/1187/1418
f 958/1187/1418 655/805/1140 881/949/1139
f 785/1188/1419 762/1096/1420 859/1159/1421
f 572/951/1027 110/952/1143 817/1189/1422
f 788/1190/1423 110/952/1143 763/900/1071
f 797/953/1145 592/807/1144 861/1191/1424
f 594/808/964 766/956/1148 832/1192/1425
f 791/1167/1399 563/743/876 610/813/973
f 647/1091/1172 809/1090/1320 864/1193/1426
f 865/1064/1294 809/1090/1320 113/1144/1382
f 809/1090/1320 751/1089/1319 113/1144/1382
f 106/1065/1427 707/981/1209 103/1145/1383
f 752/1073/1428 733/1054/1403 744/729/861
f 749/1068/1298 750/1021/1308 810/1194/1429
f 810/1194/1429 750/1021/1308 793/1078/1406
f 1049/1072/1304 754/1063/1430 126/113/1204
f 740/1055/1283 705/1000/1208 969/1195/1431
f 751/1089/1319 647/1091/1172 76/1196/1432
f 647/976/1172 108/1092/1321 76/1197/1432
f 108/1092/1321 636/921/1058 104/1198/1433
f 890/1199/1173 755/945/1130 553/792/856
f 649/1094/1323 756/961/1156 813/1200/1434
f 803/1183/1435 131/1184/1435 132/1201/1435
f 132/1201/1436 131/1184/1436 129/1202/1436
f 702/121/131 689/1203/1109 131/119/129
f 849/1204/1437 828/1205/1438 758/966/1163
f 649/1206/1439 628/827/1111 679/1207/1164
f 680/1208/1089 358/894/483 605/893/1069
f 605/893/1069 379/674/588 816/1209/1440
f 456/417/457 107/917/1091 882/874/1052
f 663/938/1122 664/877/1053 783/1210/1166
f 783/1128/1441 785/1136/1419 859/1211/1421
f 817/1189/1422 110/952/1143 788/1190/1423
f 573/901/937 135/902/1072 112/1161/1395
f 135/902/1072 607/806/962 797/953/1145
f 592/807/963 593/738/871 690/1212/1442
f 833/1213/1443 635/882/1057 673/1168/1400
f 820/1067/1444 703/988/1305 752/1073/1306
f 661/947/1135 590/755/898 913/1214/1445
f 753/1080/1446 745/1079/1407 866/1215/1447
f 737/1045/1260 969/1195/1431 705/1000/1208
f 737/1045/1260 113/1144/1382 105/1173/1410
f 137/922/1096 755/945/1130 697/1093/1322
f 756/1216/1448 801/1217/1449 824/1218/1450
f 129/1219/1451 131/119/129 689/1203/1109
f 802/1220/1452 827/965/1452 758/966/1452
f 557/781/902 759/1221/1138 806/1185/1416
f 759/948/1138 628/827/992 649/1206/1453
f 829/1222/1454 622/937/1120 815/1157/1455
f 656/873/1051 680/915/1089 807/1158/1391
f 379/674/588 761/916/1090 816/1209/1440
f 359/520/503 899/1223/1456 761/916/1090
f 882/874/1052 486/675/789 858/1224/1457
f 572/951/1458 808/1225/1459 786/971/1460
f 788/1190/1423 763/900/1071 831/1226/1461
f 831/1226/1461 763/900/1071 665/939/1123
f 884/1227/1462 112/1161/1395 135/902/1072
f 690/973/1168 764/903/1073 789/87/87
f 789/87/1327 764/903/1169 495/703/825
f 681/954/1146 1025/1165/1396 691/1097/1328
f 609/835/1094 818/1143/1381 646/905/1076
f 791/1167/1399 610/813/973 962/1228/1463
f 647/976/1172 864/1229/1426 102/960/1153
f 792/1170/1404 661/947/1135 913/1214/1445
f 1047/1230/1464 964/1086/1465 749/1075/1466
f 747/1083/1311 868/1231/1467 746/1081/1301
f 739/1150/1284 799/1232/1291 794/1151/1384
f 835/1233/1468 837/1234/1469 836/1235/1470
f 871/1236/1471 838/1237/1472 869/1238/1473
f 869/1239/1473 838/1240/1472 872/1241/1474
f 838/1242/1472 836/1243/1475 872/1244/1474
f 838/1237/1476 837/1234/1469 835/1233/1468
f 836/1245/1475 838/1237/1472 839/1246/1477
f 838/1237/1476 835/1233/1468 839/1246/1478
f 889/1247/1479 841/1248/1480 842/1249/1481
f 842/1249/1482 841/1248/1483 840/1250/1484
f 843/1251/1485 835/1233/1468 836/1235/1470
f 839/1252/1477 844/1253/1486 1009/1254/1487
f 1009/1255/1487 844/1256/1486 841/1248/1480
f 835/1233/1468 843/1251/1485 839/1246/1478
f 843/1257/1485 840/1250/1484 844/1256/1488
f 840/1250/1484 841/1248/1483 844/1256/1488
f 748/1071/1303 812/1052/1273 652/886/1060
f 845/1258/1489 1049/1072/1490 730/997/1287
f 737/1045/1260 795/1174/1411 969/1195/1431
f 105/1173/1410 113/1144/1382 751/1089/1319
f 108/1092/1321 104/1198/1433 76/1197/1432
f 104/1198/1433 636/921/1058 101/1259/1491
f 697/1093/1322 755/945/1130 890/1199/1173
f 891/1260/1492 658/838/1006 659/858/1032
f 846/1261/1493 756/1216/1448 847/1262/1494
f 847/1262/1494 756/1216/1448 824/1218/1450
f 824/1263/1495 801/1264/1495 848/1265/1495
f 849/1266/1496 802/978/1174 850/1267/1497
f 801/1264/1498 850/1268/1497 851/1269/1499
f 825/1270/1500 802/1271/1501 852/1272/1502
f 802/1273/1501 826/1274/1503 852/1275/1502
f 852/1275/1502 826/1274/1503 853/1276/1504
f 802/978/1505 129/985/1505 827/1277/1505
f 129/1219/1451 689/1203/1109 803/1278/1415
f 827/1279/1506 826/1280/1506 689/1203/1506
f 689/1203/1109 826/1280/1507 854/1281/1508
f 826/1282/1509 802/1220/1509 854/1283/1509
f 853/1284/1510 854/1283/1510 855/1285/1510
f 854/1283/1511 802/1220/1512 855/1285/1513
f 855/1285/1513 802/1220/1512 758/966/1514
f 857/1286/1515 828/1287/1438 850/1267/1516
f 828/1287/1438 849/1266/1437 850/1267/1516
f 801/1176/1077 802/978/1174 849/1266/1496
f 796/969/1113 542/1288/1517 679/967/1164
f 959/1289/1518 882/874/1052 858/1224/1457
f 858/1224/1457 486/675/789 663/938/1519
f 858/1224/1520 663/938/1521 830/1290/1522
f 663/938/1523 783/1210/1441 859/1291/1421
f 860/1292/1524 784/1293/1525 786/971/1526
f 135/902/1072 797/953/1145 902/1294/1527
f 592/807/1144 885/1295/1528 861/1191/1424
f 592/807/963 690/1212/1442 885/1295/1529
f 789/87/1327 495/703/825 666/940/1124
f 692/955/1147 594/808/964 832/1192/1425
f 625/880/1530 634/857/1531 862/1296/1532
f 634/857/1531 646/905/1533 862/1296/1532
f 818/1143/1381 671/881/1380 863/1297/1534
f 671/881/1380 684/958/1535 863/1297/1534
f 610/813/973 635/882/1057 962/1228/1463
f 888/1298/1536 677/1047/1262 820/1067/1297
f 749/1068/1537 810/1194/1538 1048/1299/1539
f 745/1171/1407 811/1172/1409 866/1300/1447
f 822/1149/1290 794/1151/1384 93/1301/1540
f 844/1253/1486 839/1252/1477 870/1302/1541
f 799/1303/1291 843/1257/1485 844/1256/1488
f 844/1253/1486 870/1302/1541 834/1304/1312
f 870/1305/1541 839/1306/1477 869/1307/1473
f 869/1307/1542 839/1306/1542 843/1257/1542
f 799/1232/1291 844/1308/1488 794/1151/1384
f 843/1257/1485 799/1303/1291 869/1307/1543
f 799/1058/1285 834/1087/1312 870/1309/1541
f 871/1236/1544 869/1238/1543 799/1310/1291
f 799/1311/1545 870/1312/1545 100/120/1545
f 870/1312/1541 869/1313/1473 100/120/1546
f 871/1314/1544 799/1311/1291 100/120/130
f 100/1315/1546 869/1239/1473 872/1241/1474
f 838/1237/1476 871/1236/1544 837/1234/1469
f 837/1316/1469 871/1317/1544 872/1244/1547
f 836/1243/1470 837/1316/1469 872/1244/1547
f 871/1314/1544 100/120/130 131/119/129
f 131/1318/129 873/1319/1548 871/1317/1544
f 131/1318/129 130/1320/134 873/1319/1548
f 702/118/128 100/1315/1546 873/116/126
f 100/1315/1546 872/1241/1474 873/116/126
f 872/1244/1547 871/1317/1544 874/1321/103
f 871/1317/1544 873/1319/1548 874/1321/103
f 874/1322/103 873/1323/1548 805/1324/1414
f 757/125/1324 873/1325/126 872/1326/1474
f 805/1324/1414 873/1323/1548 757/1327/133
f 872/1326/1474 874/1328/96 757/125/1324
f 803/1278/1415 689/1203/1109 854/1281/1508
f 854/1281/1508 853/1329/1549 805/1330/1414
f 853/1331/1504 826/1332/1503 804/1333/1413
f 827/1277/1550 129/985/1550 826/1334/1550
f 826/1334/1503 129/985/1551 803/1177/1412
f 826/1334/1503 803/1177/1412 804/1179/1413
f 803/1278/1415 854/1281/1508 805/1330/1414
f 853/1331/1552 804/1333/1552 805/1324/1552
f 757/125/1324 874/1328/96 804/1180/1413
f 874/1335/96 98/1336/104 99/1337/1553
f 804/1333/1413 874/1335/96 99/1337/1553
f 874/1322/103 805/1324/1414 96/91/101
f 805/1324/1554 804/1333/1554 875/1338/1554
f 804/1333/1413 99/1337/1553 875/1338/1555
f 977/92/1556 96/91/101 99/1339/1557
f 855/1340/1558 96/91/101 875/1338/1559
f 96/91/101 805/1324/1414 875/1338/1559
f 853/1276/1504 875/1341/1555 99/1342/1553
f 96/91/101 855/1340/1558 99/1339/1557
f 855/1343/1560 875/1341/1560 853/1276/1560
f 825/1344/1561 852/1345/1562 758/1346/1563
f 856/1347/1564 828/1348/1565 802/1271/1501
f 802/1271/1501 825/1270/1500 876/1349/1566
f 876/1350/1567 825/1344/1567 877/1351/1567
f 825/1344/1568 758/1346/1163 877/1351/1569
f 758/1346/1163 828/1352/1438 877/1351/1569
f 828/1352/1570 856/1353/1570 877/1351/1570
f 877/1351/1571 856/1353/1571 878/1354/1571
f 856/1347/1564 802/1271/1501 876/1349/1566
f 879/1355/1572 878/1356/1573 876/1349/1566
f 877/1351/1574 878/1354/1574 857/1357/1574
f 878/1358/1575 828/1359/1438 857/1360/1515
f 851/1361/1576 880/1362/1577 857/1357/1578
f 850/1268/1579 801/1264/1579 857/1363/1579
f 857/1363/1580 801/1264/1077 849/1364/1496
f 849/1204/1437 758/966/1163 806/1185/1416
f 643/936/1121 807/1158/1391 815/1157/1390
f 359/449/503 882/874/1052 899/1365/1456
f 901/1366/1581 135/902/1072 902/1294/1527
f 693/1099/1330 670/878/972 766/956/1148
f 670/878/972 625/880/1582 766/956/1148
f 766/956/1148 625/880/1582 862/1296/1583
f 863/1297/1534 684/958/1535 886/1367/1584
f 684/958/1152 791/1167/1398 887/1368/1585
f 962/1228/1463 635/882/1057 833/1213/1443
f 109/103/107 102/975/1153 937/104/108
f 912/1369/1586 106/1065/1427 103/1145/1383
f 963/1370/1587 677/1047/1262 888/1298/1536
f 811/1172/1409 746/1081/1408 867/1371/1588
f 798/1070/1302 822/1061/1290 821/1372/1589
f 794/1151/1384 844/1308/1488 94/1373/1590
f 844/1308/1488 842/1374/1482 94/1373/1590
f 842/1375/1591 844/1253/1591 889/1376/1591
f 844/1253/1486 834/1304/1312 889/1376/1592
f 889/1376/1592 834/1304/1312 94/1373/1593
f 730/997/1287 742/1059/1286 923/1377/1594
f 751/1089/1319 76/1196/1432 795/1174/1411
f 104/1198/1433 101/1259/1491 76/1197/1432
f 101/1259/1491 636/921/1058 940/1378/1595
f 649/1379/1596 813/1380/1597 659/858/1032
f 813/1380/1598 756/1381/1599 892/1382/1600
f 892/1382/1600 756/1381/1599 92/1383/1601
f 756/1216/1599 823/1384/1602 92/1385/1601
f 90/1386/1603 823/1387/1604 893/1388/1605
f 823/1384/1602 756/1216/1599 893/1389/1606
f 893/1389/1607 756/1216/1608 894/1390/1609
f 756/1216/1448 895/1391/1610 894/1390/1611
f 895/1391/1610 756/1216/1448 846/1261/1493
f 897/1392/1612 909/1393/1613 846/1261/1493
f 846/1261/1493 847/1262/1494 848/1394/1614
f 848/1265/1614 801/1264/1498 851/1269/1499
f 897/1395/1615 851/1396/1615 896/1397/1615
f 851/1361/1616 857/1357/1616 896/1398/1616
f 896/1398/1617 857/1357/1618 849/1399/1437
f 698/1400/1619 679/967/1619 898/1401/1619
f 679/967/1164 542/1288/1517 898/1401/1620
f 662/1402/1165 622/1403/1120 829/1404/1454
f 663/938/1621 859/1291/1622 900/1405/1623
f 859/1159/1622 784/1132/1624 900/1406/1623
f 860/1292/1524 786/971/1526 808/1225/1625
f 808/1225/1459 572/951/1458 817/1189/1626
f 883/1407/1627 831/1226/1461 665/939/1123
f 112/1161/1395 884/1227/1462 1058/1408/1628
f 950/1409/1629 861/1410/1424 885/1411/1528
f 646/905/1533 818/1143/1630 862/1296/1532
f 102/1412/1153 864/1193/1426 903/1413/1631
f 903/1413/1631 864/1193/1426 904/1414/1632
f 864/1193/1426 809/1090/1320 865/1064/1294
f 73/1415/1633 106/1065/1427 912/1369/1586
f 744/729/861 588/731/863 792/1170/1404
f 793/1146/1406 753/1148/1446 810/1416/1429
f 867/1371/1588 746/1081/1408 868/1231/1634
f 821/1372/1589 822/1061/1290 87/1417/1635
f 87/1417/1635 822/1061/1290 93/1418/1540
f 94/1373/1590 834/1304/1636 794/1151/1384
f 794/1419/1637 834/1084/1312 812/1052/1273
f 105/1173/1410 751/1089/1319 795/1174/1411
f 930/1420/1638 906/1421/1638 907/1422/1638
f 907/1422/1639 906/1421/1639 908/1423/1639
f 905/1424/1640 91/1425/1641 908/1423/1642
f 908/1426/1642 91/1427/1641 957/1428/1643
f 91/1427/1641 90/1386/1603 957/1428/1643
f 90/1386/1603 893/1388/1605 957/1428/1643
f 893/1429/1605 930/1430/1644 957/1431/1643
f 930/1430/1645 846/1432/1493 909/1433/1613
f 846/1261/1493 848/1394/1614 897/1392/1612
f 848/1265/1614 851/1269/1499 897/1434/1612
f 880/1435/1646 897/1395/1647 896/1397/1648
f 849/1399/1437 824/1436/1649 896/1398/1617
f 896/1398/1650 824/1436/1650 848/1437/1650
f 759/948/1138 649/1206/1453 1021/1438/1651
f 933/1439/1652 910/1440/1653 898/1441/1654
f 910/1442/1653 698/1400/1655 898/1401/1654
f 900/1405/1623 784/1293/1624 860/1292/1656
f 862/1296/1532 818/1143/1630 863/1297/1657
f 886/1367/1584 684/958/1535 887/1368/1585
f 903/1413/1631 904/1443/1658 102/1412/1153
f 102/1412/1153 904/1443/1658 911/1444/1659
f 904/1414/1632 864/1193/1426 911/1444/1659
f 963/1370/1660 888/1298/1660 820/1067/1660
f 913/1214/1445 590/755/898 708/1048/1264
f 753/1080/1446 866/1215/1447 952/1445/1661
f 866/1300/1662 811/1172/1663 953/1446/1664
f 84/80/84 798/1070/1302 821/1372/1589
f 794/1419/1637 812/1052/1273 93/1447/1665
f 89/85/85 84/80/84 821/1372/1589
f 836/1448/1475 839/1449/1477 1009/1450/1487
f 1009/1255/1487 841/1248/1480 914/1451/1666
f 914/1451/1666 841/1248/1480 889/1247/1479
f 889/1452/1592 94/1453/1593 812/1454/1667
f 94/1453/1590 93/1455/1668 812/1454/1669
f 812/1454/1273 821/1456/1670 86/1457/1671
f 87/1458/1672 86/1459/82 82/1460/1673
f 86/84/82 83/78/77 82/1461/1673
f 83/78/77 78/71/68 82/1461/1673
f 82/77/75 80/75/72 915/1462/1674
f 915/1462/1674 80/75/72 81/74/71
f 83/78/1675 88/83/1675 915/1463/1675
f 88/1464/1676 84/1465/1677 915/1462/1678
f 84/1465/78 82/77/75 915/1462/1674
f 918/1466/1679 81/1467/76 919/1468/1680
f 81/1467/76 83/1469/77 919/1468/1680
f 919/1468/1681 83/1469/1681 915/1470/1681
f 916/1471/1682 915/1462/1683 918/1472/1684
f 918/1472/1684 915/1462/1683 920/1473/1685
f 915/1462/1686 81/74/1686 920/1473/1686
f 920/1474/1687 81/1467/1687 921/1475/1687
f 81/1467/76 917/1476/1688 921/1475/1689
f 81/1467/76 918/1466/1679 917/1476/1688
f 922/1477/1690 917/1476/1688 918/1466/1679
f 915/1470/1691 916/1478/1692 919/1468/1680
f 916/1479/1692 88/1480/81 939/1481/1693
f 88/1480/81 89/1482/86 939/1481/1693
f 939/1481/1693 89/1482/86 821/1483/1670
f 812/1454/1273 748/1484/1303 821/1456/1670
f 754/1063/1694 800/1153/1385 712/1053/1274
f 940/1378/1595 636/921/1058 1030/1485/1695
f 636/921/1058 697/1486/1322 925/1487/1696
f 697/1486/1322 890/1175/1173 1064/1488/1697
f 91/1427/1641 905/1489/1640 92/1383/1601
f 908/1423/1642 906/1421/1698 905/1424/1640
f 926/1490/1699 906/1491/1698 927/1492/1700
f 906/1491/1698 930/1493/1701 927/1492/1700
f 929/1494/1702 927/1495/1702 930/1496/1702
f 909/1393/1613 897/1392/1612 931/1497/1703
f 897/1395/1647 880/1435/1646 931/1498/1704
f 880/1499/1705 851/1500/1705 931/1501/1705
f 851/1500/1499 850/1267/1497 931/1501/1703
f 931/1501/1703 850/1267/1497 878/1358/1573
f 850/1267/1497 802/978/1174 878/1358/1573
f 802/978/1706 828/1359/1438 878/1358/1575
f 856/1347/1564 876/1349/1566 878/1356/1573
f 879/1502/1707 877/1351/1708 932/1503/1709
f 877/1351/1708 857/1357/1578 932/1503/1709
f 857/1357/1578 880/1362/1577 932/1503/1709
f 928/1504/1710 880/1435/1577 927/1505/1711
f 880/1435/1577 896/1397/1712 927/1505/1711
f 927/1505/1711 896/1397/1712 847/1506/1713
f 896/1398/1712 848/1437/1714 847/1507/1713
f 824/1508/1649 849/1204/1437 806/1185/1416
f 679/1509/1715 698/643/1715 933/1510/1715
f 933/1510/1716 698/643/774 637/884/1059
f 649/1379/1596 659/858/1032 542/725/1717
f 698/840/761 910/1511/1718 542/841/1007
f 910/1511/1718 933/1512/1719 542/841/1007
f 542/841/1720 933/1512/1720 637/1513/1720
f 542/841/1721 637/1513/1722 934/1514/1723
f 637/1513/1722 649/1515/1724 934/1514/1723
f 649/1515/1725 679/1516/1726 934/1514/1727
f 679/1516/1726 933/1439/1728 934/1514/1727
f 934/1514/1727 933/1439/1728 898/1441/1729
f 883/1407/1627 665/939/1123 644/918/1092
f 884/1227/1462 135/902/1072 901/1366/1581
f 797/953/1145 861/1191/1424 902/1294/1527
f 833/1213/1443 673/1168/1400 936/1517/1730
f 819/102/106 937/104/108 1027/1518/1731
f 102/1412/1153 911/1444/1659 1036/1519/1732
f 911/1444/1659 864/1193/1426 1036/1519/1732
f 103/1145/1733 738/982/1179 743/1066/1296
f 1047/1230/1734 749/1075/1735 1048/1520/1736
f 810/1416/1429 753/1148/1446 952/1521/1661
f 811/1172/1663 867/1371/1737 46/1522/1738
f 800/1523/1739 798/1070/1302 84/80/84
f 88/1524/1676 916/1525/1682 954/1526/1740
f 954/1526/1740 916/1525/1682 938/1527/1741
f 916/1525/1682 918/1528/1684 938/1527/1741
f 938/1527/1742 918/1528/1679 919/1529/1680
f 919/1530/1680 916/1479/1692 939/1481/1693
f 76/1197/1432 101/1259/1491 940/1378/1595
f 1030/1485/1695 636/921/1058 925/1487/1696
f 925/1487/1696 697/1486/1322 1064/1488/1697
f 890/1175/1173 535/712/833 658/838/1006
f 892/1382/1600 92/1383/1601 941/1531/1743
f 92/1383/1601 905/1489/1640 941/1531/1743
f 944/1532/1744 905/1533/1744 942/1534/1744
f 942/1535/1745 905/1536/1640 943/1537/1746
f 905/1536/1640 906/1491/1698 943/1537/1746
f 929/1538/1747 943/1537/1746 926/1490/1699
f 943/1537/1746 906/1491/1698 926/1490/1699
f 944/1532/1748 926/1539/1749 907/1422/1750
f 927/1505/1751 846/1432/1752 945/1540/1753
f 846/1432/1493 930/1430/1645 945/1540/1754
f 930/1430/1755 893/1429/1755 945/1540/1755
f 895/1541/1610 846/1542/1493 893/1543/1756
f 893/1429/1757 846/1544/1757 946/1545/1757
f 946/1546/1758 846/1432/1758 927/1505/1758
f 847/1547/1759 824/1508/1649 806/1185/1416
f 806/1185/1760 759/1221/1761 1021/1548/1762
f 934/1514/1763 898/1441/1620 542/841/1517
f 815/1157/1390 807/1158/1391 947/1549/1764
f 830/1290/1765 663/938/1621 900/1405/1623
f 817/1189/1626 788/1190/1766 948/1550/1767
f 75/1551/1768 883/1407/1627 644/918/1092
f 1058/1408/1628 884/1227/1462 949/1552/1769
f 692/955/1147 832/1192/1425 1026/1553/1770
f 791/1167/1398 962/1228/1771 887/1368/1585
f 744/729/861 792/1170/1404 1060/1554/1772
f 866/1215/1662 953/1555/1664 965/1556/1773
f 954/1526/1774 798/1557/1775 800/1558/1385
f 84/1559/1677 88/1524/1676 954/1526/1740
f 919/1530/1680 939/1481/1693 954/1526/1774
f 84/1559/1776 954/1526/1776 939/1481/1776
f 821/1560/1670 748/1085/1303 800/1153/1385
f 845/1258/1489 730/997/1287 1050/1561/1777
f 740/1055/1283 969/1195/1431 924/1088/1318
f 1064/1488/1697 890/1175/1173 74/1562/1778
f 942/1563/1745 892/1382/1600 941/1531/1743
f 941/1531/1779 905/1489/1780 956/1564/1781
f 905/1533/1782 944/1532/1782 956/1565/1782
f 956/1565/1783 944/1532/1748 907/1422/1750
f 907/1422/1750 926/1539/1749 957/1566/1784
f 926/1539/1749 927/1567/1751 957/1566/1784
f 927/1505/1751 945/1540/1753 957/1568/1784
f 945/1540/1785 893/1429/1785 946/1545/1785
f 895/1569/1786 946/1546/1787 847/1506/1713
f 946/1546/1787 927/1505/1711 847/1506/1713
f 542/1288/1517 796/969/1113 814/1570/1417
f 662/1402/1117 829/1404/1788 1022/1571/1789
f 788/1190/1766 831/1226/1790 948/1550/1767
f 949/1552/1769 884/1227/1462 901/1366/1581
f 950/1409/1629 885/1411/1528 960/1572/1791
f 961/1573/1792 885/1295/1792 951/1574/1792
f 961/1575/1793 951/1576/1794 935/1577/1795
f 690/973/1168 789/87/87 935/89/89
f 885/1295/1529 690/1212/1442 951/1574/1796
f 951/1578/1796 690/1579/1442 950/1580/1797
f 935/1577/1795 951/1576/1794 960/1581/1798
f 951/1578/1799 950/1580/1799 960/1582/1799
f 950/1580/1800 690/1579/1800 935/1583/1800
f 960/1572/1791 885/1411/1528 935/1583/1801
f 832/1192/1425 766/956/1148 862/1296/1583
f 962/1228/1463 833/1213/1443 936/1517/1730
f 936/1517/1730 673/1168/1400 819/102/106
f 1147/1584/1802 73/1415/1633 912/1369/1586
f 1038/1585/1803 952/1445/1804 965/1556/1773
f 952/1445/1804 866/1215/1662 965/1556/1773
f 953/1446/1664 811/1172/1663 46/1522/1738
f 954/1526/1740 938/1527/1741 798/1557/1805
f 938/1586/1741 966/1587/1806 66/1588/1807
f 66/1588/1807 966/1587/1806 920/1473/1685
f 966/1587/1806 918/1472/1684 920/1473/1685
f 922/1589/1808 920/1473/1685 70/1590/62
f 67/1591/1809 69/1592/60 967/1593/1810
f 967/1593/1810 69/1592/60 1014/1594/1811
f 69/62/60 68/61/59 1014/1595/1811
f 72/67/64 70/69/66 68/61/1812
f 68/61/1813 70/69/1813 917/1596/1813
f 917/1476/1688 922/1477/1690 69/1597/1814
f 922/1589/1808 70/1590/62 69/1598/67
f 69/1599/60 67/1600/1809 66/1601/1807
f 920/1473/1685 922/1589/1808 66/1588/1807
f 66/1602/1815 922/1477/1690 968/1603/1816
f 922/1477/1690 918/1466/1679 968/1603/1816
f 918/1472/1817 966/1587/1818 968/1604/1819
f 966/1605/1818 938/1606/1820 968/1607/1819
f 938/1608/1742 919/1530/1680 800/1558/1385
f 919/1530/1680 954/1526/1774 800/1558/1385
f 84/80/84 939/1609/1821 800/1523/1739
f 939/1610/1693 821/1560/1670 800/1153/1385
f 955/1611/1822 800/1153/1385 754/1063/1694
f 730/997/1287 923/1377/1594 1050/1561/1777
f 813/1380/1823 892/1382/1824 1052/1612/1825
f 943/1537/1746 929/1538/1747 971/1613/1826
f 971/1613/1826 929/1538/1747 972/1614/1827
f 929/1494/1747 930/1496/1645 972/1615/1827
f 878/1356/1573 879/1355/1572 932/1616/1828
f 932/1617/1709 880/1435/1577 973/1618/1829
f 973/1618/1829 880/1435/1577 928/1504/1710
f 972/1615/1827 930/1496/1645 928/1619/1830
f 928/1619/1830 930/1496/1645 909/1620/1613
f 909/1393/1613 931/1497/1703 932/1621/1828
f 931/1622/1703 878/1356/1573 932/1616/1828
f 879/1623/1707 973/1618/1829 928/1504/1710
f 932/1621/1828 973/1624/1831 909/1393/1613
f 973/1624/1831 879/1625/1572 909/1393/1613
f 909/1393/1613 879/1625/1572 974/1626/1832
f 879/1355/1572 876/1349/1566 974/1627/1832
f 876/1628/1566 852/1275/1502 974/1629/1832
f 852/1275/1502 853/1276/1504 975/1630/90
f 975/1630/90 853/1276/1504 99/1342/1553
f 758/1346/1563 852/1345/1562 855/1631/1558
f 876/1632/1833 877/1633/1833 852/1634/1833
f 852/1634/1562 877/1633/1708 879/1635/1707
f 879/1623/1707 928/1504/1710 976/1636/1834
f 928/1637/1835 909/1638/1613 976/1639/1836
f 909/1638/1613 974/1629/1832 976/1639/1836
f 974/1629/1832 852/1275/1502 975/1630/90
f 99/1342/1557 855/1640/1558 975/1630/1837
f 975/1630/1837 855/1640/1558 879/1635/1707
f 855/1640/1558 852/1634/1562 879/1635/1707
f 879/1641/1707 976/1639/1834 972/1642/1838
f 976/1639/1836 974/1629/1832 972/1642/1827
f 972/1642/1827 974/1629/1832 975/1630/90
f 972/1615/1838 928/1619/1710 65/1643/1839
f 928/1619/1710 927/1644/1711 65/1643/1839
f 65/1643/1839 927/1644/1711 929/1645/1840
f 926/1539/1749 944/1532/1748 929/1646/1840
f 929/1646/1840 944/1532/1748 65/60/1839
f 65/60/1839 944/1532/1748 943/1647/1841
f 98/1648/104 971/1613/1826 972/1614/1827
f 972/1642/1827 975/1630/90 977/1649/92
f 975/1630/1837 879/1635/1707 98/1650/105
f 879/1651/1707 972/1652/1838 65/1653/1839
f 65/60/1839 943/1647/1841 64/55/55
f 943/1647/1841 63/50/53 64/55/55
f 943/1537/1746 971/1613/1826 63/58/50
f 63/58/50 971/1613/1826 65/59/57
f 972/1642/1827 977/1649/92 98/1654/104
f 977/1655/92 99/1337/1553 98/1336/104
f 96/98/99 975/1656/1837 98/101/105
f 879/1651/1707 65/1653/1839 98/1657/105
f 65/1658/57 971/1659/1826 978/1660/1842
f 971/1659/1826 98/1661/104 978/1660/1842
f 978/1660/1842 98/1661/104 979/1662/93
f 98/1657/105 65/1653/1839 979/1663/1843
f 979/1663/1843 65/1653/1839 980/1664/1844
f 65/1653/1839 978/1665/1845 980/1664/1844
f 97/94/97 979/93/1843 984/97/98
f 979/1662/93 981/1666/95 978/1660/1842
f 978/1667/1842 981/99/95 984/97/1846
f 984/1668/98 979/1663/1843 980/1664/1844
f 980/1664/1844 978/1665/1845 982/1669/1847
f 978/1670/1848 983/1671/1849 982/1672/1850
f 983/1671/1851 978/1670/1851 984/1673/1851
f 984/1668/98 980/1664/1844 982/1669/1847
f 982/1672/1850 983/1671/1849 985/1674/1852
f 983/1671/1853 984/1673/1854 985/1674/1855
f 984/1675/98 982/1672/1847 986/1676/1856
f 986/1676/1857 985/1674/1855 988/1677/1858
f 988/1677/1858 985/1674/1855 984/1673/1854
f 982/1672/1847 985/1674/1859 986/1676/1856
f 987/1678/1860 986/1676/1857 988/1677/1858
f 987/1678/1860 988/1677/1858 984/1673/1854
f 989/1679/1861 987/1680/1860 984/1681/1854
f 984/1675/98 986/1676/1856 990/1682/1862
f 990/1682/1862 986/1676/1856 987/1678/1863
f 987/1678/1863 991/1683/1864 59/47/1865
f 991/1683/1866 987/1678/1860 989/1684/1861
f 987/1678/1863 59/47/1865 990/1682/1862
f 993/1685/1867 991/1683/1866 992/1686/1868
f 992/1686/1868 991/1683/1866 989/1684/1861
f 990/1687/1862 59/48/1865 989/1688/1869
f 59/48/1870 992/1689/1870 989/1688/1870
f 994/1690/1871 984/1691/98 993/1692/1872
f 984/1691/98 990/1693/1862 993/1692/1872
f 990/1693/1873 989/1694/1873 993/1692/1873
f 993/1692/1872 992/1689/1874 59/48/48
f 59/47/47 991/1683/1866 58/45/44
f 991/1683/1866 993/1685/1867 58/45/44
f 58/1695/1875 993/1696/1875 989/1679/1875
f 994/1690/1871 993/1692/1872 60/43/46
f 993/1692/1872 59/48/48 60/43/46
f 989/1679/1861 984/1681/1854 58/1695/1876
f 995/1697/1877 984/1681/1877 994/1698/1877
f 994/1690/1871 60/43/46 58/44/42
f 984/1681/1854 995/1697/1878 58/1695/1876
f 994/1690/1871 58/44/42 996/1699/1879
f 995/1697/1880 994/1698/1880 996/1700/1880
f 58/1695/1876 995/1697/1878 997/1701/1881
f 997/1701/1881 995/1697/1878 996/1700/1882
f 997/1701/1881 996/1700/1882 836/1448/1475
f 996/1699/1879 58/44/42 998/1702/1883
f 58/1695/1876 997/1701/1881 998/1703/1884
f 836/1704/1470 996/1705/1879 998/1706/1883
f 997/1701/1881 836/1448/1475 1009/1450/1487
f 812/1454/1885 86/1457/1885 87/1707/1885
f 87/1458/1672 82/1460/1673 1000/1708/1886
f 86/1709/1887 821/1372/1887 85/1710/1887
f 85/1710/79 821/1372/1589 87/1417/1635
f 94/1711/1590 842/1249/1482 999/1712/1888
f 999/1712/1888 842/1249/1482 840/1250/1484
f 843/1257/1485 914/1713/1889 840/1250/1484
f 914/1714/1666 889/1715/1479 999/1716/1890
f 1001/1717/1891 812/1454/1667 87/1707/1892
f 93/1718/1668 94/1719/1590 999/1716/1888
f 889/1452/1592 812/1454/1667 1002/1720/1893
f 1000/1708/1894 1001/1721/1894 1003/1722/1894
f 1003/1722/1895 1001/1721/1895 87/1723/1895
f 87/1417/1635 93/1418/1540 889/1724/1896
f 93/1718/1897 999/1716/1897 889/1715/1897
f 812/1454/1667 1001/1717/1891 1002/1720/1893
f 1000/1708/1886 82/1460/1673 1007/1725/1898
f 85/1726/79 87/1458/1635 1004/1727/1899
f 87/1458/1900 1000/1708/1900 1004/1727/1900
f 1000/1708/1901 1003/1722/1902 1004/1727/1899
f 87/1723/1635 889/1728/1896 1003/1722/1903
f 1003/1729/1904 889/1452/1904 1002/1720/1904
f 79/1730/1905 1002/1731/1905 1007/1732/1905
f 1002/1733/1893 1001/1721/1891 1007/1725/1898
f 1001/1721/1891 1000/1708/1886 1007/1725/1898
f 82/79/75 85/81/79 1007/1734/1906
f 85/1726/79 1004/1727/1899 1007/1735/1906
f 1003/1729/1902 1002/1720/1907 1004/1736/1899
f 1010/1737/1908 1006/1738/1909 1005/1739/1910
f 917/1740/1911 70/1741/62 920/1742/1685
f 917/1476/1912 79/1743/1912 921/1475/1912
f 79/73/70 77/72/69 921/1744/1913
f 921/1744/1914 77/72/73 1005/1745/1915
f 1005/1745/1915 77/72/73 80/75/72
f 80/75/72 78/76/74 1007/1746/1916
f 78/76/68 79/1747/70 1007/1746/1917
f 1007/1748/1906 1004/1749/1899 840/1750/1484
f 1002/1751/1907 999/1752/1888 1004/1749/1899
f 1004/1749/1899 999/1752/1888 840/1750/1484
f 999/1716/1890 1002/1731/1918 914/1714/1666
f 914/1714/1666 1002/1731/1918 840/1750/1919
f 1002/1731/1918 79/1730/1920 840/1750/1919
f 1005/1745/1915 80/75/72 1007/1746/1916
f 840/1750/1919 79/1730/1920 1008/1753/1921
f 1008/1754/1921 79/1755/1920 1005/1756/1922
f 840/1750/1919 1008/1753/1921 1009/1757/1487
f 1008/1754/1923 1005/1756/1915 1007/1758/1916
f 914/1713/1666 1007/1759/1924 1009/1760/1487
f 1007/1748/1906 840/1750/1484 1009/1757/1925
f 914/1713/1889 843/1257/1485 836/1704/1470
f 836/1704/1470 998/1706/1883 1006/1761/1909
f 998/1703/1884 997/1701/1881 1009/1450/1487
f 1008/1762/1926 1007/1759/1926 1010/1763/1926
f 1007/1759/1927 914/1713/1889 1010/1763/1908
f 1010/1763/1908 914/1713/1889 836/1704/1470
f 998/1703/1884 1009/1450/1487 1010/1737/1928
f 1009/1757/1487 1008/1753/1921 1010/1764/1928
f 836/1704/1470 1006/1761/1909 1010/1763/1908
f 1006/1761/1909 998/1706/1883 51/1765/41
f 51/1766/43 998/1703/1884 1010/1737/1928
f 51/1766/43 1005/1739/1922 917/1740/1929
f 1005/1739/1922 79/1767/1920 917/1740/1929
f 71/1768/1930 917/1740/1930 920/1742/1930
f 921/1769/1931 1005/1770/1931 920/1771/1931
f 1005/1770/1910 1006/1772/1909 920/1771/1932
f 1011/64/61 1006/1773/1909 51/1774/41
f 1010/1737/1928 1005/1739/1922 51/1766/43
f 51/1766/43 917/1740/1929 71/1768/65
f 920/1771/1932 1006/1772/1909 71/1775/63
f 71/66/63 1006/1773/1909 1011/64/61
f 50/38/36 1126/1776/37 51/39/41
f 68/61/59 1011/63/61 72/67/1933
f 1011/64/61 51/1774/41 1126/1777/37
f 49/34/39 51/39/43 56/35/35
f 51/39/43 71/1778/65 56/35/35
f 56/35/35 71/1778/65 1012/1779/1934
f 71/1778/65 72/1780/64 1012/1779/1934
f 72/67/1933 1011/63/61 1012/1781/1935
f 1012/1782/1935 1013/1783/1936 68/1784/59
f 68/1784/59 1013/1783/1936 1014/1785/1811
f 1126/1777/37 1013/1786/1936 1011/64/61
f 1013/1783/1936 1012/1782/1935 1011/1787/61
f 1012/1782/1934 68/1784/1937 1015/1788/1938
f 1015/1788/1938 68/1784/1937 1016/1789/1939
f 68/1784/1937 917/1476/1940 1016/1789/1939
f 1016/1789/1939 917/1476/1940 967/1790/1941
f 967/1790/1941 917/1476/1940 1017/1791/1942
f 917/1476/1943 69/1597/1943 1017/1791/1943
f 69/1599/1944 66/1601/1944 1017/1792/1944
f 66/1793/1945 968/1607/1945 1017/1794/1945
f 968/1607/1946 938/1606/1742 1017/1794/1947
f 1017/1794/1947 938/1606/1742 1018/1795/1948
f 800/1796/1385 955/1797/1822 1040/1798/1949
f 970/1799/1950 795/1174/1411 76/1196/1432
f 1064/1488/1697 1030/1485/1695 925/1487/1696
f 74/1562/1778 890/1175/1173 658/838/1006
f 1019/1800/1951 944/1801/1951 942/1563/1951
f 956/1565/1783 907/1422/1750 908/1423/1952
f 930/1420/1644 907/1422/1953 957/1566/1643
f 957/1568/1784 945/1540/1753 908/1802/1952
f 945/1540/1753 946/1545/1787 1020/1803/1954
f 946/1545/1787 895/1541/1786 1020/1803/1954
f 1020/1803/1955 895/1541/1610 893/1543/1756
f 895/1804/1786 847/1547/1713 894/1805/1956
f 847/1547/1713 806/1185/1760 894/1805/1956
f 542/725/1957 1021/1806/1957 649/1379/1957
f 947/1807/1764 807/1808/1391 1023/1809/1958
f 899/1365/1456 882/874/1052 959/1289/1518
f 830/1290/1765 900/1405/1623 1033/1810/1959
f 817/1189/1626 948/1550/1767 808/1225/1459
f 948/1550/1767 831/1226/1790 1076/1811/1960
f 75/1812/1768 644/1160/1092 1058/1408/1628
f 644/1160/1092 112/1161/1395 1058/1408/1628
f 44/1813/1961 935/1577/89 790/1163/88
f 765/1098/1329 691/1097/1328 1059/1814/1962
f 1025/1165/1396 692/955/1147 1026/1553/1770
f 47/1815/1963 937/104/108 102/975/1153
f 106/1065/1295 73/1415/1964 95/1169/1402
f 913/1214/1445 708/1048/1264 964/1086/1316
f 1038/1816/1803 1048/1520/1539 810/1416/1538
f 1071/1817/1965 868/1231/1467 747/1083/1311
f 938/1586/1741 66/1588/1807 798/1818/1805
f 798/1818/1805 66/1588/1807 1018/1819/1966
f 66/1601/1807 67/1600/1809 1018/1820/1966
f 67/1821/1967 967/1790/1941 1017/1791/1942
f 1018/1795/1948 938/1606/1742 1029/1822/1968
f 938/1608/1742 800/1558/1385 1040/1823/1949
f 742/1059/1286 924/1088/1318 923/1377/1594
f 43/1824/1969 969/1195/1431 970/1799/1950
f 969/1195/1431 795/1174/1411 970/1799/1950
f 970/1799/1950 76/1196/1432 940/1825/1595
f 659/858/1032 813/1380/1597 891/1260/1492
f 1031/1826/1970 892/19/1971 1019/18/1972
f 942/1563/1973 941/1531/1779 1019/1800/1974
f 1019/1827/1974 941/1828/1779 1065/1829/1975
f 941/1828/1779 956/1830/1781 1065/1829/1975
f 908/1802/1952 945/1540/1753 92/1831/1976
f 945/1540/1753 1020/1803/1954 92/1831/1976
f 1020/1832/1977 90/1386/1977 92/1383/1977
f 90/1386/1603 91/1427/1641 92/1383/1601
f 90/1386/1978 1020/1832/1978 823/1387/1978
f 893/1389/1607 894/1390/1609 1020/1833/1979
f 542/1288/1517 814/1570/1417 1032/1834/1980
f 935/1583/1801 885/1411/1528 1034/1835/18
f 935/1577/1795 44/1813/1981 961/1575/1793
f 819/102/106 1027/1518/1731 936/1517/1730
f 1027/1518/1731 937/104/108 1081/1836/1982
f 73/1415/1633 1147/1584/1802 38/1837/1983
f 1037/1838/1984 1147/1584/1985 912/1369/1986
f 1046/1839/1987 820/1067/1988 752/1073/1428
f 752/1073/1428 744/729/861 1069/1840/1989
f 1038/1816/1803 810/1416/1538 952/1521/1804
f 747/1083/1311 798/1082/1302 1039/1841/1990
f 1039/1841/1990 798/1082/1302 1029/1842/1991
f 798/1082/1302 1018/1843/1992 1029/1842/1991
f 1029/1822/1968 938/1606/1742 1040/1844/1949
f 924/1088/1318 969/1195/1431 923/1377/1594
f 74/1562/1778 658/838/1006 891/1260/1492
f 1109/1845/1993 892/1846/1993 1106/1847/1993
f 1106/1848/1994 892/19/1971 1031/1826/1970
f 956/1565/1783 908/1423/1952 92/1849/1976
f 823/1850/1995 1020/1833/1995 894/1390/1995
f 829/1222/1454 815/1157/1455 1054/1851/1996
f 680/1208/1089 605/893/1069 807/1808/1391
f 807/1808/1391 605/893/1069 899/1223/1456
f 605/893/1069 816/1209/1440 761/916/1090
f 860/1292/1524 808/1225/1625 1066/1852/1997
f 808/1225/1625 948/1550/1998 1066/1852/1997
f 1076/1811/1960 831/1226/1790 883/1407/1627
f 1078/1853/1999 902/1854/1527 861/1855/1424
f 950/1580/1629 935/1583/1801 1034/1835/18
f 885/1411/1528 961/1856/19 1034/1835/18
f 765/1098/1329 1059/1814/1962 1080/1857/2000
f 886/1367/1584 887/1368/1585 1044/1858/2001
f 887/1368/1585 962/1228/1771 1044/1858/2001
f 962/1228/1771 936/1517/2002 1044/1858/2001
f 102/975/1153 1036/1859/1732 47/1815/1963
f 912/1369/1986 103/1145/1733 743/1066/1296
f 1070/1860/2003 964/1086/1465 1047/1230/1464
f 1029/1822/2004 1040/1844/2004 1039/1861/2004
f 940/1378/1595 1030/1485/1695 1051/1862/2005
f 892/1382/1824 1053/1863/2006 1052/1612/1825
f 892/1382/2007 1041/1864/2008 1053/1863/2009
f 892/1846/2007 1109/1845/2010 1041/1865/2008
f 1106/1848/1994 1031/1826/1970 48/1866/2011
f 48/1866/20 1031/1826/2012 1109/1867/2013
f 1109/1867/2013 1031/1826/2012 1065/1868/1975
f 1031/1826/2012 1019/18/1974 1065/1868/1975
f 1065/1829/1975 956/1830/1781 894/1869/2014
f 956/1830/2015 92/1870/2015 894/1869/2015
f 92/1871/2016 823/1850/2016 894/1390/2016
f 806/1185/1760 1021/1548/1762 894/1805/1956
f 1095/1872/2017 542/1288/1517 1032/1834/1980
f 814/1186/1417 760/1156/2018 958/1187/2019
f 881/1873/1325 662/1402/1117 1022/1571/1789
f 1022/1874/1789 829/1222/1788 1054/1851/2020
f 815/1157/1455 947/1549/2021 1054/1851/1996
f 807/1808/1391 899/1223/1456 1023/1809/1958
f 1023/1809/1958 899/1223/1456 1055/1875/2022
f 899/1365/1456 959/1289/1518 1057/1876/2023
f 858/1224/1520 830/1290/1522 1153/1877/2024
f 1058/1408/1628 1043/1878/2025 75/1812/1768
f 861/1410/1424 950/1409/1629 1078/1879/1999
f 1059/1814/1962 691/1097/1328 1025/1165/1396
f 1025/1165/1396 1024/1880/2026 1059/1814/1962
f 832/1192/1425 862/1296/1583 1035/1881/2027
f 862/1296/1583 863/1297/2028 1035/1881/2027
f 1081/1836/1982 937/104/108 47/1815/1963
f 1036/1519/1732 864/1193/1426 865/1064/1294
f 1075/1882/2029 95/1169/1402 73/1415/1964
f 965/1883/2030 953/1446/2031 1061/1884/2032
f 747/1885/1311 1039/1886/2033 1071/1887/1965
f 1071/1887/1965 1039/1886/2033 67/1600/2034
f 1039/1886/2035 1018/1820/2035 67/1600/2035
f 967/1888/1810 1063/1889/2036 1028/1890/2037
f 67/1891/2038 1017/1794/2038 1028/1892/2038
f 1017/1794/1947 1018/1795/1948 1028/1892/2039
f 1018/1893/1948 1039/1894/2040 1040/1895/1949
f 1064/1488/1697 74/1562/1778 45/1896/2041
f 813/1380/1597 1052/1612/1825 891/1260/1492
f 1021/1806/2042 542/725/1517 1095/1897/2017
f 959/1289/2043 858/1224/1520 1153/1877/2024
f 948/1550/1998 1042/1898/2044 1066/1852/1997
f 1067/1899/2045 883/1407/1627 75/1551/1768
f 1080/1900/2046 44/1813/1961 790/1163/88
f 832/1192/1425 1035/1881/2027 1026/1553/1770
f 1044/1858/2001 936/1517/2002 1045/1901/2047
f 1081/1836/1982 47/1815/1963 1145/1902/2048
f 1037/1838/1984 912/1369/1986 743/1066/1296
f 677/1047/1262 963/1370/1587 1068/1903/2049
f 1046/1839/1987 752/1073/1428 1069/1840/1989
f 1069/1840/1989 744/729/861 1060/1554/1772
f 953/1446/2031 46/1522/2050 1061/1884/2032
f 46/1522/1738 867/1371/1737 1062/1904/2051
f 867/1371/1588 868/1231/1634 1062/1904/2052
f 67/1600/2053 1028/1905/2053 1071/1887/2053
f 1028/1890/2037 1063/1889/2036 1071/1906/2054
f 1071/1906/2055 1063/1889/2055 1072/1907/2055
f 967/1593/1810 1014/1594/1811 1063/1908/2036
f 1014/1594/2056 1015/1909/2056 1016/1910/2056
f 1084/1911/2057 1028/1912/2039 1072/1907/2058
f 1028/1912/2039 1018/1893/1948 1040/1895/1949
f 1073/1913/2059 754/1063/1430 1049/1072/1304
f 970/1799/1950 940/1825/1595 1051/1914/2005
f 1041/1915/2060 1109/1916/2061 1092/1917/2062
f 1092/1917/2063 1109/1916/2013 1065/1918/1975
f 1055/1875/2022 899/1223/1456 1074/1919/2064
f 605/893/1069 761/916/1090 899/1223/1456
f 1056/1920/2065 899/1365/1456 1057/1876/2023
f 1077/1921/2066 75/1922/1768 1043/1923/2025
f 1160/1924/2067 949/1552/1769 1132/1925/2068
f 949/1552/1769 901/1366/1581 902/1294/1527
f 865/1064/1294 95/1169/1401 1075/1882/2069
f 963/1370/2070 820/1067/1988 1046/1839/1987
f 1090/1926/2071 1060/1554/1772 792/1170/1404
f 913/1214/1445 964/1086/1316 1070/1860/2072
f 868/1231/1634 1071/1817/2073 1062/1904/2052
f 1071/1906/2074 1072/1907/2058 1040/1895/1949
f 1072/1907/2058 1028/1912/2039 1040/1895/1949
f 955/1611/2075 754/1063/2076 1073/1913/2077
f 845/1258/1489 1139/1927/2078 1049/1072/1490
f 970/1799/1950 1051/1914/2005 43/1824/1969
f 891/1260/1492 1052/1612/1825 1104/1928/2079
f 1042/1898/2044 948/1550/1998 1076/1811/2080
f 1132/1925/2068 949/1552/1769 902/1294/1527
f 950/1929/1629 1034/15/18 1078/1853/1999
f 961/1575/1793 44/1813/1981 1099/1930/2081
f 790/1163/1379 765/1162/1329 1080/1900/2000
f 863/1297/2028 886/1367/2082 1035/1881/2027
f 36/1931/2083 1060/1554/1772 1090/1926/2071
f 1062/1904/2084 1071/1817/2074 955/1797/1822
f 1071/1817/2074 1040/1798/1949 955/1797/1822
f 1086/1932/2085 969/1195/1431 43/1824/1969
f 42/1933/2086 1052/1612/1825 1053/1863/2006
f 1053/1863/2009 1041/1864/2008 1105/1934/2087
f 1079/1935/2088 899/1365/1456 1056/1920/2065
f 830/1290/1765 1033/1810/1959 1144/1936/2089
f 900/1405/1623 860/1292/1656 1066/1852/2090
f 1076/1811/1960 883/1407/1627 1067/1899/2045
f 75/1922/1768 1077/1921/2066 1067/1937/2045
f 1035/1881/2027 886/1367/2082 1134/1938/2091
f 886/1367/2082 1044/1858/2092 1134/1938/2091
f 936/1517/2002 1027/1518/2093 1045/1901/2047
f 73/1415/1964 38/1837/2094 1075/1882/2029
f 1083/1939/2095 913/1214/1445 1070/1860/2072
f 1072/1940/2096 1063/1941/2096 955/1797/2096
f 1085/1942/2097 1084/1943/2097 1063/1944/2097
f 1084/1945/2098 955/1797/2099 1063/1941/2100
f 1063/1908/2101 1014/1594/2101 1016/1910/2101
f 967/1946/1941 1028/1912/2039 1016/1947/1939
f 1016/1947/1939 1028/1912/2039 1084/1911/2057
f 1072/1948/2058 955/1611/2075 1073/1913/2077
f 1073/1913/2059 1049/1072/1304 1138/1949/2102
f 1049/1072/1490 1139/1927/2078 1138/1949/2102
f 1052/1612/1825 42/1933/2086 1104/1928/2079
f 1095/1950/2017 894/1805/2103 1021/1548/2042
f 1032/1834/1980 814/1570/1417 958/1951/2019
f 1074/1952/2064 899/1365/1456 1079/1935/2088
f 1077/1921/2066 1043/1923/2025 1097/1953/2104
f 1097/1954/2104 1043/1878/2025 1058/1408/1628
f 40/1955/2105 1024/1880/2026 1025/1165/1396
f 1087/1956/2106 1044/1858/2092 1045/1901/2107
f 1100/1957/2108 39/1958/2109 1162/1959/2110
f 1036/1519/1732 865/1064/1294 39/1960/2109
f 1090/1926/2071 792/1170/1404 1082/1961/2111
f 792/1170/1404 913/1214/1445 1082/1961/2111
f 1082/1961/2111 913/1214/1445 1083/1939/2095
f 955/1797/2099 1084/1945/2098 1091/1962/2112
f 1084/1911/2057 1072/1907/2058 1091/1963/2113
f 1072/1948/2058 1073/1913/2077 1091/1964/2113
f 1051/1862/2005 1030/1485/1695 1086/1965/2085
f 1030/1485/1695 1064/1488/1697 45/1896/2041
f 74/1562/1778 891/1260/1492 1104/1928/2079
f 1094/1966/2114 1092/1917/2062 1093/1967/2115
f 1023/1968/2116 1055/1969/2117 1141/1970/2118
f 1097/1954/2104 1058/1408/1628 1098/1971/2119
f 1034/15/18 41/14/17 1078/1853/1999
f 40/1955/2105 1059/1814/1962 1024/1880/2026
f 1134/1938/2091 1044/1858/2092 1087/1956/2106
f 1146/1972/2120 47/1815/1963 1100/1957/2108
f 1100/1957/2108 1036/1859/1732 39/1958/2109
f 865/1064/1294 35/1973/2121 39/1960/2109
f 865/1064/1294 1075/1882/2069 35/1973/2121
f 1147/1584/1985 1037/1838/1984 1187/1974/2122
f 743/1066/1296 677/1047/1262 1037/1838/1984
f 1169/1975/2123 1068/1903/2049 963/1370/1587
f 963/1370/2070 1046/1839/1987 1148/1976/2124
f 1191/1977/2125 1048/1520/1736 1038/1816/2126
f 955/1797/2127 1091/1962/2127 1085/1978/2127
f 1085/1979/2128 1063/1908/2129 1101/1980/2130
f 1101/1980/2130 1063/1908/2129 1102/1981/2131
f 1063/1908/2129 1016/1910/2132 1102/1981/2131
f 1084/1943/2133 1085/1942/2133 1073/1913/2133
f 1085/1942/2134 1091/1964/2113 1073/1913/2077
f 1030/1485/1695 45/1896/2041 1086/1965/2085
f 42/1933/2135 1053/1863/2009 1105/1934/2087
f 1094/1982/2136 42/1983/2135 1105/1984/2087
f 1092/1985/2062 1094/1982/2114 1107/1986/2137
f 1105/1934/2138 1041/1864/2060 1092/1987/2062
f 1105/1988/2138 1092/1985/2062 1107/1986/2137
f 1105/1984/2087 1106/1989/1994 1094/1982/2136
f 1107/1986/2139 1094/1982/2136 1106/1989/1994
f 1107/1986/2137 1108/1990/2140 1105/1988/2138
f 1108/1990/2141 1107/1986/2139 1106/1989/1994
f 1106/1847/2142 1105/1991/2142 1109/1845/2142
f 1105/1991/2138 1108/1992/2140 1109/1845/2013
f 892/1382/1600 942/1563/1745 943/1993/1746
f 944/1801/1748 1019/1800/21 943/1994/1841
f 943/1995/1841 1019/18/21 48/17/20
f 1108/1996/2140 48/17/20 1109/1997/2013
f 943/1995/1841 48/17/20 1108/1996/2140
f 1106/1998/1994 48/17/2011 1110/1999/2143
f 48/17/2144 892/19/2144 1110/1999/2144
f 892/19/1600 943/2000/1746 1110/1999/2145
f 1106/1989/1994 1110/2001/2143 1108/1990/2141
f 1111/2002/2146 1108/2003/2141 37/2004/2147
f 1108/2003/2141 1110/2005/2143 37/2004/2147
f 1110/2005/2145 943/2006/1746 37/2004/2147
f 943/2006/1746 1112/2007/49 37/2004/2147
f 1112/2007/54 943/2006/1841 1111/2008/2148
f 943/2006/1841 1108/2009/2140 1111/2008/2148
f 1111/2002/2146 37/2004/2147 1113/2010/2149
f 37/2004/2147 1112/2007/49 1113/2010/2149
f 1112/2007/49 61/52/51 1113/2010/2149
f 1113/2010/2149 61/52/51 1114/2011/2150
f 62/56/56 1112/49/54 1116/2012/2151
f 1112/2013/54 1111/2014/2148 1114/2015/2152
f 1111/2014/2153 1113/2016/2153 1114/2015/2153
f 61/52/51 62/54/52 1114/2011/2150
f 1116/2017/2151 1112/2013/54 1114/2015/2152
f 1115/2018/2154 62/54/56 1116/2019/2151
f 62/54/52 1115/2018/25 1114/2011/2150
f 53/25/28 54/24/27 1116/2019/2151
f 54/24/2155 1115/2018/2155 1116/2019/2155
f 1114/2020/2150 1115/2021/25 1117/2022/2156
f 1117/2022/2156 1115/2021/25 53/2023/24
f 53/2024/28 1116/2025/2151 1114/2020/2152
f 1118/2026/2157 1114/2020/2157 1117/2022/2157
f 1114/2020/2152 1118/2026/2158 53/2024/28
f 53/2023/28 1118/2027/2158 1124/2028/2159
f 1122/2029/2160 1171/2030/2161 1120/2031/2162
f 1119/2032/2163 1121/2033/2164 1120/2034/2165
f 1122/2035/16 1121/2036/2166 1119/2037/2167
f 1119/2038/2163 1120/2031/2165 1123/2039/2168
f 1120/2031/2165 1171/2030/2169 1123/2039/2168
f 1119/2040/2167 1118/2026/2170 1125/2041/2171
f 1118/2026/2170 1117/2022/2156 1125/2041/2171
f 1117/2022/2156 53/2023/24 1125/2041/2171
f 53/2023/2172 1124/2028/2172 1125/2041/2172
f 1119/2038/2163 1123/2039/2168 1126/2042/2173
f 1122/2043/2174 1126/2042/2174 1123/2039/2174
f 1119/2037/2167 1124/2044/2175 1122/2035/16
f 1119/2040/2167 1125/2041/2171 1124/2028/2175
f 1124/2028/2159 1118/2027/2158 1126/2045/2176
f 1118/2027/2177 1119/2046/2163 1126/2045/2173
f 1122/13/2178 1127/12/2179 1126/1777/37
f 1128/2047/14 1124/2044/2175 1126/2048/33
f 1126/1777/37 1127/12/2179 1137/2049/2180
f 1137/2049/2181 1127/12/15 1128/11/14
f 56/35/35 1012/1779/1934 1126/2050/33
f 1128/11/14 1126/2051/33 1015/2052/1938
f 1126/2053/33 1012/1782/1934 1015/1788/1938
f 1015/2054/2182 1014/2055/2183 1102/1981/2184
f 1102/1981/2184 1016/1910/1939 1129/2056/2185
f 1016/1910/1939 1084/2057/2057 1129/2056/2185
f 1129/2058/2185 1084/1943/2057 1073/1913/2186
f 1050/1561/1777 923/1377/1594 969/1195/1431
f 43/1824/1969 1051/1914/2005 1086/1932/2085
f 45/1896/2041 74/1562/1778 1103/2059/2187
f 74/1562/1778 1104/1928/2079 1103/2059/2187
f 1103/2059/2187 1104/1928/2079 42/1933/2086
f 1065/1829/2188 894/1869/2103 1130/2060/2189
f 1054/1851/1996 947/1549/2021 1131/2061/2190
f 1144/1936/2089 1153/1877/2191 830/1290/1765
f 1042/1898/2044 1076/1811/2080 1183/2062/2192
f 1067/1937/2193 1077/1921/2194 1096/2063/2195
f 1160/1924/2067 1058/1408/1628 949/1552/1769
f 1132/2064/2068 902/1854/1527 1078/1853/1999
f 1059/1814/1962 1133/2065/2196 1080/1857/2000
f 1045/1901/2047 1027/1518/2093 1088/2066/2197
f 1027/1518/2093 1081/1836/2198 1088/2066/2197
f 47/1815/1963 1036/1859/1732 1100/1957/2108
f 38/1837/2094 1186/2067/2199 1075/1882/2029
f 1046/1839/1987 1069/1840/1989 1149/2068/2200
f 1038/1585/2126 965/1556/2030 1182/2069/2201
f 965/1883/2030 1061/1884/2032 1182/2070/2201
f 1062/1904/2202 955/1797/2203 1164/2071/2204
f 955/1797/2203 1085/1978/2128 1164/2071/2204
f 1085/1978/2128 1101/2072/2130 1164/2071/2204
f 1164/2073/2205 1013/1786/2205 1137/2049/2205
f 1102/1981/2131 1014/2055/1811 1101/1980/2130
f 1014/1785/1811 1013/1783/1936 1101/2074/2130
f 1101/2072/2206 1013/2075/2206 1015/2076/2206
f 1015/2054/2182 1102/1981/2184 1129/2056/2185
f 969/1195/1431 1086/1932/2085 1050/1561/1777
f 1094/1966/2136 1121/2033/2166 1157/2077/2207
f 1094/1966/2114 1093/1967/2115 1121/2033/2164
f 1174/2078/2208 1093/1967/2209 1092/1917/2210
f 947/2079/2021 1023/1968/2116 1131/2080/2190
f 1079/1935/2211 1056/1920/2212 1143/2081/2213
f 1057/1876/2214 959/1289/2043 1153/1877/2024
f 1058/1408/1628 1160/1924/2067 1098/1971/2119
f 41/14/17 961/16/19 1155/2082/2215
f 1025/1165/1396 1026/1553/1770 1035/1881/2027
f 39/2083/2216 1089/2084/2217 1162/2085/2110
f 1197/2086/2218 1136/2087/2219 46/1522/2050
f 1062/1904/2051 1164/2071/2220 1151/2088/2221
f 1013/1786/1936 1126/1777/37 1137/2049/2180
f 1128/11/2222 1015/2052/2222 1013/2089/2222
f 1013/1786/2223 1164/2073/2223 1129/2090/2223
f 1164/2071/2224 1101/2072/2224 1129/2091/2224
f 1101/2072/2225 1015/2076/2225 1129/2091/2225
f 1092/1917/2210 1065/1918/2188 1140/2092/2226
f 1130/2060/2189 894/1869/2103 1095/1872/2017
f 1054/1851/2020 1175/2093/2227 1022/1874/1789
f 1141/1970/2118 1055/1969/2117 1152/2094/2228
f 1074/1952/2229 1079/1935/2211 1142/2095/2230
f 1056/1920/2212 1057/1876/2214 1158/2096/2231
f 1158/2096/2231 1057/1876/2214 1153/1877/2024
f 1033/1810/2232 900/1405/1623 1066/1852/2090
f 1154/2097/2233 1067/1899/2234 1096/2098/2235
f 1160/2099/2067 1132/2064/2068 1178/2100/2236
f 1166/2101/2237 1078/1853/1999 41/14/17
f 961/1575/19 1099/1930/2238 1155/2102/2215
f 1035/1881/2027 1134/1938/2091 1025/1165/1396
f 1087/1956/2106 1045/1901/2107 1135/2103/2239
f 35/1973/2240 1075/1882/2029 1195/2104/2241
f 1090/1926/2242 1082/1961/2243 1156/2105/2244
f 1070/1860/2245 1047/1230/2246 1163/2106/2247
f 1128/11/14 1013/2089/2248 1129/2107/2185
f 1073/1913/2186 1137/2108/2181 1129/2058/2185
f 845/1258/1489 1050/1561/1777 1086/1932/2085
f 42/1983/2086 1157/2109/2249 1103/2110/2187
f 1174/2078/2208 1092/1917/2210 1140/2092/2226
f 1065/1829/2188 1130/2060/2189 1140/2111/2226
f 1175/2093/2227 1054/1851/2020 1131/2061/2250
f 1131/2080/2190 1023/1968/2116 1141/1970/2118
f 1076/1811/2080 1067/1899/2234 1154/2097/2233
f 1096/2063/2195 1077/1921/2194 1097/1953/2251
f 1135/2103/2239 1045/1901/2107 1167/2112/2252
f 1088/2066/2197 1081/1836/2198 1161/2113/2253
f 1081/1836/2198 1145/1902/2254 1161/2113/2253
f 47/1815/1963 1146/1972/2120 1145/1902/2048
f 1243/2114/2255 1046/1839/1987 1149/2068/2200
f 1069/1840/1989 1060/1554/1772 1170/2115/2256
f 1060/1554/1772 36/1931/2083 1170/2115/2256
f 1170/2115/2257 36/1931/2258 1150/2116/2259
f 36/1931/2258 1090/1926/2242 1181/2117/2260
f 1181/2117/2260 1090/1926/2242 1156/2105/2244
f 1047/1230/1734 1048/1520/1736 1191/1977/2125
f 46/1522/2050 1136/2087/2219 1061/1884/2032
f 46/1522/1738 1062/1904/2051 1197/2086/2261
f 1128/11/14 1129/2107/2185 1137/2049/2181
f 1094/1982/2136 1157/2109/2207 42/1983/2135
f 1032/1834/1980 958/1951/2019 1022/1571/2262
f 958/1951/2019 881/1873/2263 1022/1571/2262
f 1175/2118/2227 1131/2080/2250 1176/2119/2264
f 1056/1920/2212 1158/2096/2231 1143/2081/2213
f 1066/1852/2090 1042/1898/2265 1159/2120/2266
f 1183/2062/2192 1076/1811/2080 1154/2097/2233
f 1096/2063/2195 1097/1953/2251 1165/2121/2267
f 1178/2100/2236 1132/2064/2068 33/2122/2268
f 44/1813/1981 1234/2123/2269 1099/1930/2081
f 1045/1901/2107 1088/2066/2270 1167/2112/2252
f 1161/2113/2253 1145/1902/2254 1168/2124/2271
f 1162/2085/2110 1089/2084/2217 1185/2125/2272
f 1037/1838/1984 677/1047/1262 1213/2126/2273
f 677/1047/1262 1068/1903/2049 1213/2126/2273
f 963/1370/2274 1148/1976/2274 1169/1975/2274
f 1200/2127/2275 1083/1939/2276 1163/2106/2247
f 1083/1939/2276 1070/1860/2245 1163/2106/2247
f 34/2128/2277 1164/2129/2220 1093/2130/2209
f 1139/1927/2078 845/1258/1489 1086/1932/2085
f 1164/2129/2278 1137/2131/2279 1123/2039/2280
f 1122/2043/2281 1123/2039/2280 1137/2131/2279
f 1137/2132/2282 1073/2133/2283 34/2134/2284
f 1121/2033/2164 1093/1967/2115 1120/2034/2165
f 1164/2129/2285 1123/2039/2168 1171/2030/2169
f 34/2134/2286 1073/2133/2059 1138/2135/2102
f 1172/2136/2287 1122/2035/2288 1120/2137/2165
f 1124/2044/2175 1128/2047/14 1122/2035/16
f 1172/2136/2289 1157/2109/2207 1121/2036/2166
f 1121/2036/2166 1122/2035/16 1172/2136/2289
f 1120/2137/2165 1093/2138/2115 1172/2136/2287
f 1164/2129/2285 1171/2030/2169 1093/2130/2115
f 1171/2030/2161 1122/2029/2160 1137/2139/2282
f 1086/1965/2085 45/1896/2041 1103/2059/2187
f 1093/2130/2115 1171/2030/2169 1172/2140/2287
f 34/2134/2286 1138/2135/2102 1173/2141/2290
f 1139/1927/2078 1086/1932/2085 1103/2142/2187
f 1173/2143/2290 1103/2110/2187 1157/2109/2249
f 1137/2139/2282 34/2144/2284 1174/2145/2291
f 1138/1949/2102 1139/1927/2078 1103/2142/2187
f 1172/2140/2289 1171/2030/2161 1137/2139/2282
f 1138/1949/2102 1103/2142/2187 1173/2146/2290
f 1172/2140/2289 1137/2139/2282 1174/2145/2291
f 1157/2109/2207 1172/2136/2289 1174/2147/2291
f 1174/2147/2292 1173/2143/2292 1157/2109/2292
f 1055/1969/2117 1074/2148/2229 1152/2094/2228
f 1142/2095/2230 1079/1935/2211 1143/2081/2213
f 1184/2149/2293 1098/2150/2119 1177/2151/2294
f 1098/2150/2119 1160/2099/2067 1177/2151/2294
f 1132/2064/2068 1078/1853/1999 33/2122/2268
f 40/1955/2105 1025/1165/1396 1087/1956/2106
f 1025/1165/1396 1134/1938/2091 1087/1956/2106
f 1195/2104/2241 1075/1882/2029 1186/2067/2199
f 1150/2116/2259 36/1931/2258 1181/2117/2260
f 1156/2105/2295 1082/1961/2296 1200/2127/2275
f 1163/2106/2297 1047/1230/1734 1191/1977/2125
f 1197/2086/2261 1062/1904/2051 1151/2088/2221
f 1174/2078/2208 34/2152/2277 1093/1967/2209
f 1142/2095/2298 1143/2081/2299 1203/2153/2300
f 1097/1953/2104 1098/2150/2119 1184/2149/2293
f 1177/2151/2294 1160/2099/2067 1178/2100/2236
f 1179/2154/2301 1155/2102/2215 1099/1930/2238
f 1234/2123/2302 44/1813/1961 1080/1900/2046
f 1080/1857/2000 1133/2065/2196 1180/2155/2303
f 1187/1974/2122 1037/1838/1984 1213/2126/2273
f 1082/1961/2296 1083/1939/2276 1200/2127/2275
f 1151/2088/2221 1164/2071/2220 1197/2086/2261
f 1197/2156/2261 1164/2157/2220 34/2134/2277
f 1140/2111/2304 1130/2060/2304 1095/1872/2304
f 1131/2080/2250 1141/1970/2305 1176/2119/2264
f 1229/2158/2306 1141/1970/2305 1152/2094/2228
f 1152/2094/2228 1074/2148/2229 1202/2159/2307
f 1202/2160/2307 1074/1952/2229 1142/2095/2230
f 1158/2096/2308 1153/1877/2191 1204/2161/2309
f 1153/1877/2191 1144/1936/2089 1204/2161/2309
f 1193/2162/2310 1096/2063/2235 1165/2121/2311
f 1180/2155/2312 1234/2163/2302 1080/1857/2046
f 1147/1584/1985 1187/1974/2122 1230/2164/2313
f 1190/2165/2314 1169/1975/2315 1148/1976/2316
f 1148/1976/2124 1046/1839/1987 1190/2165/2317
f 1176/2119/2264 1141/1970/2305 1229/2158/2306
f 1143/2081/2299 1158/2096/2308 1204/2161/2309
f 1154/2097/2233 1096/2098/2235 1193/2166/2310
f 1165/2121/2267 1097/1953/2251 31/2167/2318
f 1097/1953/2251 1184/2149/2319 31/2167/2318
f 41/14/17 1155/2082/2215 1206/2168/2320
f 1234/2123/2269 1188/2169/2321 1099/1930/2081
f 40/1955/2105 1189/2170/2322 1059/1814/1962
f 40/1955/2105 1087/1956/2106 1135/2103/2239
f 1167/2112/2252 1088/2066/2270 1161/2113/2323
f 39/1960/2216 35/1973/2240 1089/2171/2217
f 35/1973/2240 1195/2104/2241 1208/2172/2324
f 1200/2127/2275 1163/2106/2297 1191/1977/2125
f 1197/2156/2261 34/2134/2277 1173/2141/2325
f 1203/2153/2300 1143/2081/2299 1198/2173/2326
f 1184/2149/2293 1177/2151/2294 1218/2174/2327
f 1078/1853/1999 1166/2101/2237 33/2122/2268
f 1155/2102/2215 1179/2154/2301 30/2175/2328
f 1189/2170/2322 1215/2176/2329 1214/2177/2330
f 1161/2113/2323 1199/2178/2331 1167/2112/2252
f 1185/2125/2332 1194/2179/2333 1207/2180/2334
f 1185/2125/2332 1089/2084/2335 1194/2179/2333
f 1208/2172/2336 1195/2104/2337 1196/2181/2338
f 38/1837/1983 1147/1584/1802 1196/2181/2338
f 1140/2111/2226 1197/2156/2261 1173/2141/2325
f 1173/2141/2325 1174/2182/2208 1140/2111/2226
f 1140/2111/2339 1095/1872/2017 1211/2183/2340
f 1211/2183/2340 1095/1872/2017 1201/2184/2341
f 1095/1872/2017 1032/1834/1980 1201/2184/2341
f 1142/2095/2298 1192/2185/2342 1202/2160/2307
f 1198/2173/2326 1143/2081/2299 1204/2161/2309
f 27/2186/2343 33/2122/2268 1166/2101/2237
f 1166/2101/2237 41/14/17 1206/2168/2320
f 1099/1930/2238 1188/2169/2344 1179/2154/2301
f 1208/2172/2324 1089/2171/2217 35/1973/2240
f 1186/2067/2345 1196/2181/2338 1195/2104/2337
f 1186/2067/2345 38/1837/1983 1196/2181/2338
f 1196/2181/2346 1147/1584/1985 1230/2164/2313
f 1190/2165/2317 1046/1839/1987 1243/2114/2255
f 1149/2068/2200 1069/1840/1989 1170/2115/2256
f 1217/2187/2347 1170/2115/2257 1150/2116/2259
f 1150/2116/2348 1181/2117/2349 1209/2188/2350
f 1210/2189/2351 1181/2117/2352 1156/2105/2295
f 1061/1884/2032 1136/2087/2219 1182/2070/2201
f 1032/1834/1980 1022/1571/2262 1225/2190/2353
f 1193/2162/2310 1165/2121/2311 1205/2191/2354
f 1155/2102/2215 30/2175/2328 1206/2192/2320
f 1133/2065/2196 1059/1814/1962 1189/2170/2322
f 40/1955/2105 1135/2103/2239 1189/2170/2322
f 1199/2178/2331 1161/2113/2323 1168/2124/2355
f 1208/2172/2336 1196/2181/2338 1212/2193/2356
f 1209/2188/2357 1181/2117/2352 1210/2189/2351
f 1210/2189/2351 1156/2105/2295 1200/2127/2275
f 1229/2158/2306 1152/2094/2228 1202/2159/2307
f 1142/2095/2298 1203/2153/2300 1192/2185/2342
f 1165/2121/2311 31/2167/2358 1205/2191/2354
f 1218/2174/2359 31/2167/2318 1184/2149/2319
f 1237/2194/2360 1218/2174/2327 1177/2151/2294
f 1233/2195/2361 1177/2151/2294 1178/2100/2236
f 33/2122/2268 27/2186/2343 1233/2195/2361
f 1133/2065/2196 1228/2196/2362 1180/2155/2303
f 1135/2103/2239 1167/2112/2363 1189/2170/2322
f 1100/1957/2108 1162/1959/2110 1221/2197/2364
f 1380/2198/2365 1162/2085/2110 1185/2125/2272
f 1194/2179/2333 1089/2084/2335 32/2199/2366
f 1231/2200/2367 1149/2068/2200 1170/2115/2256
f 1224/2201/2368 1170/2115/2257 1217/2187/2347
f 1022/1571/2262 1175/2118/2227 1225/2190/2353
f 1175/2118/2227 1176/2119/2264 1229/2158/2306
f 1179/2154/2301 1188/2169/2344 1219/2202/2369
f 1133/2065/2196 1189/2170/2322 1228/2196/2362
f 1189/2170/2322 1214/2177/2330 1220/2203/2370
f 1146/1972/2120 1100/1957/2108 1221/2197/2364
f 1169/1975/2315 1190/2165/2314 1222/2204/2371
f 1190/2165/2372 29/2205/2372 1222/2204/2372
f 1222/2204/2373 29/2206/2374 1223/2207/2375
f 29/2206/2376 28/2208/2376 1223/2207/2376
f 29/2205/2377 1190/2165/2317 1223/2207/2378
f 1217/2187/2379 1150/2116/2348 1209/2188/2350
f 1038/1585/2126 1182/2069/2201 1191/2209/2125
f 1033/1810/2232 1066/1852/2090 1144/1936/2380
f 1159/2120/2266 1042/1898/2265 1183/2062/2381
f 1228/2196/2362 1189/2170/2322 1220/2203/2370
f 1216/2210/2382 1199/2178/2331 1168/2124/2355
f 1169/1975/2383 1222/2204/2373 21/2211/2384
f 1222/2204/2373 1223/2207/2375 21/2211/2384
f 1136/2212/2219 1197/2156/2218 1140/2111/2339
f 1232/2213/2385 1140/2111/2339 1211/2183/2340
f 1183/2062/2381 1154/2097/2233 1193/2166/2310
f 1233/2195/2361 27/2186/2343 1253/2214/2386
f 1180/2155/2303 1228/2196/2362 1227/2215/2387
f 1145/1902/2048 1146/1972/2120 1238/2216/2388
f 1380/2198/2389 1185/2125/2332 1207/2180/2334
f 1089/2171/2335 1208/2172/2336 32/2217/2366
f 1170/2115/2257 1224/2201/2368 1231/2200/2390
f 1136/2212/2219 1140/2111/2339 1232/2213/2385
f 26/2218/2391 1218/2174/2392 1237/2194/2393
f 1233/2195/2361 1178/2100/2236 33/2122/2268
f 1226/2219/2394 27/2186/2343 1166/2101/2237
f 1206/2192/2320 30/2175/2328 1241/2220/2395
f 1219/2221/2369 1188/2222/2344 22/2223/9
f 24/2224/2396 22/2223/2396 1188/2222/2396
f 1215/2176/2329 1189/2170/2322 1199/2178/2397
f 1189/2170/2322 1167/2112/2363 1199/2178/2397
f 1162/1959/2110 1235/2225/2398 1221/2197/2364
f 1235/2226/2398 1162/2227/2110 1380/2228/2365
f 1190/2165/2317 1243/2114/2255 1284/2229/2399
f 1248/2230/2400 1201/2184/2341 1225/2190/2353
f 1201/2184/2341 1032/1834/1980 1225/2190/2353
f 1144/1936/2380 1066/1852/2090 1159/2120/2266
f 1226/2219/2394 1166/2101/2237 1206/2168/2320
f 1214/2177/2330 1215/2176/2329 1242/2231/2401
f 1213/2126/2273 1068/1903/2049 17/2232/2402
f 17/2232/2402 1068/1903/2049 1169/1975/2123
f 1255/2233/2403 1231/2200/2390 1224/2201/2368
f 1210/2189/2351 1200/2127/2275 1191/1977/2125
f 1229/2158/2306 1202/2159/2307 1192/2234/2342
f 18/6/6 26/2218/2391 1237/2194/2393
f 25/2235/2404 30/2175/2328 1179/2154/2301
f 24/2224/13 1188/2222/2321 1245/2236/11
f 1245/2236/11 1188/2222/2321 1234/2237/2269
f 1199/2178/2397 1216/2210/2405 1215/2176/2329
f 1145/1902/2406 1238/2216/2406 1168/2124/2406
f 1146/1972/2120 1221/2197/2364 1238/2216/2388
f 1207/2180/2407 1194/2179/2408 1239/2238/2409
f 32/2217/2366 1208/2172/2336 1212/2193/2356
f 1212/2193/2410 1196/2181/2346 1230/2164/2313
f 1243/2114/2255 1149/2068/2200 1244/2239/2411
f 1244/2239/2411 1149/2068/2200 1231/2200/2367
f 1236/2240/2412 1217/2187/2379 1209/2188/2350
f 1225/2190/2353 1175/2118/2227 1229/2158/2306
f 1205/2191/2354 31/2167/2358 1240/2241/2413
f 1240/2241/2413 31/2167/2358 1218/2174/2414
f 1249/2242/2415 1240/2241/2413 1218/2174/2414
f 1218/2174/2414 26/2218/2391 1249/2242/2415
f 1253/2214/2386 27/2186/2343 1260/2243/2416
f 27/2186/2343 1226/2219/2394 1260/2243/2416
f 30/2175/2328 25/2235/2404 1241/2220/2395
f 1179/2154/2301 1219/2202/2369 25/2235/2404
f 1219/2221/2369 22/2223/9 1245/2244/8
f 1245/2236/11 1234/2237/2269 1250/2245/2417
f 1246/2246/2418 1235/2226/2419 1380/2228/2420
f 1194/2179/2408 32/2199/2421 1282/2247/2422
f 1284/2229/2399 1243/2114/2255 16/2248/2423
f 1255/2233/2424 1224/2201/2425 1247/2249/2426
f 1209/2188/2357 1210/2189/2351 1317/2250/2427
f 1210/2189/2351 1191/1977/2125 1317/2250/2427
f 1256/2251/2428 1191/2252/2125 1182/2070/2201
f 20/2253/2429 1201/2184/2341 1248/2230/2400
f 14/2254/2430 1225/2190/2353 1229/2158/2306
f 1204/2161/2431 1144/1936/2380 1159/2120/2266
f 18/6/2432 1237/2194/2433 1259/2255/2434
f 1219/2221/2369 1245/2244/8 1250/2256/2435
f 1234/2163/2302 1180/2155/2312 1227/2215/2436
f 1251/2257/2437 1227/2215/2387 1228/2196/2362
f 1215/2176/2329 1216/2210/2405 1242/2231/2401
f 1380/2198/2389 1207/2180/2334 1382/2258/2438
f 1212/2193/2410 1230/2164/2313 32/2217/2421
f 21/2211/2439 17/2232/2402 1169/1975/2123
f 1217/2187/2379 1236/2240/2412 1224/2201/2425
f 1252/2259/2440 20/2253/2429 1248/2230/2400
f 26/2218/2391 18/6/6 19/5/5
f 1254/2260/2441 1214/2177/2330 1242/2231/2401
f 1216/2261/2442 1168/2262/2443 1277/2263/2444
f 15/2264/2445 1246/2265/2418 1382/2258/2446
f 1382/2258/2447 1207/2180/2407 1239/2238/2409
f 1263/2266/2448 1243/2114/2255 1244/2239/2411
f 1236/2240/2449 1209/2188/2357 1317/2250/2427
f 1211/2183/2340 1201/2184/2341 20/2253/2429
f 1192/2185/2342 1203/2153/2300 1198/2173/2450
f 1249/2242/2415 26/2218/2391 19/5/5
f 1237/2194/2360 1177/2151/2294 1259/2255/2451
f 1177/2151/2294 1233/2195/2361 1253/2214/2386
f 1241/2220/2395 25/2235/2404 1273/2267/2452
f 1250/2268/2435 25/2235/2404 1219/2202/2369
f 1250/2269/2453 1234/2163/2302 1227/2215/2436
f 1228/2196/2362 1220/2203/2370 1214/2177/2330
f 1258/2270/2454 1168/2262/2455 1238/2271/2456
f 1238/2216/2388 1221/2197/2364 1235/2225/2398
f 1235/2272/2419 1246/2265/2418 15/2264/2445
f 1244/2239/2457 1231/2200/2390 1255/2233/2403
f 1224/2201/2425 1236/2240/2412 1247/2249/2426
f 1232/2213/2385 1211/2183/2340 20/2253/2429
f 19/2273/5 1262/2274/4 1257/2275/2458
f 1251/2257/2459 1250/2269/2453 1227/2215/2436
f 1277/2263/2444 1168/2262/2443 1258/2270/2460
f 1282/2247/2422 32/2199/2421 1230/2276/2313
f 1223/2207/2378 1190/2165/2317 1284/2229/2399
f 1243/2114/2255 1263/2266/2448 16/2248/2423
f 1261/2277/2461 1263/2266/2462 1244/2239/2457
f 1268/3/2463 1244/2239/2457 1255/2233/2403
f 1182/2070/2201 1136/2087/2219 1256/2251/2428
f 20/2253/2429 1269/2278/2464 1232/2213/2385
f 1248/2230/2400 1225/2190/2353 14/2254/2430
f 1262/2274/4 1276/2279/2465 1257/2275/2458
f 1264/2280/2466 1226/2219/2394 1206/2168/2320
f 1273/2267/2452 25/2235/2404 1250/2268/2435
f 1194/2179/2408 1282/2247/2422 1239/2238/2409
f 1296/2281/2467 21/2211/2384 1223/2207/2375
f 1229/2158/2306 1192/2234/2342 1274/2282/2468
f 1274/2283/2468 1192/2185/2342 1198/2173/2450
f 1257/2275/2458 1276/2279/2465 1275/2284/2469
f 1241/2220/2395 1272/2285/2470 1206/2192/2320
f 1228/2196/2362 1214/2177/2330 1254/2260/2441
f 1242/2231/2471 1216/2210/2442 1267/2286/2472
f 1238/2271/2456 1235/2272/2473 1258/2270/2454
f 1258/2270/2474 1235/2272/2419 15/2264/2445
f 1230/2164/2313 1187/1974/2122 1213/2126/2273
f 1317/2250/2427 1247/2249/2475 1236/2240/2449
f 1270/2287/2476 20/2253/2429 1252/2259/2440
f 1248/2230/2400 14/2254/2430 13/2288/2477
f 1159/2289/2266 1193/2162/2310 1274/2282/2468
f 1193/2166/2310 1159/2120/2266 1183/2062/2381
f 1249/2242/2415 19/5/5 1265/2290/2478
f 19/2273/5 1257/2275/2479 1265/2291/2478
f 1286/2292/2480 1262/4/2481 18/6/2432
f 1264/2293/2466 1206/2192/2320 1272/2285/2470
f 1266/2294/2482 1228/2196/2362 1254/2260/2441
f 1267/2295/2472 1216/2261/2442 1277/2263/2444
f 1279/1/1 1255/2233/2424 1247/2249/2426
f 1317/2250/2427 1191/1977/2125 1256/2296/2428
f 1269/2278/2464 20/2253/2429 1270/2287/2476
f 1252/2259/2440 1248/2230/2400 13/2288/2477
f 1240/2241/2413 1249/2242/2415 1271/2297/2483
f 1286/2292/2480 18/6/2432 1259/2255/2434
f 1273/2267/2452 1250/2268/2435 1288/2298/2484
f 12/2299/2485 1250/2268/2453 1251/2300/2459
f 1267/2286/2472 1254/2260/2486 1242/2231/2471
f 1382/2258/2447 1239/2238/2409 15/2264/2487
f 11/2301/2488 17/2232/2402 21/2211/2439
f 1261/2277/2461 1244/2239/2457 1268/3/2463
f 1136/2212/2219 1232/2213/2385 1256/2302/2428
f 1270/2287/2476 1252/2259/2440 1280/2303/2489
f 1229/2158/2306 1274/2282/2468 14/2254/2430
f 1198/2173/2450 1204/2161/2431 1159/2120/2266
f 1205/2191/2354 1240/2241/2413 1193/2162/2310
f 1177/2151/2294 1253/2214/2386 1259/2255/2451
f 1226/2219/2394 1264/2280/2466 1260/2243/2416
f 1303/2304/2490 1254/2260/2486 1267/2286/2472
f 1291/2305/2491 1282/2306/2422 1230/2307/2313
f 11/2301/2488 21/2211/2439 1296/2281/2492
f 1279/1/2493 1247/2249/2475 1317/2250/2427
f 1232/2213/2385 1269/2278/2464 1256/2302/2428
f 1274/2283/2468 1198/2173/2450 1159/2120/2266
f 1294/2308/2494 1275/2284/2469 1276/2279/2465
f 1272/2285/2470 1241/2220/2395 1273/2267/2452
f 1251/2257/2437 1228/2196/2362 1266/2294/2482
f 1258/2270/2460 15/2264/2495 1278/2309/2496
f 1305/2310/2497 1276/2279/2498 1262/2274/2481
f 1286/2292/2480 1259/2255/2451 1253/2214/2386
f 12/2299/2499 1251/2300/2499 1281/2311/2499
f 1268/3/3 1255/2233/2424 1279/1/1
f 1249/2242/2415 1265/2290/2478 1271/2297/2483
f 1303/2312/2500 1267/2295/2501 1289/2313/2502
f 1277/2263/2444 1258/2270/2460 1278/2309/2496
f 1343/2314/2503 1284/2229/2399 16/2248/2423
f 16/2248/2423 1263/2266/2448 1343/2314/2503
f 1343/2314/2503 1263/2266/2448 1292/2315/2504
f 1270/2287/2476 1280/2303/2489 1293/2316/2505
f 1252/2259/2440 13/2288/2477 1287/2317/2506
f 1305/2310/2497 1262/2274/2481 1286/2318/2480
f 1272/2285/2470 1273/2267/2452 1283/2319/2507
f 11/2301/2488 1230/2164/2313 1213/2126/2273
f 17/2232/2402 11/2301/2488 1213/2126/2273
f 1295/2320/2508 11/2301/2488 1296/2281/2492
f 13/2288/2477 14/2254/2430 1287/2317/2506
f 1193/2162/2310 1285/2321/2509 1274/2282/2468
f 1257/2275/2479 1275/2284/2510 1265/2291/2478
f 1294/2308/2511 1276/2279/2498 1305/2310/2497
f 1288/2298/2484 1250/2268/2435 12/2299/2512
f 1292/2315/2513 1263/2266/2462 1297/2322/2514
f 1317/2250/2427 1256/2296/2428 1322/2323/2515
f 1256/2302/2428 1269/2278/2464 1298/2324/2516
f 1280/2303/2489 1252/2259/2440 1287/2317/2506
f 1253/2214/2386 1260/2243/2416 1286/2292/2480
f 1277/2263/2444 1319/2325/2517 1267/2295/2501
f 1278/2309/2518 15/2264/2519 1299/2326/2520
f 1297/2322/2514 1315/2327/2521 1292/2315/2513
f 1297/2322/2514 1263/2266/2462 1261/2277/2461
f 1261/2277/2522 1268/3/3 1300/2/2
f 1287/2317/2506 14/2254/2430 1274/2282/2468
f 1260/2243/2416 1264/2280/2466 1286/2292/2480
f 1266/2294/2523 1254/2260/2486 1303/2304/2490
f 15/2264/2487 1239/2238/2409 1304/2328/2524
f 1290/2329/2525 1282/2306/2422 1291/2305/2491
f 1296/2281/2526 1223/2207/2378 1310/2330/2527
f 1269/2278/2464 1270/2287/2476 1298/2324/2516
f 1293/2316/2505 1280/2303/2489 1287/2317/2506
f 1285/2321/2509 1193/2162/2310 1240/2241/2413
f 1283/2319/2507 1273/2267/2452 1288/2298/2484
f 1266/2331/2482 1281/2311/2528 1251/2300/2437
f 1304/2328/2524 1239/2238/2409 1282/2247/2422
f 1223/2207/2378 1284/2229/2399 1310/2330/2527
f 1308/2332/2529 1261/2277/2522 1300/2/2
f 1322/2333/2515 1256/2302/2428 1307/2334/2530
f 1256/2302/2428 1298/2324/2516 1307/2334/2530
f 1314/2335/2531 1294/2308/2511 1305/2310/2497
f 1306/2336/2532 1283/2319/2507 1288/2298/2484
f 1288/2298/2484 12/2299/2512 1313/2337/2533
f 1289/2313/2502 1267/2295/2501 1319/2325/2517
f 9/2338/2534 15/2264/2519 1304/2328/2535
f 1297/2322/2536 1261/2277/2522 1308/2332/2529
f 1300/2/2537 1279/1/2493 1317/2250/2427
f 1307/2334/2530 1298/2324/2516 1322/2333/2515
f 1314/2335/2531 1305/2310/2497 1302/2339/2538
f 1305/2310/2497 1286/2318/2480 1264/2293/2466
f 12/2299/2512 1281/2311/2539 1313/2337/2533
f 1319/2325/2517 1277/2263/2444 1299/2326/2520
f 1299/2326/2520 15/2264/2519 9/2338/2534
f 1298/2324/2516 1270/2287/2476 1293/2316/2505
f 1287/2317/2506 1274/2282/2468 10/2340/2540
f 1275/2284/2469 1294/2308/2494 1301/2341/2541
f 1314/2335/2531 1301/2341/2542 1294/2308/2511
f 1264/2293/2466 1272/2285/2470 1305/2310/2497
f 1302/2339/2538 1305/2310/2497 1272/2285/2470
f 1306/2336/2532 1288/2298/2484 1312/2342/2543
f 1312/2342/2543 1288/2298/2484 1313/2337/2533
f 1303/2343/2500 1289/2344/2502 1309/2345/2544
f 1277/2263/2444 1278/2309/2496 1299/2326/2520
f 1320/2346/2545 1315/2327/2546 1297/2322/2536
f 1274/2282/2468 1285/2321/2509 10/2340/2540
f 1240/2241/2413 1271/2297/2483 1285/2321/2509
f 1285/2321/2509 1271/2297/2483 1327/2347/2547
f 1275/2284/2469 1301/2341/2541 1311/2348/2548
f 1302/2339/2538 1272/2285/2470 1283/2319/2507
f 1318/2349/2549 1313/2337/2550 1281/2311/2551
f 1266/2331/2523 1303/2350/2490 1281/2311/2552
f 1304/2351/2524 1282/2306/2422 1290/2329/2525
f 1291/2352/2491 1230/2164/2313 11/2301/2488
f 1293/2316/2505 7/2353/2553 1298/2324/2516
f 1287/2317/2506 10/2340/2540 1293/2316/2505
f 1271/2297/2483 1265/2290/2478 1327/2347/2547
f 1265/2290/2478 1275/2354/2510 1325/2355/2554
f 1290/2329/2525 1291/2305/2491 1321/2356/2555
f 1295/2320/2556 1296/2281/2526 1310/2330/2527
f 1320/2346/2545 1297/2322/2536 1308/2332/2529
f 1300/2/2537 1317/2250/2427 1308/2332/2557
f 1293/2316/2505 10/2340/2540 8/2357/2558
f 1318/2349/2559 1281/2311/2552 1303/2350/2490
f 1309/2345/2544 1289/2344/2502 1319/2358/2517
f 1304/2351/2524 1290/2329/2525 1340/2359/2560
f 1316/2360/2561 1290/2329/2525 1321/2356/2555
f 11/2301/2488 1295/2320/2508 1291/2352/2491
f 1298/2324/2516 7/2353/2553 1322/2333/2515
f 10/2340/2540 1285/2321/2509 8/2357/2558
f 1314/2335/2531 1302/2339/2538 1283/2319/2507
f 9/2361/2534 1304/2351/2535 1329/2362/2562
f 1284/2229/2399 1343/2314/2503 1310/2330/2527
f 1323/2363/2563 1306/2336/2532 1312/2342/2543
f 1304/2351/2535 1340/2359/2564 1329/2362/2562
f 1329/2362/2562 1340/2359/2564 5/2364/2565
f 1317/2250/2427 1320/2346/2545 1308/2332/2557
f 1301/2341/2542 1314/2335/2531 1328/2365/2566
f 1314/2335/2531 1283/2319/2507 1306/2336/2532
f 1324/2366/2567 1316/2360/2561 6/2367/2568
f 1316/2360/2561 1321/2356/2555 1330/2368/2569
f 1292/2315/2513 1315/2327/2521 1335/2369/2570
f 1293/2316/2505 8/2357/2558 7/2353/2553
f 1309/2345/2544 1318/2370/2571 1303/2343/2500
f 1340/2359/2560 1290/2329/2525 1333/2371/2572
f 1330/2368/2569 6/2367/2568 1316/2360/2561
f 1292/2315/2504 1335/2369/2573 1343/2314/2503
f 8/2357/2558 1327/2347/2547 7/2353/2553
f 8/2357/2558 1285/2321/2509 1327/2347/2547
f 1314/2335/2531 1306/2336/2532 1323/2363/2563
f 1309/2345/2544 1319/2358/2517 1326/2372/2574
f 1353/2373/2575 1319/2325/2517 1299/2326/2520
f 1315/2327/2546 1320/2346/2545 4/2374/2576
f 3/2375/2577 4/2374/2576 1320/2346/2545
f 1265/2290/2478 1325/2355/2554 1327/2347/2547
f 1275/2354/2510 1311/2376/2578 1325/2355/2554
f 1301/2341/2542 1328/2365/2566 1332/2377/2579
f 1323/2363/2563 1312/2342/2580 1336/2378/2581
f 1299/2326/2520 9/2338/2534 1353/2373/2575
f 1353/2379/2575 9/2361/2534 1329/2362/2582
f 1324/2366/2567 1290/2329/2525 1316/2360/2561
f 1291/2352/2583 1295/2320/2556 1310/2330/2527
f 1315/2327/2546 4/2374/2576 1335/2369/2584
f 1322/2333/2515 7/2353/2553 1327/2347/2547
f 1314/2335/2531 1323/2363/2563 1328/2365/2566
f 1334/2380/2585 1324/2366/2586 6/2367/2587
f 1311/2348/2548 1301/2341/2541 1332/2377/2588
f 1312/2342/2580 1313/2337/2550 1336/2378/2581
f 1331/2381/2589 1318/2370/2589 1337/2382/2589
f 1337/2382/2590 1318/2370/2571 1309/2345/2544
f 1333/2371/2572 1290/2329/2525 1341/2383/2591
f 1342/2384/2592 1290/2329/2525 1324/2366/2567
f 1332/2377/2579 1328/2365/2566 1344/2385/2593
f 1313/2337/2550 1318/2349/2549 1336/2378/2581
f 1326/2372/2574 1319/2358/2517 1353/2379/2575
f 1342/2384/2592 1341/2383/2591 1290/2329/2525
f 1328/2365/2566 1323/2363/2563 1339/2386/2594
f 1339/2386/2594 1323/2363/2563 1336/2378/2581
f 3/2375/2577 1320/2346/2545 1317/2250/2427
f 1309/2345/2544 1326/2372/2574 1337/2382/2590
f 1329/2362/2582 5/2364/2565 1353/2379/2575
f 1354/2387/2595 5/2364/2565 1340/2359/2564
f 1341/2383/2591 1346/2388/2596 1345/2389/2597
f 1347/2390/2598 1346/2388/2598 1342/2384/2598
f 1346/2388/2596 1341/2383/2591 1342/2384/2592
f 6/2367/2599 1330/2368/2600 1334/2380/2601
f 1321/2356/2602 1291/2305/2583 1348/2391/2603
f 1349/2392/2604 1335/2369/2605 1350/2393/2606
f 1335/2369/2584 4/2374/2576 1350/2393/2607
f 1333/2371/2572 1341/2383/2591 1359/2394/2608
f 1359/2394/2609 1341/2383/2609 1352/2395/2609
f 1341/2383/2610 1345/2389/2610 1352/2395/2610
f 1352/2395/2611 1345/2396/2611 1342/2384/2611
f 1345/2396/2612 1346/2397/2612 1342/2384/2612
f 1359/2394/2613 1342/2384/2614 1334/2380/2585
f 1342/2384/2614 1324/2366/2586 1334/2380/2585
f 1291/2352/2583 1310/2330/2527 1348/2398/2603
f 1348/2398/2603 1310/2330/2527 1362/2399/2615
f 1322/2323/2515 1355/2400/2616 1317/2250/2427
f 2/2401/2617 1336/2378/2581 1356/2402/2618
f 1336/2403/2581 1318/2370/2549 1356/2404/2618
f 1356/2404/2618 1318/2370/2549 1331/2381/2619
f 1354/2387/2595 1351/2405/2620 5/2364/2565
f 1352/2395/2621 1342/2384/2621 1359/2394/2621
f 1310/2330/2527 1343/2314/2503 1362/2399/2615
f 1354/2387/2622 1340/2359/2560 1333/2371/2572
f 1330/2368/2600 1321/2356/2602 1334/2380/2601
f 1321/2356/2602 1348/2391/2603 1334/2380/2601
f 4/2374/2576 3/2375/2577 1350/2393/2623
f 3/2375/2577 1317/2250/2427 1355/2400/2616
f 1326/2372/2574 1353/2379/2575 1358/2406/2624
f 1357/2407/2625 3/2375/2577 1355/2400/2616
f 1/2408/2626 1331/2381/2619 1337/2382/2627
f 1337/2382/2590 1326/2372/2574 1358/2406/2624
f 1353/2379/2575 5/2364/2565 1358/2406/2624
f 1343/2314/2503 1335/2369/2573 1349/2392/2604
f 1350/2393/2623 3/2375/2577 1357/2407/2625
f 1327/2347/2547 1325/2355/2554 1322/2333/2515
f 1311/2348/2548 1332/2377/2588 1338/2409/2628
f 2/2401/2617 1339/2386/2629 1336/2378/2581
f 1360/2410/2630 1359/2394/2631 1334/2380/2632
f 1358/2406/2624 5/2364/2565 1351/2405/2620
f 1354/2387/2622 1333/2371/2572 1359/2394/2608
f 1332/2377/2633 1344/2385/2633 1363/2411/2633
f 1344/2385/2634 1328/2365/2566 1339/2386/2594
f 1331/2381/2619 1/2408/2626 1356/2404/2618
f 1361/2412/2635 1351/2405/2636 1354/2387/2637
f 1325/2355/2554 1311/2376/2578 1338/2413/2638
f 1359/2394/2631 1360/2410/2630 1354/2387/2639
f 1322/2333/2515 1325/2355/2554 1355/2414/2616
f 1/2408/2626 1364/2415/2640 1356/2404/2618
f 1355/2414/2616 1325/2355/2554 1338/2413/2638
f 1338/2409/2628 1332/2377/2588 1363/2411/2641
f 1362/2399/2615 1343/2314/2503 1349/2392/2604
f 1349/2392/2604 1350/2393/2606 1362/2399/2615
f 1344/2385/2642 1339/2386/2629 1370/2416/2643
f 1364/2417/2640 2/2401/2617 1356/2402/2618
f 1337/2382/2644 1358/2406/2644 1351/2405/2644
f 1354/2387/2637 1360/2410/2645 1365/2418/2646
f 1357/2407/2625 1355/2400/2616 1368/2419/2647
f 1366/2420/2648 1361/2412/2635 1376/2421/2649
f 1361/2412/2635 1354/2387/2637 1365/2418/2646
f 1362/2422/2615 1374/2423/2650 1348/2391/2603
f 1338/2409/2628 1363/2411/2641 1377/2424/2651
f 1339/2386/2629 2/2401/2617 1370/2416/2643
f 1366/2420/2648 1364/2415/2640 1/2408/2626
f 1361/2412/2635 1337/2382/2652 1351/2405/2636
f 1360/2410/2645 1334/2380/2601 1348/2391/2603
f 1344/2385/2642 1370/2416/2643 1363/2411/2653
f 1370/2416/2654 2/2401/2617 1364/2417/2640
f 1365/2418/2646 1360/2410/2645 1348/2391/2603
f 1/2408/2626 1337/2382/2652 1361/2412/2635
f 1355/2400/2616 1373/2425/2655 1367/2426/2656
f 1355/2427/2616 1338/2409/2638 1373/2428/2655
f 1350/2429/2657 1357/2430/2658 1369/2431/2659
f 1368/2419/2647 1355/2400/2616 1367/2426/2656
f 1361/2412/2635 1366/2420/2648 1/2408/2626
f 1350/2429/2606 1369/2431/2660 1362/2432/2615
f 1376/2421/2649 1361/2412/2635 1365/2418/2646
f 1370/2416/2654 1364/2417/2640 1371/2433/2661
f 1371/2433/2661 1364/2417/2640 1366/2434/2648
f 1379/2435/2662 1365/2418/2646 1348/2391/2603
f 1369/2436/2659 1357/2407/2658 1368/2419/2663
f 1376/2421/2649 1365/2418/2646 1379/2435/2662
f 1377/2424/2651 1363/2411/2641 1372/2437/2664
f 1372/2437/2665 1363/2411/2653 1370/2416/2643
f 1373/2428/2655 1338/2409/2638 1377/2424/2666
f 1379/2435/2662 1348/2391/2603 1374/2423/2650
f 1369/2436/2659 1368/2419/2663 1375/2438/2667
f 1368/2419/2663 1367/2426/2668 1375/2438/2667
f 1372/2437/2665 1370/2416/2643 1371/2433/2661
f 1366/2434/2648 1376/2439/2649 1378/2440/2669
f 1374/2441/2650 1362/2432/2615 1375/2442/2670
f 1362/2432/2615 1369/2431/2660 1375/2442/2670
f 1366/2434/2648 1378/2440/2669 1371/2433/2661
f 1373/2425/2655 1377/2443/2666 1367/2426/2656
f 1375/2438/2667 1367/2426/2668 1380/2444/2671
f 1380/2444/2671 1367/2426/2668 1377/2443/2651
f 1375/2442/2672 1380/2198/2672 1382/2258/2672
f 1380/2228/2671 1377/2424/2651 1381/2445/2673
f 1377/2424/2651 1372/2437/2664 1381/2445/2673
f 1378/2440/2669 1376/2439/2649 1379/2446/2662
f 1381/2445/2674 1372/2437/2665 1371/2433/2661
f 1374/2441/2650 1375/2442/2670 1382/2258/2675
f 1381/2445/2676 1382/2447/2677 1246/2246/2678
f 1246/2246/2678 1380/2228/2679 1381/2445/2676
f 1378/2440/2669 1379/2446/2662 1383/2448/2680
f 1381/2445/2674 1371/2433/2661 1383/2448/2680
f 1383/2448/2680 1371/2433/2661 1378/2440/2669
f 1383/2448/2681 1374/2449/2650 1382/2447/2675
f 1382/2447/2675 1381/2445/2682 1383/2448/2681
f 1379/2446/2662 1374/2449/2650 1383/2448/2681
